index_id,icao24,callsign,origin_country,time_position,last_contact,longitude,latitude,baro_altitude,on_ground,velocity,true_track,vertical_rate,sensors,geo_altitude,squawk,spi,position_source
1,39de4f,TVF55GZ,France,1790931237.0,1790931237,0.7912,46.4961,10607.04,False,229.57,358.07,-5.2,,11041.38,1000,False,0
2,801638,AXB1176,India,1790931236.0,1790931237,86.8145,25.9066,8397.24,False,225.9,78.97,-10.4,,8907.78,0275,False,0
3,39de4b,TVF38ZT,France,1790931237.0,1790931237,-7.5618,38.2435,9433.56,False,230.74,15.12,5.85,,9928.86,2272,False,0
4,aa9321,UAL18,United States,1790931237.0,1790931237,0.6577,48.8479,10363.2,False,232.92,279.92,0.0,,10736.58,5703,False,0
5,39de4c,TVF3458,France,1790931237.0,1790931237,2.8174,48.7639,2735.58,False,149.64,83.49,0.98,,2971.8,7550,False,0
6,39de57,TVF32JE,France,1790931237.0,1790931237,3.3651,48.8223,3291.84,False,165.15,83.56,7.48,,3528.06,0654,False,0
7,488284,SPAWE,Poland,1790931237.0,1790931237,20.4244,52.2552,243.84,False,51.45,269.43,-0.33,,449.58,,False,0
8,39de59,TVF73DJ,France,1790931236.0,1790931236,2.8991,44.148,11902.44,False,219.77,181.74,0.0,,12359.64,1000,False,0
9,39de58,TVF15CC,France,1790931237.0,1790931237,1.4635,48.0884,4160.52,False,163.16,25.19,-5.53,,4434.84,4306,False,0
10,801645,AIC5BE,India,1790930977.0,1790930977,81.5479,23.551,11590.02,False,231.46,310.13,0.0,,12336.78,,False,0
11,801643,AXB1523,India,1790931232.0,1790931233,89.6679,26.4482,9144.0,False,226.05,276.01,-5.85,,9745.98,1124,False,0
12,39de51,TVF99PC,France,1790931236.0,1790931236,23.6001,37.5607,2476.5,False,104.33,36.98,-1.95,,2628.9,0675,False,0
13,80162e,AIC7EF,India,1790931236.0,1790931236,85.3985,24.1221,10675.62,False,245.99,120.27,0.0,,11376.66,6253,False,0
14,39de50,TVF43QR,France,1790931237.0,1790931237,-1.1153,47.5461,11750.04,False,209.36,211.23,1.3,,12131.04,7645,False,0
15,39de53,TVF591U,France,1790931237.0,1790931237,-1.3654,43.6154,11277.6,False,210.39,215.24,0.0,,11727.18,7634,False,0
16,39de55,TVF61HP,France,1790931237.0,1790931237,2.3563,48.7232,,True,5.4,194.06,,,,,False,0
17,39de54,TVF14KM,France,1790931237.0,1790931237,-1.0002,47.3959,9380.22,False,227.13,35.6,-10.4,,9768.84,1000,False,0
18,8744f6,ANA34,Japan,1790931236.0,1790931237,139.9765,35.0511,3063.24,False,124.0,0.95,-5.53,,3230.88,4756,False,0
19,80163d,IGO2747,India,1790931236.0,1790931236,75.1916,30.8988,11574.78,False,244.26,11.05,-0.33,,12199.62,,False,0
20,a53eef,UPS776,United States,1790931236.0,1790931237,-85.9141,38.097,3032.76,False,149.51,337.76,16.58,,3131.82,,False,0
21,801650,AXB241,India,1790931236.0,1790931236,96.5483,14.5113,10972.8,False,233.7,283.88,0.0,,7056.12,,False,0
22,80163f,AIC4LA,India,1790931227.0,1790931234,77.5083,30.0092,5044.44,False,142.64,69.08,-5.53,,5311.14,,False,0
23,ad562a,TAI428,United States,1790931236.0,1790931236,-78.5211,-10.0017,9768.84,False,239.06,332.72,3.58,,10447.02,,False,0
24,80160d,AXB2932,India,1790931237.0,1790931237,83.02,18.0573,11582.4,False,240.96,230.81,0.33,,12313.92,0466,False,0
25,801629,IGO7309,India,1790931076.0,1790931076,88.4411,22.6465,,True,0.64,278.44,,,,2613,False,0
26,39de46,TVF44UJ,France,1790931237.0,1790931237,13.5076,41.833,11894.82,False,238.85,123.76,0.0,,12352.02,1000,False,0
27,39de45,TVF61WA,France,1790931236.0,1790931236,31.3835,33.7918,11277.6,False,251.0,116.67,0.0,,11590.02,0667,False,0
28,a1025a,UPS1096,United States,1790931217.0,1790931217,-74.1672,40.703,,True,14.92,275.62,,,,6652,False,0
29,39de48,TVF12RK,France,1790931236.0,1790931236,5.3637,47.0213,9753.6,False,217.69,309.82,0.0,,10180.32,1000,False,0
30,a4b234,WIS300,United States,1790931236.0,1790931236,-91.6789,43.5155,2407.92,False,102.73,303.77,0.0,,2484.12,,False,0
31,39de49,TVF44TT,France,1790931236.0,1790931236,10.5637,42.7879,7574.28,False,203.94,126.18,-10.4,,8023.86,1000,False,0
32,407a06,EZY48YV,United Kingdom,1790931236.0,1790931236,-15.1907,34.6251,11887.2,False,219.73,213.54,0.0,,12473.94,5406,False,0
33,801632,AKJ1569,India,1790931152.0,1790931154,78.7594,27.5184,7574.28,False,224.42,118.33,3.9,,7993.38,,False,0
34,39de40,TVF21KT,France,1790931236.0,1790931236,-0.2451,45.5891,10355.58,False,224.34,25.68,0.0,,10774.68,1000,False,0
35,407a01,LOG903,United Kingdom,1790931237.0,1790931237,-1.8614,57.728,4168.14,False,130.81,7.68,4.23,,4274.82,,False,0
36,39de44,TVF59JS,France,1790931237.0,1790931237,-4.1722,36.7499,4777.74,False,163.95,11.77,12.35,,5097.78,1404,False,0
37,39de43,TVF1914,France,1790931230.0,1790931230,2.3692,48.7265,,True,0.0,250.31,,,,,False,0
38,511187,MBU1TC,Estonia,1790931236.0,1790931236,16.2457,45.4124,10660.38,False,249.17,147.39,0.0,,11071.86,6413,False,0
39,8a02d6,GIA189,Indonesia,1790931237.0,1790931237,101.2907,1.7955,10668.0,False,228.26,141.04,0.0,,11407.14,,False,0
40,511188,MBU4HW,Estonia,1790931236.0,1790931236,10.4954,45.8394,11582.4,False,231.5,27.82,0.0,,12031.98,1000,False,0
41,aad012,UAL148,United States,1790931236.0,1790931237,-71.2666,37.8793,10972.8,False,244.88,306.63,0.0,,11605.26,,False,0
42,511189,CFG9HL,Estonia,1790931237.0,1790931237,22.3467,38.184,11582.4,False,225.87,328.41,-0.98,,11788.14,2006,False,0
43,8a02d4,GIA317,Indonesia,1790931233.0,1790931235,106.5248,-6.0672,1516.38,False,124.86,247.98,-6.18,,1615.44,,False,0
44,4acb01,NSZ52BQ,Sweden,1790931237.0,1790931237,7.5291,54.8436,11277.6,False,248.9,10.96,0.0,,11536.68,5502,False,0
45,4acb03,NSZ2MP,Sweden,1790931236.0,1790931237,8.7844,44.8115,10126.98,False,237.7,7.59,7.8,,10576.56,1000,False,0
46,4acb02,NSZ3LZ,Sweden,1790931237.0,1790931237,17.9432,59.6426,,True,12.35,239.06,,,,1000,False,0
47,801683,AXB217,India,1790931237.0,1790931237,71.6107,22.8811,11582.4,False,225.9,264.38,-0.33,,12313.92,,False,0
48,801689,AXB1522,India,1790931237.0,1790931237,90.8739,23.3442,5981.7,False,182.42,252.94,10.73,,6316.98,3301,False,0
49,488242,BNI2L,Poland,1790931236.0,1790931236,18.8667,51.8271,518.16,False,48.69,83.33,0.98,,708.66,,False,0
50,4bc8c9,PGT7125,Turkey,1790931237.0,1790931237,18.654,47.1981,10363.2,False,231.26,305.49,0.0,,10759.44,5317,False,0
51,4bc8c5,PGT7112,Turkey,1790931236.0,1790931236,23.0808,43.4085,10058.4,False,223.71,119.63,0.0,,10355.58,7706,False,0
52,4bc8c3,PGT44AN,Turkey,1790931236.0,1790931236,25.9847,44.2433,10111.74,False,231.89,327.23,3.25,,10386.06,5310,False,0
53,4bc8c1,PGT991X,Turkey,1790931237.0,1790931237,26.8741,42.1167,9753.6,False,236.94,285.88,0.0,,9974.58,6351,False,0
54,801680,AXB1386,India,1790930984.0,1790930984,73.8722,15.3885,220.98,False,80.11,259.27,-4.55,,198.12,,False,0
55,4bc8d0,PGT166F,Turkey,1790931236.0,1790931236,28.9208,40.7116,1249.68,False,106.97,49.88,-2.6,,1386.84,,False,0
56,80167c,AXB3UG,India,1790931237.0,1790931237,78.7377,28.1434,6873.24,False,192.88,292.26,-11.38,,7269.48,,False,0
57,e80260,LPE2398,Chile,1790931237.0,1790931237,-57.1973,-34.0593,7437.12,False,218.36,136.72,-10.73,,7635.24,5626,False,0
58,511171,CFG5WP,Estonia,1790931237.0,1790931237,5.8888,43.2969,10965.18,False,230.28,23.01,0.33,,11452.86,1000,False,0
59,801696,VJI563,India,1790931237.0,1790931237,85.4745,22.4267,12496.8,False,227.78,86.63,-0.33,,13266.42,6002,False,0
60,e80267,ARE4903,Chile,1790931237.0,1790931237,-46.752,-22.8216,4876.8,False,177.24,61.58,0.0,,5128.26,,False,0
61,4bc8d9,PGT30DK,Turkey,1790931237.0,1790931237,20.2135,45.4804,10363.2,False,223.78,313.6,0.0,,10728.96,3272,False,0
62,4bc8d4,PGT82GJ,Turkey,1790931236.0,1790931236,23.8921,41.0457,9441.18,False,212.31,109.09,-0.33,,9700.26,,False,0
63,4bc8d2,PGT5BM,Turkey,1790931237.0,1790931237,28.6775,40.7902,6118.86,False,209.95,274.22,5.2,,6309.36,2334,False,0
64,80164a,VTXIB,India,1790931236.0,1790931237,70.6249,22.4474,2590.8,False,61.13,313.64,0.0,,2712.72,,False,0
65,e8025e,LAP1321,Chile,1790931237.0,1790931237,-60.0205,-23.3567,11285.22,False,256.09,126.92,0.0,,11849.1,,False,0
66,80164f,AIC1KB,India,1790931226.0,1790931234,76.7902,29.8744,7536.18,False,218.2,178.51,-7.8,,7947.66,,False,0
67,a35592,JBU454,United States,1790931236.0,1790931236,-90.298,41.2395,10972.8,False,281.62,77.77,0.0,,11437.62,1036,False,0
68,471efa,WMT5353,Hungary,1790931178.0,1790931182,17.4458,42.3763,10660.38,False,219.75,84.22,0.0,,11026.14,,False,0
69,47887e,BNOK,Norway,1790931235.0,1790931236,20.3676,69.7828,4305.3,False,122.62,86.87,3.58,,4472.94,,False,0
70,e80276,LPE2418,Chile,1790931236.0,1790931236,-46.5549,-23.4571,1097.28,False,79.14,74.16,-4.55,,1150.62,,False,0
71,e80278,LPE2933,Chile,1790931225.0,1790931225,-63.3489,-28.5496,11582.4,False,211.46,316.87,0.0,,12039.6,,False,0
72,e80275,LPE2432,Chile,1790931236.0,1790931236,-62.818,-32.2521,10492.74,False,244.1,127.98,-4.88,,10812.78,,False,0
73,44029f,AUA135P,Austria,1790931237.0,1790931237,8.554,47.4567,,True,9.26,275.62,,,,1000,False,0
74,80165c,AXB57K,India,1790931228.0,1790931234,88.4224,22.4514,891.54,False,93.35,7.28,-4.23,,922.02,0270,False,0
75,8744d4,ANA770,Japan,1790931233.0,1790931233,127.6103,26.8325,4648.2,False,208.26,13.28,11.05,,4983.48,,False,0
76,511195,MBU2YJ,Estonia,1790931237.0,1790931237,20.2434,45.1354,10972.8,False,216.69,322.91,-0.33,,11315.7,2231,False,0
77,8a02a5,LNI973,Indonesia,1790931236.0,1790931237,102.8492,0.5859,7505.7,False,237.83,267.89,9.1,,8016.24,2455,False,0
78,e8026a,ARE4908,Chile,1790931236.0,1790931237,-74.2445,4.6823,5615.94,False,190.83,287.9,-5.53,,5989.32,,False,0
79,3932ee,FGMXO,France,1790931237.0,1790931237,1.2801,48.6607,1219.2,False,65.29,279.98,0.33,,1432.56,3403,False,0
80,801669,IGO2453,India,1790931231.0,1790931235,80.8821,26.7649,11879.58,False,239.31,111.44,0.33,,12603.48,,False,0
81,e8027a,LAN543,Chile,1790931236.0,1790931236,-76.9077,-13.5881,11887.2,False,249.63,162.98,-0.33,,12656.82,,False,0
82,ac7cff,SWA4563,United States,1790931237.0,1790931237,-110.2942,34.7217,12496.8,False,252.8,129.72,0.0,,13136.88,,False,0
83,500402,T7ZAM,San Marino,1790931237.0,1790931237,-1.4276,50.859,4556.76,False,186.58,206.71,10.4,,4792.98,6202,False,0
84,adda25,AVA074,United States,1790931235.0,1790931236,-75.96,-6.7562,10668.0,False,233.7,10.27,0.0,,11391.9,,False,0
85,3d3843,DETOD,Germany,1790931237.0,1790931237,11.9519,45.4245,342.9,False,40.52,61.16,-0.98,,525.78,,False,0
86,ac6a65,SWA3452,United States,1790931236.0,1790931236,-122.3939,45.5635,754.38,False,113.01,277.06,-4.55,,777.24,0765,False,0
87,aae1ea,AAL41,United States,1790931164.0,1790931164,2.0823,41.2877,,True,5.4,225.0,,,,,False,0
88,86cfa0,ANA510,Japan,1790931237.0,1790931237,135.6294,34.5821,1371.6,False,104.58,41.61,-3.58,,1485.9,,False,0
89,440248,EJU35TL,Austria,1790931237.0,1790931237,10.0086,50.0722,11590.02,False,222.77,269.34,0.0,,11986.26,1000,False,0
90,3455d8,VOE2010,Spain,1790931237.0,1790931237,3.944,43.6147,624.84,False,73.46,6.03,10.73,,693.42,,False,0
91,3455d9,VOE3VU,Spain,1790931237.0,1790931237,0.5095,48.235,10668.0,False,199.77,237.09,0.0,,11056.62,1000,False,0
92,4acb58,SAS452,Sweden,1790931237.0,1790931237,11.0981,60.2271,182.88,False,69.04,196.0,-3.58,,335.28,0414,False,0
93,3455d5,IBE02CR,Spain,1790931237.0,1790931237,-8.0089,40.7179,11582.4,False,252.16,95.38,0.0,,12062.46,5376,False,0
94,470bc8,FCA1MA,Hungary,1790931237.0,1790931237,16.318,58.2738,9441.18,False,221.11,30.32,-11.38,,9776.46,1000,False,0
95,470bc9,FCA1MB,Hungary,1790931235.0,1790931235,3.606,40.8596,11734.8,False,207.98,201.17,-9.1,,12230.1,1000,False,0
96,a0f4a2,DAL246,United States,1790931237.0,1790931237,-22.625,64.1367,1082.04,False,94.98,127.74,-1.95,,967.74,,False,0
97,a6f23d,DAL2040,United States,1790931237.0,1790931237,-82.9619,28.8309,10660.38,False,250.84,124.05,-0.33,,11353.8,6053,False,0
98,3c5ee8,EWG4DA,Germany,1790931236.0,1790931236,9.4102,51.7629,10629.9,False,217.84,52.29,4.88,,10965.18,3373,False,0
99,3c5ee7,EWG62K,Germany,1790931103.0,1790931129,6.7627,51.2819,-121.92,True,5.4,137.81,,,,1000,False,0
100,4bc8e1,PGT54XN,Turkey,1790931237.0,1790931237,23.1236,45.6219,9753.6,False,243.78,313.8,0.0,,10096.5,1000,False,0
101,e8021c,LTG9830,Chile,1790931237.0,1790931237,-48.2795,-21.0713,10370.82,False,207.76,318.61,0.0,,10942.32,,False,0
102,505dbc,OMM250,Slovakia,1790931236.0,1790931236,17.9217,48.3323,571.5,False,49.7,295.77,,,716.28,,False,0
103,3c5ee9,EWG5UT,Germany,1790931236.0,1790931236,0.3095,43.7198,11582.4,False,243.36,65.66,-0.33,,12009.12,3371,False,0
104,4bc8cf,PGT1042,Turkey,1790931233.0,1790931237,10.0033,53.6337,,True,1.54,84.38,,,,,False,0
105,4bc8cd,PGT23XJ,Turkey,1790931236.0,1790931236,25.9569,42.0864,11277.6,False,223.02,114.97,0.0,,11506.2,4505,False,0
106,4bc8cb,PGT835Z,Turkey,1790931237.0,1790931237,27.5832,41.8916,9799.32,False,235.2,302.4,4.88,,9997.44,5366,False,0
107,4bc8cc,PGT6BT,Turkey,1790931236.0,1790931236,19.9105,46.3634,10340.34,False,227.27,300.92,0.0,,10736.58,5344,False,0
108,4bc8ca,PGT86VU,Turkey,1790931237.0,1790931237,30.6689,36.8443,1851.66,False,108.56,165.17,-6.5,,1950.72,1046,False,0
109,40327f,SYO03,United Kingdom,1790931204.0,1790931204,-0.9033,53.0259,-38.1,False,30.14,242.56,-1.95,,114.3,5071,False,0
110,3d3869,DETPP,Germany,1790931237.0,1790931237,-21.9311,64.0798,1028.7,False,47.67,235.11,5.85,,922.02,,False,0
111,3c5ee4,EWG61W,Germany,1790931237.0,1790931237,8.7289,48.0277,10980.42,False,217.93,15.61,0.0,,11391.9,5546,False,0
112,4bc8e2,PGT27MP,Turkey,1790930982.0,1790930982,8.5516,47.4611,,True,0.39,64.69,,,,2000,False,0
113,3c5ee2,EWG37Y,Germany,1790931237.0,1790931237,15.2444,44.9003,10058.4,False,217.08,150.15,0.0,,10469.88,1000,False,0
114,3c5ef8,EWG1YB,Germany,1790931237.0,1790931237,11.4739,43.2193,10774.68,False,215.1,342.61,7.15,,11239.5,1000,False,0
115,80169d,IGO51C,India,1790931220.0,1790931220,74.2823,14.515,10058.4,False,229.86,146.13,0.0,,10675.62,,False,0
116,3c5ef6,EWG84G,Germany,1790931236.0,1790931237,13.5275,41.2878,11582.4,False,210.11,343.21,0.0,,12031.98,1245,False,0
117,46b82a,AEE710,Greece,1790931236.0,1790931237,4.119,41.116,7536.18,False,218.7,277.98,-7.15,,7978.14,1000,False,0
118,a127bb,UAL1160,United States,1790931237.0,1790931237,-83.1709,40.2401,3063.24,False,159.96,141.4,-2.6,,3169.92,,False,0
119,a34291,UPS712,United States,1790931236.0,1790931237,-85.8901,37.768,5783.58,False,203.27,241.42,15.61,,6050.28,,False,0
120,46b82b,AEE616,Greece,1790931236.0,1790931236,18.8759,40.3423,10370.82,False,224.4,308.58,0.0,,10683.24,2022,False,0
121,440266,OEDLU,Austria,1790931234.0,1790931234,9.4845,42.8333,3215.64,False,81.82,268.56,-3.9,,3482.34,7114,False,0
122,80169c,IGO1155,India,1790931236.0,1790931237,78.8898,27.4856,9852.66,False,258.41,111.61,6.18,,10462.26,,False,0
123,3c5eec,EWG11ZA,Germany,1790931235.0,1790931237,-7.7648,37.0761,2430.78,False,152.54,5.81,17.88,,2567.94,5431,False,0
124,505db8,OMANA,Slovakia,1790931236.0,1790931237,15.2728,53.7223,4587.24,False,77.88,15.32,0.0,,4838.7,,False,0
125,3c5eeb,EWG6VJ,Germany,1790931237.0,1790931237,6.653,44.647,11582.4,False,226.85,13.37,0.0,,12039.6,1061,False,0
126,4bc8da,PGT77FD,Turkey,1790931236.0,1790931237,29.0131,40.4937,1996.44,False,139.81,299.3,-2.93,,2133.6,,False,0
127,3c5eea,EWG3JL,Germany,1790931236.0,1790931236,4.5848,49.2782,9448.8,False,227.96,72.67,0.33,,9829.8,3373,False,0
128,a3428e,AAL1273,United States,1790931237.0,1790931237,-118.7281,38.9965,7399.02,False,215.18,285.53,-12.03,,7848.6,,False,0
129,0d11ed,AMX020,Mexico,1790931035.0,1790931039,-13.8503,42.4699,10363.2,False,241.62,285.31,0.0,,10759.44,3760,False,0
130,3c5ef0,EWG5SK,Germany,1790931237.0,1790931237,15.5332,44.4458,11582.4,False,210.3,332.62,0.0,,12001.5,3725,False,0
131,e48bf8,AZU4393,Brazil,1790931230.0,1790931230,-48.3593,-20.4436,3048.0,False,117.11,184.28,0.0,,3192.78,,False,0
132,3c5ef2,EWG8UC,Germany,1790931236.0,1790931236,9.3354,48.0572,4030.98,False,170.3,16.14,-5.2,,4320.54,7522,False,0
133,478854,SAS944,Norway,1790931237.0,1790931237,8.4076,56.159,11765.28,False,243.55,101.45,-5.2,,12039.6,1405,False,0
134,440219,EJU17TX,Austria,1790931237.0,1790931237,11.9168,51.2758,8854.44,False,215.06,220.05,4.55,,9258.3,1000,False,0
135,8851ec,THA215,Thailand,1790931032.0,1790931032,99.0272,9.1321,7871.46,False,217.63,216.06,-17.23,,9913.62,,False,0
136,440216,OE7166,Austria,1790931237.0,1790931237,14.3313,48.321,342.9,False,33.39,146.31,-1.63,,541.02,7000,False,0
137,46b832,AEE5DL,Greece,1790931237.0,1790931237,11.6935,49.274,10972.8,False,235.06,318.46,-0.33,,11384.28,1000,False,0
138,46b830,AEE933,Greece,1790931237.0,1790931237,23.7207,37.6886,1356.36,False,79.33,37.09,-2.6,,1508.76,1423,False,0
139,46b835,AEE3LK,Greece,1790931236.0,1790931237,24.4521,37.4512,5692.14,False,181.6,270.32,-5.53,,5882.64,7350,False,0
140,851936,JAL669,Japan,1790931237.0,1790931237,136.377,35.0952,7307.58,False,201.46,260.3,0.0,,7696.2,3351,False,0
141,46b833,AEE624,Greece,1790931237.0,1790931237,4.7533,52.4742,701.04,False,92.77,183.5,-5.53,,914.4,1000,False,0
142,44020b,GCK29,Austria,1790931236.0,1790931236,10.9421,44.0528,12192.0,False,222.71,305.6,0.33,,12618.72,2067,False,0
143,44020a,AUA74K,Austria,1790931236.0,1790931236,19.0161,43.3478,10058.4,False,245.57,151.88,0.0,,10416.54,5160,False,0
144,ae61f7,KING05,United States,1790931235.0,1790931236,-149.8109,61.2596,,True,3.6,135.0,,,,,False,0
145,46b838,AEE912,Greece,1790931237.0,1790931237,33.717,34.788,3063.24,False,150.22,90.2,-5.2,,3185.16,7433,False,0
146,440209,EJU86FA,Austria,1790931236.0,1790931236,1.5266,46.1216,10972.8,False,243.85,90.12,0.0,,11407.14,1000,False,0
147,a6189c,GTI038,United States,1790931233.0,1790931233,-72.1373,-3.9328,12192.0,False,237.7,276.59,0.0,,12969.24,,False,0
148,8851e7,THA111,Thailand,1790931237.0,1790931237,99.5199,17.6346,9486.9,False,234.77,162.4,7.8,,10096.5,4443,False,0
149,46b824,AEE9W,Greece,1790931237.0,1790931237,12.4648,48.6649,10972.8,False,232.85,319.66,0.33,,11399.52,1000,False,0
150,46b825,AEE5CO,Greece,1790931236.0,1790931236,15.5961,39.9893,11285.22,False,242.64,114.55,0.0,,11696.7,,False,0
151,46b822,AEE6PX,Greece,1790931236.0,1790931236,9.224,45.5176,4198.62,False,181.78,123.69,11.38,,4495.8,0427,False,0
152,46b828,AEE6AV,Greece,1790931237.0,1790931237,8.4652,47.2413,10370.82,False,223.88,304.42,0.0,,10805.16,7512,False,0
153,a114ed,UPS1478,United States,1790931237.0,1790931237,-84.5268,41.9031,5303.52,False,226.59,30.12,-11.05,,5501.64,,False,0
154,46b826,AEE991,Greece,1790931223.0,1790931223,23.9472,37.9337,,True,4.89,264.38,,,,2354,False,0
155,440237,EJU78XZ,Austria,1790931237.0,1790931237,7.3815,47.5275,1592.58,False,143.13,256.91,13.66,,1805.94,6734,False,0
156,48d0cc,SPWGM,Poland,1790931237.0,1790931237,19.8266,51.8773,464.82,False,82.83,27.36,-0.33,,662.94,,False,0
157,ab6fbf,DAL33,United States,1790931237.0,1790931237,-5.138,50.8764,9144.0,False,223.79,270.53,0.0,,9410.7,4466,False,0
158,0800fb,5HZHR,United Republic of Tanzania,1790931236.0,1790931236,36.9497,-1.3197,1798.32,False,60.11,150.8,2.6,,1905.0,,False,0
159,4acb5a,SAS841,Sweden,1790931236.0,1790931237,10.2378,58.9325,9944.1,False,200.58,190.79,5.2,,10226.04,,False,0
160,44022d,AUA362M,Austria,1790931236.0,1790931236,7.3851,49.8219,10668.0,False,245.09,74.91,0.0,,11071.86,1000,False,0
161,44022b,AUA374V,Austria,1790931237.0,1790931237,13.9542,46.7942,10226.04,False,234.27,67.26,-4.88,,10668.0,1000,False,0
162,47880f,NOZ2FH,Norway,1790931237.0,1790931237,19.478,69.0947,9860.28,False,253.31,46.81,-15.28,,10149.84,,False,0
163,0d11b3,XAVHZ,Mexico,1790931237.0,1790931237,-121.9207,37.3544,30.48,False,28.8,318.62,0.33,,-15.24,,False,0
164,0d11b4,MXA1205,Mexico,1790931227.0,1790931227,-114.3193,31.0653,10675.62,False,251.79,126.19,0.98,,11300.46,,False,0
165,440224,EJU12MG,Austria,1790931236.0,1790931236,1.9094,46.063,10660.38,False,245.61,87.6,0.98,,11094.72,1000,False,0
166,86260b,JA634P,Japan,1790931185.0,1790931185,139.0967,36.3484,518.16,False,46.77,140.36,3.25,,586.74,,False,0
167,a091fd,FDX1748,United States,1790931237.0,1790931237,-89.9235,39.1591,10370.82,False,209.87,251.12,0.0,,10904.22,6642,False,0
168,8014a3,IGO371H,India,1790931107.0,1790931112,92.3494,24.1366,8534.4,False,227.57,62.39,-12.68,,9083.04,1426,False,0
169,aa07f9,UAL1328,United States,1790931237.0,1790931237,-104.1185,40.1772,10668.0,False,245.81,68.64,0.0,,11224.26,6570,False,0
170,a4d7dc,AVA153,United States,1790931237.0,1790931237,-73.5963,40.4067,3055.62,False,158.8,137.89,8.78,,3185.16,7160,False,0
171,a0e1e8,N156QS,United States,1790931221.0,1790931221,-160.6658,18.4892,13716.0,False,258.75,60.33,0.0,,14523.72,,False,0
172,885226,THA669,Thailand,1790931237.0,1790931237,113.12,22.9394,5394.96,False,199.05,148.53,-0.33,,5737.86,,False,0
173,87455c,ANA71,Japan,1790931088.0,1790931088,141.699,42.7476,129.54,False,75.23,352.53,-4.23,,144.78,3345,False,0
174,343194,VLG27FJ,Spain,1790931237.0,1790931237,-0.575,38.4544,3307.08,False,168.51,316.86,4.55,,3589.02,,False,0
175,ab5d2c,DAL141,United States,1790931237.0,1790931237,-6.203,52.7945,9753.6,False,222.21,291.46,-0.33,,9944.1,4423,False,0
176,a3a4de,N334CA,United States,1790931237.0,1790931237,-4.3197,56.758,4572.0,False,150.48,71.87,0.33,,4686.3,7750,False,0
177,8014ad,IGO6147,India,1790931216.0,1790931228,76.9397,9.6019,7871.46,False,223.36,4.23,6.83,,8321.04,,False,0
178,a4c4bb,UPS1124,United States,1790931236.0,1790931236,-85.6671,38.0607,1775.46,False,143.33,134.71,12.35,,1813.56,,False,0
179,8a0490,BTK6886,Indonesia,1790931235.0,1790931235,106.343,-5.6318,3924.3,False,192.18,310.98,12.03,,4183.38,,False,0
180,3d124c,OCO113V,Germany,1790931237.0,1790931237,3.1406,51.3625,1051.56,False,45.56,244.59,0.65,,1264.92,2000,False,0
181,4aca82,NSZ4378,Sweden,1790931237.0,1790931237,13.7685,53.1025,11277.6,False,247.24,24.59,0.0,,11666.22,1000,False,0
182,4aca84,NSZ2900,Sweden,1790931237.0,1790931237,14.4819,53.0833,10972.8,False,224.48,209.97,0.0,,11369.04,6514,False,0
183,4aca85,NSZ8GH,Sweden,1790931037.0,1790931037,17.929,59.6513,,True,0.0,205.31,,,,0421,False,0
184,ab5d52,DAL47,United States,1790931237.0,1790931237,-0.4523,53.3511,10363.2,False,221.16,281.0,0.0,,10591.8,2135,False,0
185,4aca88,NSZ2620,Sweden,1790931236.0,1790931236,14.8425,50.8048,4892.04,False,188.92,194.83,-11.05,,5227.32,1000,False,0
186,c81d7e,ANZ284,New Zealand,1790931237.0,1790931237,104.0041,1.4122,259.08,False,76.06,203.1,-3.58,,274.32,0261,False,0
187,ab14d9,DAL769,United States,1790931236.0,1790931237,-94.2447,35.9128,10668.0,False,249.94,103.21,0.0,,11277.6,,False,0
188,4aca90,NSZ6BG,Sweden,1790931237.0,1790931237,-2.5923,49.3308,10058.4,False,221.95,204.37,0.0,,10401.3,5244,False,0
189,4aca92,NOZ4DE,Sweden,1790931236.0,1790931236,5.4901,58.2411,5806.44,False,181.25,189.97,9.43,,5989.32,,False,0
190,4aca94,NSZ5720,Sweden,1790931104.0,1790931118,-12.3284,33.2385,10363.2,False,235.69,22.59,0.0,,10942.32,,False,0
191,4aca98,NSZ5085,Sweden,1790931237.0,1790931237,8.1067,55.6593,5669.28,False,191.8,258.24,8.13,,5897.88,2202,False,0
192,34448d,IBS16DA,Spain,1790931237.0,1790931237,1.4959,38.8986,1211.58,False,100.69,76.11,9.43,,1394.46,,False,0
193,4aca8b,NOZ4LH,Sweden,1790931237.0,1790931237,3.5924,50.067,11277.6,False,204.71,211.85,0.0,,11635.74,0747,False,0
194,4aca8a,NSZ48U,Sweden,1790931236.0,1790931236,18.3443,52.3712,12192.0,False,215.81,348.45,0.0,,12565.38,1000,False,0
195,4aca8d,NOZ528,Sweden,1790931107.0,1790931107,11.1034,60.1993,,True,9.26,106.88,,,,,False,0
196,4aca8c,NOZ5FE,Sweden,1790931237.0,1790931237,10.6574,62.5521,7650.48,False,193.44,180.46,9.43,,7901.94,,False,0
197,4aca8f,NOZ345,Sweden,1790931237.0,1790931237,13.4825,65.8308,9075.42,False,215.78,197.05,5.2,,9349.74,,False,0
198,4aca8e,NOZ390,Sweden,1790931236.0,1790931236,11.7102,62.8261,11277.6,False,257.19,5.05,0.0,,11559.54,,False,0
199,e49eeb,GLO1797,Brazil,1790931236.0,1790931236,-50.0804,-25.6367,11277.6,False,210.66,15.29,0.33,,11803.38,,False,0
200,8014dc,IGO536,India,1790931230.0,1790931230,81.2333,24.8197,10972.8,False,229.24,245.05,0.0,,11673.84,,False,0
201,3c5eee,EWG16MN,Germany,1790931236.0,1790931236,-0.4455,45.3717,11590.02,False,240.3,24.81,0.0,,12001.5,1000,False,0
202,8014de,IGO752F,India,1790931236.0,1790931236,90.2915,23.179,7010.4,False,240.22,73.19,0.0,,7437.12,1323,False,0
203,85188c,JAL324,Japan,1790931237.0,1790931237,133.1012,33.8135,10668.0,False,270.13,75.78,0.33,,11323.32,,False,0
204,8001c5,VTAAT,India,1790931236.0,1790931236,87.895,24.4208,9753.6,False,221.25,158.45,0.33,,10370.82,2154,False,0
205,8a044f,GIA177,Indonesia,1790931237.0,1790931237,106.5354,-6.1858,685.8,False,88.37,67.77,-4.23,,731.52,,False,0
206,ad67cc,FDX1408,United States,1790931236.0,1790931236,-90.1919,35.1449,2400.3,False,147.45,302.03,15.93,,2476.5,1574,False,0
207,392068,FGIDI,France,1790931237.0,1790931237,0.1954,47.9309,121.92,False,51.11,319.9,-4.55,,312.42,7000,False,0
208,0d1291,VOI1001,Mexico,1790931237.0,1790931237,-111.3611,28.2839,11269.98,False,245.57,131.77,0.0,,11971.02,,False,0
209,4400ed,RVP341,Austria,1790931237.0,1790931237,-7.4246,39.8389,1851.66,False,51.45,101.53,-0.65,,2026.92,,False,0
210,4400eb,EJU47WN,Austria,1790931237.0,1790931237,8.6097,44.7253,10965.18,False,216.78,320.68,0.0,,11430.0,1000,False,0
211,471f9a,WZZ8AJ,Hungary,1790931235.0,1790931235,22.0179,43.0935,6568.44,False,217.93,101.58,-16.58,,6964.68,6423,False,0
212,4400f8,AUA761M,Austria,1790931237.0,1790931237,17.9969,45.9784,10668.0,False,234.9,153.32,0.0,,11056.62,5154,False,0
213,471f9e,WMT7GZ,Hungary,1790931236.0,1790931236,18.7405,47.8149,10675.62,False,234.31,127.78,-0.33,,11079.48,6423,False,0
214,471f9f,WZZ4NA,Hungary,1790931235.0,1790931237,29.0083,43.5951,10675.62,False,222.36,126.15,0.33,,10896.6,5476,False,0
215,343141,IBS1861,Spain,1790931236.0,1790931236,-2.0483,48.2292,10363.2,False,236.83,8.75,0.0,,10736.58,4537,False,0
216,471f86,WZZ489,Hungary,1790931236.0,1790931236,18.1668,44.611,2567.94,False,133.99,147.23,-6.5,,2834.64,7623,False,0
217,471f6f,WMT6WB,Hungary,1790931236.0,1790931237,14.4113,44.6218,10363.2,False,223.02,303.14,0.33,,10789.92,7365,False,0
218,acba1b,SWA399,United States,1790931237.0,1790931237,-111.1042,35.3029,11590.02,False,227.46,284.0,0.0,,12192.0,,False,0
219,ac21af,AAL206,United States,1790931237.0,1790931237,7.6956,47.6615,9448.8,False,257.46,125.98,0.33,,9867.9,1000,False,0
220,8a0441,AWQ155,Indonesia,1790931236.0,1790931236,100.7052,10.1987,11285.22,False,235.37,182.76,0.33,,10866.12,,False,0
221,8014bc,IGO2138,India,1790931236.0,1790931236,75.349,11.895,10447.02,False,243.54,335.28,3.9,,11071.86,,False,0
222,8a0442,AWQ392,Indonesia,1790931236.0,1790931236,103.5464,1.0118,2743.2,False,160.86,295.17,-4.23,,2933.7,7005,False,0
223,8014bd,IGO112,India,1790931237.0,1790931237,76.5434,28.42,10058.4,False,222.36,181.86,0.0,,10637.52,,False,0
224,471f6a,WZZ3XL,Hungary,1790931236.0,1790931236,18.6689,53.4063,8084.82,False,198.19,177.92,6.83,,8458.2,4532,False,0
225,e49ed4,TAM3237,Brazil,1790931236.0,1790931236,-47.1278,-22.5,6667.5,False,192.64,354.94,8.45,,7018.02,,False,0
226,471f6d,WMT6320,Hungary,1790931237.0,1790931237,33.6976,34.8978,1592.58,False,125.17,67.02,-8.45,,1668.78,7342,False,0
227,e48ba7,TAM8076,Brazil,1790931236.0,1790931236,-13.3186,30.8728,10363.2,False,244.45,34.63,0.0,,10965.18,,False,0
228,e4a834,AZU8704,Brazil,1790931046.0,1790931048,-70.4075,19.6278,12192.0,False,217.12,310.48,0.0,,12900.66,1420,False,0
229,8014d6,IGO1070,India,1790931230.0,1790931233,88.0429,18.108,11582.4,False,249.91,315.25,0.33,,12298.68,1323,False,0
230,aa927a,KPO780,United States,1790931236.0,1790931236,2.3879,52.9614,13106.4,False,241.44,287.74,0.0,,13373.1,3122,False,0
231,471f7a,WMT713,Hungary,1790931237.0,1790931237,9.2696,47.6079,10675.62,False,235.03,105.62,0.0,,11087.1,0651,False,0
232,ae74b4,LICHEN4,United States,1790931236.0,1790931236,-147.603,64.8333,106.68,False,0.51,90.0,-0.33,,152.4,,False,0
233,471f68,WMT729,Hungary,1790931237.0,1790931237,16.2407,50.0103,10675.62,False,235.14,120.21,0.0,,11087.1,4632,False,0
234,4a2021,HYS245,Romania,1790931237.0,1790931237,18.581,47.2657,11582.4,False,222.58,291.7,0.0,,11971.02,1000,False,0
235,471f69,WZZ2050,Hungary,1790931236.0,1790931236,9.274,53.3435,11277.6,False,244.51,77.48,0.0,,11582.4,4735,False,0
236,4a2022,HLJ6BD,Romania,1790931236.0,1790931236,12.326,39.2386,10972.8,False,217.52,15.22,0.0,,11445.24,6170,False,0
237,471f66,WMT2199,Hungary,1790931237.0,1790931237,7.0403,47.9025,10668.0,False,237.48,115.4,0.0,,11079.48,7555,False,0
238,471f67,WMT7QH,Hungary,1790931237.0,1790931237,19.2156,46.8554,10675.62,False,223.97,119.74,-0.65,,11056.62,1000,False,0
239,4a2023,HLJ220,Romania,1790931236.0,1790931236,12.4865,45.6747,11582.4,False,226.99,4.29,0.0,,12039.6,6164,False,0
240,39208a,FGIEK,France,1790931237.0,1790931237,-3.5446,47.8376,1386.84,False,58.25,125.66,0.0,,1562.1,,False,0
241,4400ac,FSE1F,Austria,1790931237.0,1790931237,10.0009,47.8175,2438.4,False,144.71,63.16,-0.65,,2689.86,1000,False,0
242,471f62,WMT932,Hungary,1790931236.0,1790931236,0.5195,51.9316,5364.48,False,196.02,75.56,7.15,,5600.7,0512,False,0
243,ae6223,HOIST26,United States,1790931231.0,1790931231,129.028,35.0865,144.78,False,3.09,90.0,-2.28,,198.12,1213,False,0
244,3c17d1,13579R1,Germany,1790931220.0,1790931220,9.8239,53.5381,,True,0.0,194.06,,,,,False,0
245,505f3a,ELJ203,Slovakia,1790931237.0,1790931237,14.857,50.1066,800.1,False,122.36,317.73,-4.55,,998.22,1000,False,0
246,4400c8,EJU49HG,Austria,1790931237.0,1790931237,5.5587,44.2616,11887.2,False,222.5,201.28,-0.33,,12359.64,1000,False,0
247,7809a3,CCA4109,China,1790930958.0,1790930959,116.4191,39.2488,3604.26,False,153.23,37.91,-7.8,,3756.66,,False,0
248,7809a1,CDG1196,China,1790930934.0,1790930934,114.3556,23.3773,7429.5,False,207.93,38.57,8.13,,7787.64,,False,0
249,38009a,AIBDA04,France,1790931232.0,1790931236,1.35,43.6354,,True,0.0,143.44,,,,,False,0
250,344446,AEA42ZC,Spain,1790931236.0,1790931236,-2.4815,40.1232,9745.98,False,222.57,119.65,3.25,,10187.94,1000,False,0
251,4400b0,JFL812,Austria,1790931237.0,1790931237,3.0145,44.7502,11887.2,False,173.94,236.83,0.0,,12352.02,1000,False,0
252,a1bfb2,UAL427,United States,1790931236.0,1790931236,-84.6865,40.5488,11879.58,False,281.14,76.78,0.0,,12451.08,2035,False,0
253,471f71,WZZ339,Hungary,1790931237.0,1790931237,32.8541,34.8154,5676.9,False,160.59,292.21,8.45,,5859.78,1745,False,0
254,739222,4XCDE,Israel,1790931237.0,1790931237,35.0078,32.8686,609.6,False,36.44,210.55,-0.65,,662.94,,False,0
255,4400b7,EJU625L,Austria,1790931068.0,1790931068,5.0812,45.7144,,True,0.0,106.88,,,,,False,0
256,471f5d,WMT6LY,Hungary,1790931237.0,1790931237,7.4795,44.9794,4747.26,False,139.62,82.38,-3.58,,5097.78,7451,False,0
257,51119a,MBU5SC,Estonia,1790931232.0,1790931235,19.8102,43.0579,10972.8,False,210.15,355.08,0.0,,11308.08,,False,0
258,51119b,MBU1RD,Estonia,1790931237.0,1790931237,13.2603,51.1855,3192.78,False,169.26,312.91,-3.58,,3436.62,5145,False,0
259,4400b2,EJU94GH,Austria,1790931236.0,1790931236,14.4896,35.8477,-22.86,False,66.57,314.69,0.98,,114.3,,False,0
260,4400e3,EJU47NC,Austria,1790931237.0,1790931237,-5.878,36.3176,10980.42,False,228.46,45.73,0.0,,11521.44,6453,False,0
261,471f41,WMT546,Hungary,1790931237.0,1790931237,9.488,41.013,10980.42,False,230.42,68.25,0.0,,11475.72,1427,False,0
262,e48c4c,TAM3561,Brazil,1790931216.0,1790931216,-45.468,-19.117,10355.58,False,229.48,121.34,-0.33,,10965.18,,False,0
263,e48c4d,TAM3317,Brazil,1790931008.0,1790931008,-46.4937,-23.4406,754.38,False,77.66,73.85,-3.9,,792.48,,False,0
264,8014fa,IGO76ET,India,1790931172.0,1790931173,75.0903,14.9713,10668.0,False,226.62,153.73,0.0,,11315.7,,False,0
265,34440a,VLG81NT,Spain,1790931237.0,1790931237,2.4216,40.4163,5791.2,False,185.67,165.23,0.0,,6179.82,,False,0
266,34440b,VLG15DF,Spain,1790931216.0,1790931219,2.3609,48.7315,,True,0.0,160.31,,,,1000,False,0
267,471f3e,WMT6AL,Hungary,1790931237.0,1790931237,10.7831,51.3659,10652.76,False,228.97,103.38,0.0,,11041.38,2733,False,0
268,a3a61b,TPA4094,United States,1790931237.0,1790931237,-77.901,-6.3675,10972.8,False,240.46,351.26,0.0,,11734.8,,False,0
269,344416,IBS17XB,Spain,1790931237.0,1790931237,-3.5704,40.4877,,True,10.8,270.0,,,,1000,False,0
270,5003a4,T7ADX,San Marino,1790931236.0,1790931237,50.9589,23.5579,13106.4,False,245.84,290.71,0.0,,13815.06,3410,False,0
271,344417,IBE04EB,Spain,1790931237.0,1790931237,-3.2776,40.9302,4320.54,False,196.3,40.54,15.28,,4617.72,1000,False,0
272,7809d5,CSZ227,China,1790930959.0,1790930959,116.7183,39.3817,9784.08,False,212.19,211.42,0.0,,10096.5,,False,0
273,3c4d4a,KLM90U,Germany,1790931237.0,1790931237,2.9888,53.9936,9022.08,False,238.14,141.05,-6.18,,9258.3,6343,False,0
274,398e40,FHDSA,France,1790931235.0,1790931237,-2.6929,47.7156,883.92,False,42.71,268.62,7.48,,1112.52,,False,0
275,0d1202,VOI703,Mexico,1790931236.0,1790931237,-97.0208,32.5741,10363.2,False,219.52,205.54,0.0,,10995.66,1336,False,0
276,7809e7,,China,1790931235.0,1790931236,114.2821,20.8814,7749.54,False,229.63,355.5,-4.88,,8267.7,,False,0
277,471f35,WZZ219,Hungary,1790931237.0,1790931237,13.7971,49.0768,10652.76,False,229.22,128.44,0.0,,11087.1,4644,False,0
278,471f36,WZZ21LR,Hungary,1790931236.0,1790931236,16.8347,44.9831,10972.8,False,201.91,17.65,0.0,,11384.28,1000,False,0
279,801605,AXB53L,India,1790931237.0,1790931237,77.599,13.4096,2598.42,False,138.62,255.6,-1.63,,2674.62,2664,False,0
280,801606,AXB2882,India,1790931236.0,1790931236,85.4189,20.7627,10363.2,False,240.88,212.71,0.0,,11041.38,2603,False,0
281,a5d1c6,UPS582,United States,1790931236.0,1790931236,-85.7333,38.1115,845.82,False,103.93,179.15,8.78,,853.44,,False,0
282,471f32,WZZ30WN,Hungary,1790931235.0,1790931236,22.6385,45.3362,10363.2,False,224.09,346.19,0.0,,10713.72,6451,False,0
283,471f03,WMT402,Hungary,1790931236.0,1790931236,25.6931,44.4657,762.0,False,104.91,120.34,-0.65,,967.74,,False,0
284,471f00,WMT9801,Hungary,1790931204.0,1790931208,26.0612,44.5635,0.0,False,59.48,84.04,-2.93,,205.74,4130,False,0
285,471f01,WMT358,Hungary,1790931237.0,1790931237,14.3191,51.8322,4732.02,False,200.69,339.75,-10.08,,5029.2,5150,False,0
286,471f05,WZZ1PR,Hungary,1790931237.0,1790931237,28.7965,41.3337,10660.38,False,227.5,178.19,0.0,,10858.5,5545,False,0
287,46c9a1,AEZ2031,Greece,1790931236.0,1790931237,13.6229,41.1811,7322.82,False,202.3,136.24,-7.15,,7703.82,1000,False,0
288,e07542,ARG1822,Argentina,1790931237.0,1790931237,-59.6851,-36.8699,11582.4,False,209.42,209.59,-0.33,,11750.04,1541,False,0
289,398e1d,FJMHV,France,1790931128.0,1790931235,1.3921,49.048,327.66,False,49.92,206.3,,,,0331,False,0
290,a3560b,,United States,1790931032.0,1790931032,-97.0354,32.8917,,True,0.06,250.31,,,,,False,0
291,885282,,Thailand,1790931236.0,1790931236,135.2184,34.4368,-15.24,False,68.05,51.14,0.33,,45.72,,False,0
292,ab5d29,N831ME,United States,1790931233.0,1790931233,-97.8853,40.7885,1272.54,False,74.26,266.03,0.0,,1363.98,,False,0
293,0d1233,VIV147,Mexico,1790930990.0,1790931058,-109.7012,28.7312,10668.0,False,258.53,131.05,0.0,,11308.08,7325,False,0
294,0d1236,AMX025,Mexico,1790931237.0,1790931237,-75.2068,44.2193,11269.98,False,288.14,44.13,-0.33,,11780.52,3206,False,0
295,a3b90e,UPS1232,United States,1790931237.0,1790931237,-79.6194,37.9195,8542.02,False,258.55,92.74,-11.7,,9052.56,6623,False,0
296,407b4d,NHZ680,United Kingdom,1790930962.0,1790930970,-0.614,57.9151,556.26,False,66.6,231.27,0.0,,678.18,,False,0
297,e48c05,GLO1715,Brazil,1790931181.0,1790931183,-55.6243,-15.8432,4396.74,False,192.21,105.52,13.33,,4625.34,,False,0
298,407b57,WKT06,United Kingdom,1790931237.0,1790931237,1.2645,52.613,2453.64,False,91.75,273.54,0.0,,2667.0,3660,False,0
299,ac2412,SWA3442,United States,1790930947.0,1790930947,-97.5966,35.3945,,True,0.9,16.88,,,,,False,0
300,8a01de,GIA212,Indonesia,1790931236.0,1790931236,107.3857,-6.4262,6576.06,False,200.02,126.63,10.08,,7002.78,,False,0
301,407b54,WUK7596,United Kingdom,1790931237.0,1790931237,11.7931,46.563,10972.8,False,227.76,313.9,0.0,,11445.24,0244,False,0
302,407b55,WUK9497,United Kingdom,1790931237.0,1790931237,14.064,48.3969,10058.4,False,235.28,123.59,0.0,,10492.74,4617,False,0
303,ad9db0,ASA280,United States,1790931236.0,1790931236,-97.1486,44.6235,11277.6,False,269.58,107.78,0.0,,11605.26,,False,0
304,4045ed,GWLGC,United Kingdom,1790931236.0,1790931236,-0.8979,53.4394,617.22,False,44.3,167.25,0.0,,784.86,7000,False,0
305,ad4404,FDX1757,United States,1790931236.0,1790931237,-86.4202,39.4696,3444.24,False,153.48,200.2,7.8,,3543.3,,False,0
306,407b2c,NHZ630,United Kingdom,1790931237.0,1790931237,-0.6659,57.5256,556.26,False,68.76,254.82,0.0,,678.18,,False,0
307,c035cc,WJA660,Canada,1790931237.0,1790931237,-80.9831,44.7931,7856.22,False,226.84,137.48,-5.85,,8092.44,1746,False,0
308,a2dffe,UAL1924,United States,1790931237.0,1790931237,-77.4715,38.9467,,True,5.66,90.0,,,,3203,False,0
309,385c9d,FJSTI,France,1790931237.0,1790931237,1.1846,43.4159,480.06,False,47.67,209.05,-0.33,,678.18,7000,False,0
310,801736,IGO1631,India,1790931237.0,1790931237,88.4415,22.64,,True,3.09,146.25,,,,0411,False,0
311,a64ce6,DAL1655,United States,1790931237.0,1790931237,-82.687,43.8003,10668.0,False,273.72,96.15,-0.33,,11071.86,,False,0
312,801742,IGO38MR,India,1790931236.0,1790931236,77.8773,14.1084,7749.54,False,221.31,4.27,6.83,,8183.88,2741,False,0
313,80172d,IGO34ME,India,1790931224.0,1790931224,81.0271,17.7296,10980.42,False,241.2,240.48,0.0,,11673.84,,False,0
314,500391,T7333,San Marino,1790931237.0,1790931237,140.002,34.8303,3398.52,False,138.65,46.65,-4.88,,3566.16,3773,False,0
315,407b1e,GCLWB,United Kingdom,1790931236.0,1790931236,1.6448,52.5052,800.1,False,48.88,310.73,0.0,,998.22,,False,0
316,801755,IGO7063,India,1790931237.0,1790931237,82.6702,17.8095,4549.14,False,113.07,251.98,2.93,,4747.26,,False,0
317,47a039,NSZ3DA,Norway,1790931236.0,1790931236,13.9116,56.972,11277.6,False,241.25,48.46,0.0,,11628.12,1000,False,0
318,801754,IGO4EP,India,1790931237.0,1790931237,80.2882,13.0054,1272.54,False,86.43,163.4,4.88,,1234.44,,False,0
319,a64cdb,DAL281,United States,1790931237.0,1790931237,141.9744,36.0199,12192.0,False,207.53,246.17,0.0,,12832.08,,False,0
320,490688,RVP951,Portugal,1790931236.0,1790931236,-9.1182,37.7903,2125.98,False,100.59,146.47,0.0,,2308.86,3353,False,0
321,a2107b,FFT3837,United States,1790931236.0,1790931236,-119.9782,37.8346,9494.52,False,205.86,279.2,-4.88,,10027.92,1013,False,0
322,407b8b,WUK70,United Kingdom,1790931237.0,1790931237,15.0906,51.1946,11574.78,False,224.31,280.3,0.0,,11993.88,6153,False,0
323,407b8e,BAW412,United Kingdom,1790931236.0,1790931236,-9.2521,41.1026,10683.24,False,222.9,199.27,0.0,,11163.3,0512,False,0
324,407b8f,BAW879,United Kingdom,1790931237.0,1790931237,-0.4611,51.4743,,True,3.86,106.88,,,,0623,False,0
325,c048a3,KEW503,Canada,1790931236.0,1790931236,-74.0729,46.7947,11094.72,False,166.43,215.31,-2.28,,11445.24,,False,0
326,739258,4XBIA,Israel,1790931076.0,1790931076,34.8319,32.1797,60.96,False,30.46,37.45,0.33,,114.3,,False,0
327,80179b,AKJ517H,India,1790931236.0,1790931236,74.7687,19.6713,9715.5,False,239.65,252.38,-10.73,,10347.96,2607,False,0
328,a8dd7b,UAL12,United States,1790931237.0,1790931237,3.4639,49.0954,9151.62,False,241.2,323.94,0.0,,9494.52,3010,False,0
329,e49f52,AZU2769,Brazil,1790931236.0,1790931236,-50.3018,-27.6693,10668.0,False,202.21,18.39,0.0,,11071.86,,False,0
330,800448,AXB2963,India,1790931228.0,1790931236,81.1739,17.8276,12192.0,False,231.96,218.06,0.0,,12908.28,2653,False,0
331,ab048d,DAL203,United States,1790931237.0,1790931237,14.2003,42.387,10363.2,False,233.8,301.14,0.0,,10797.54,6634,False,0
332,0d10fd,VOI1902,Mexico,1790931124.0,1790931124,-74.1738,40.6915,,True,0.51,326.25,,,,4253,False,0
333,801785,AKJ626,India,1790931236.0,1790931236,89.5883,21.7987,11590.02,False,246.42,270.0,0.0,,12329.16,7066,False,0
334,801783,AXB71G,India,1790931233.0,1790931235,89.5613,26.5756,8557.26,False,212.37,310.48,3.25,,9090.66,,False,0
335,801788,IGO2275,India,1790931237.0,1790931237,86.0654,24.1842,10972.8,False,232.26,299.74,0.0,,11689.08,2637,False,0
336,778823,FYC741,Syrian Arab Republic,1790931236.0,1790931237,52.8129,26.1895,9806.94,False,253.58,112.92,-3.58,,10454.64,5741,False,0
337,4cc279,ICE596,Iceland,1790931237.0,1790931237,-19.8205,62.2811,11277.6,False,243.77,138.34,0.0,,11102.34,,False,0
338,80044c,AXB582,India,1790931236.0,1790931236,52.976,25.3103,10355.58,False,239.29,121.64,3.25,,10980.42,3101,False,0
339,80044a,AXB431,India,1790931236.0,1790931236,56.8534,24.2818,7871.46,False,228.32,307.31,-12.68,,8374.38,,False,0
340,800463,AIC186,India,1790931237.0,1790931237,82.4945,26.3941,10972.8,False,242.76,297.65,0.0,,11658.6,2606,False,0
341,3c4b4e,EWG6G,Germany,1790931236.0,1790931237,9.6832,48.2048,10675.62,False,216.72,153.19,0.0,,11094.72,2535,False,0
342,3c4b4b,EWG47E,Germany,1790931236.0,1790931236,5.8009,50.6909,7429.5,False,200.52,208.67,7.8,,7780.02,1000,False,0
343,3443d4,VLG6935,Spain,1790931237.0,1790931237,1.3613,38.8698,,True,8.75,241.88,,,,,False,0
344,3443d5,VLG9SD,Spain,1790931237.0,1790931237,14.2605,50.1061,,True,7.72,30.94,,,,,False,0
345,3443d2,VLG6HX,Spain,1790931237.0,1790931237,7.1589,43.8358,8839.2,False,206.85,246.24,0.0,,9304.02,1000,False,0
346,3443d3,VLG9SN,Spain,1790931237.0,1790931237,-6.6776,42.807,8633.46,False,229.58,275.79,-19.51,,9098.28,1000,False,0
347,506fc3,S5DUD,Slovenia,1790931236.0,1790931236,15.814,46.3471,883.92,False,56.73,329.48,-3.9,,1104.9,1000,False,0
348,c0104f,ACA906,Canada,1790931237.0,1790931237,7.5058,43.5402,12496.8,False,254.27,123.11,0.0,,12946.38,2254,False,0
349,506fc2,S5PGI,Slovenia,1790931237.0,1790931237,13.4472,46.1389,1005.84,False,54.19,199.98,-6.83,,1181.1,7006,False,0
350,c0103e,ACA842,Canada,1790931030.0,1790931030,8.5897,50.0513,,True,0.77,334.69,,,,5241,False,0
351,a3ee0b,UPS974,United States,1790931236.0,1790931236,-94.72,40.5162,10980.42,False,236.22,287.88,0.0,,11414.76,4056,False,0
352,841adb,JA07FD,Japan,1790931237.0,1790931237,139.5279,35.7136,579.12,False,66.46,50.02,-0.65,,655.32,1200,False,0
353,506fd9,S5DUG,Slovenia,1790931237.0,1790931237,15.7998,46.5687,1059.18,False,56.39,54.28,0.33,,1280.16,3356,False,0
354,4aca06,NSZ7VR,Sweden,1790931237.0,1790931237,11.2587,47.8231,11582.4,False,229.26,3.09,0.0,,12001.5,7361,False,0
355,4aca08,NSZ5260,Sweden,1790931236.0,1790931236,2.8507,52.8189,9814.56,False,192.8,206.63,-5.53,,10096.5,6210,False,0
356,4aca07,NSZ3196,Sweden,1790931237.0,1790931237,15.8065,58.8744,8953.5,False,222.38,32.15,-5.2,,9288.78,0404,False,0
357,0d10bc,VIV4087,Mexico,1790931001.0,1790931082,-110.3344,30.2888,10668.0,False,263.39,111.3,0.0,,11292.84,,False,0
358,ad8b8a,N972EU,United States,1790931237.0,1790931237,9.3864,43.9548,1866.9,False,85.41,155.44,0.0,,2095.5,7000,False,0
359,4aca09,NOZ3JH,Sweden,1790931236.0,1790931236,11.8765,58.0722,11582.4,False,254.67,345.37,0.0,,11894.82,7276,False,0
360,e48ac6,AZU2717,Brazil,1790931233.0,1790931236,-48.6522,-21.3774,3962.4,False,144.78,135.29,-0.33,,4152.9,,False,0
361,3ffb61,DMCFC,Germany,1790931237.0,1790931237,8.6055,47.9929,2583.18,False,81.05,249.95,,,3063.24,4251,False,0
362,e48ad4,TAM3691,Brazil,1790931237.0,1790931237,-49.3102,-21.5214,10058.4,False,238.9,84.19,0.0,,10622.28,,False,0
363,4aca0b,NSZ56V,Sweden,1790931237.0,1790931237,2.7162,46.4717,11285.22,False,226.38,167.13,0.0,,11696.7,0750,False,0
364,4bb4f4,MGH886,Turkey,1790931237.0,1790931237,19.5657,50.3797,3268.98,False,153.31,143.32,4.55,,3543.3,,False,0
365,4bb4f2,TAH295,Turkey,1790931235.0,1790931236,29.7897,40.3819,10972.8,False,230.15,337.39,-0.33,,11178.54,3253,False,0
366,4aca65,SAS987,Sweden,1790931237.0,1790931237,126.483,37.1745,1112.52,False,127.53,78.6,-5.85,,1181.1,4544,False,0
367,46a60f,SEH1SM,Greece,1790931237.0,1790931237,25.6061,37.7241,4572.0,False,136.39,103.3,-0.33,,4701.54,6734,False,0
368,4aca68,SAS936,Sweden,1790931237.0,1790931237,3.8503,59.67,12496.8,False,243.73,130.55,0.0,,12633.96,,False,0
369,4aca69,SAS66A,Sweden,1790931081.0,1790931083,4.4846,50.9024,,True,0.0,334.69,,,,0731,False,0
370,a7133f,DAL849,United States,1790931236.0,1790931236,-96.787,34.7077,11277.6,False,263.94,84.86,-0.33,,11910.06,,False,0
371,8016a6,AIC5DM,India,1790931106.0,1790931106,77.1911,11.3053,3771.9,False,169.57,207.26,-6.18,,3970.02,0556,False,0
372,8016a7,AIC9BU,India,1790931060.0,1790931060,80.5186,27.2157,11582.4,False,216.74,295.9,0.0,,12291.06,2644,False,0
373,8016a4,IGO297E,India,1790931077.0,1790931161,73.7386,15.7608,4366.26,False,184.0,18.08,9.43,,4648.2,,False,0
374,506fdd,S5PGU,Slovenia,1790931236.0,1790931236,14.148,45.8353,2110.74,False,52.07,209.6,3.58,,2331.72,,False,0
375,a2bb10,SWA1309,United States,1790931237.0,1790931237,-106.3794,34.9599,3246.12,False,165.14,270.0,-6.18,,3406.14,,False,0
376,4aca70,SAS1875,Sweden,1790931236.0,1790931236,6.1683,58.4893,4937.76,False,175.33,131.31,13.33,,5120.64,,False,0
377,4aca72,SAS4016,Sweden,1790931237.0,1790931237,10.4292,60.2171,3413.76,False,147.77,52.21,-6.18,,3589.02,,False,0
378,4aca75,SAS4552,Sweden,1790931237.0,1790931237,17.1833,68.7861,10043.16,False,238.44,25.02,-3.9,,10271.76,,False,0
379,4aca74,SAS1630,Sweden,1790931237.0,1790931237,8.7472,53.0759,10904.22,False,232.6,26.11,3.58,,11216.64,3746,False,0
380,4aca76,SAS835,Sweden,1790931237.0,1790931237,2.4522,49.0207,236.22,False,70.75,84.99,-3.58,,457.2,5243,False,0
381,a222bf,AJT400,United States,1790931237.0,1790931237,-81.1447,29.2704,11887.2,False,245.7,160.43,0.0,,12565.38,6601,False,0
382,4aca79,SAS1694,Sweden,1790931237.0,1790931237,14.7928,50.4529,10363.2,False,229.65,330.62,-0.33,,10759.44,1731,False,0
383,4aca78,SAS4488,Sweden,1790931228.0,1790931235,10.919,63.455,,True,0.0,180.0,,,,,False,0
384,a02b7d,N11SU,United States,1790931236.0,1790931236,-111.9614,40.8255,1417.32,False,50.64,200.83,-2.93,,1478.28,6004,False,0
385,505cb9,OMDYE,Slovakia,1790931235.0,1790931236,17.2663,48.1444,152.4,False,48.92,267.59,-1.95,,342.9,,False,0
386,4bb4ee,MGH883,Turkey,1790931236.0,1790931237,28.8146,41.4321,11582.4,False,232.04,327.4,0.33,,11795.76,5303,False,0
387,76b861,TGW590,Singapore,1790931174.0,1790931231,113.2774,8.6378,10675.62,False,236.3,51.81,0.0,,11445.24,,False,0
388,76b862,TGW516,Singapore,1790931236.0,1790931236,103.9136,2.3664,7848.6,False,219.51,352.46,4.55,,8389.62,0150,False,0
389,407b02,NHZ31,United Kingdom,1790931237.0,1790931237,-3.0948,53.7242,53.34,False,56.66,237.61,0.0,,213.36,,False,0
390,76b866,TGW645,Singapore,1790931235.0,1790931235,103.9813,1.3578,,True,20.06,194.06,,,,,False,0
391,4aca6a,SAS260,Sweden,1790930971.0,1790930971,11.0958,60.1973,,True,6.94,123.75,,,,,False,0
392,7c1ca5,FD533,Australia,1790931237.0,1790931237,136.5674,-34.0422,5791.2,False,134.91,127.87,0.0,,5951.22,,False,0
393,4aca6d,SAS4107,Sweden,1790931237.0,1790931237,13.8216,66.2123,8465.82,False,187.91,197.69,7.15,,8717.28,,False,0
394,76b869,TGW639,Singapore,1790931236.0,1790931236,100.7516,12.9845,5288.28,False,190.71,176.44,8.45,,5608.32,,False,0
395,8016b7,IGO2417,India,1790931236.0,1790931237,92.1663,25.6306,10523.22,False,232.82,314.64,1.63,,11224.26,,False,0
396,a475a3,DAL680,United States,1790931230.0,1790931230,-84.4349,33.6358,,True,8.75,270.0,,,,1354,False,0
397,a40e1c,UPS1112,United States,1790931237.0,1790931237,-78.8189,40.3481,11285.22,False,261.19,67.78,0.0,,11879.58,6675,False,0
398,440358,FTY6,Austria,1790931236.0,1790931236,19.8022,41.3982,12496.8,False,208.83,136.0,0.0,,12748.26,6417,False,0
399,505cdb,OMS925,Slovakia,1790931237.0,1790931237,20.9283,51.7543,899.16,False,56.32,219.07,0.33,,1112.52,,False,0
400,471fa9,WZZ5UW,Hungary,1790931237.0,1790931237,2.4926,41.338,3177.54,False,155.53,74.26,5.2,,3451.86,,False,0
401,a15e70,AMX654,United States,1790931147.0,1790931147,-83.6624,22.5526,11277.6,False,245.28,74.3,0.0,,12024.36,,False,0
402,4aca45,NSZ51M,Sweden,1790931236.0,1790931236,0.9882,51.1083,3642.36,False,148.42,225.0,-4.23,,3870.96,6213,False,0
403,a5d35c,UAL1947,United States,1790931236.0,1790931237,-110.3011,37.3886,10058.4,False,241.46,106.08,0.33,,10607.04,,False,0
404,440352,EJU73CG,Austria,1790931236.0,1790931237,8.9364,45.4003,1607.82,False,119.59,170.09,-2.6,,1844.04,1133,False,0
405,471fa4,WZZ3874,Hungary,1790931236.0,1790931236,23.5219,42.8039,2529.84,False,130.68,0.68,11.7,,2720.34,4134,False,0
406,471fa1,WZZ54ZC,Hungary,1790931229.0,1790931229,20.624,52.4486,-15.24,False,67.16,81.19,-3.58,,220.98,1357,False,0
407,471fa2,WZZ911,Hungary,1790931237.0,1790931237,20.4041,52.1402,1668.78,False,152.42,51.85,-8.45,,1905.0,1000,False,0
408,471fa7,WZZ8HL,Hungary,1790931227.0,1790931230,19.1364,41.9805,10241.28,False,225.35,106.04,-5.53,,10584.18,0443,False,0
409,471fa5,WZZ27UT,Hungary,1790931236.0,1790931236,41.8034,41.8501,5600.7,False,175.06,252.2,13.0,,5775.96,6767,False,0
410,a27e62,N26TW,United States,1790931236.0,1790931236,-118.3429,34.1271,419.1,False,45.0,329.04,0.33,,373.38,,False,0
411,471fa0,WZZ46LS,Hungary,1790931237.0,1790931237,12.3161,57.9959,10972.8,False,248.85,336.61,0.0,,11323.32,4357,False,0
412,44034b,EJU16WK,Austria,1790931237.0,1790931237,-4.2986,39.8685,11277.6,False,220.97,192.09,0.0,,11727.18,5720,False,0
413,471fad,WZZ5WS,Hungary,1790931235.0,1790931235,12.2011,42.1157,1363.98,False,140.9,184.61,-12.35,,1600.2,1000,False,0
414,76b86d,TGW428,Singapore,1790931236.0,1790931236,101.5776,3.6983,10363.2,False,237.93,314.12,0.0,,11079.48,2272,False,0
415,505ccd,OMFRI,Slovakia,1790931236.0,1790931237,21.6395,48.8896,922.02,False,48.55,192.86,-0.33,,1143.0,,False,0
416,4aca50,NSZ4316,Sweden,1790931237.0,1790931237,7.5155,47.6096,,True,8.75,154.69,,,,,False,0
417,4aca53,NSZ38K,Sweden,1790931236.0,1790931237,20.4636,63.38,11582.4,False,198.96,198.39,0.0,,11910.06,,False,0
418,a0f5e7,FDX1430,United States,1790931236.0,1790931236,-93.0728,36.209,10980.42,False,225.46,291.41,0.0,,11605.26,5673,False,0
419,505ce6,SEU6242,Slovakia,1790931237.0,1790931237,30.9345,34.9091,11582.4,False,244.04,355.65,-0.33,,11856.72,2247,False,0
420,4aca4a,NSZ2046,Sweden,1790931237.0,1790931237,4.9596,49.6078,8961.12,False,186.58,259.84,-5.2,,9334.5,1000,False,0
421,8015c1,AIC2116,India,1790931173.0,1790931173,84.6668,19.6103,10363.2,False,241.14,320.37,0.0,,11041.38,2231,False,0
422,3ea763,,Germany,1790931233.0,1790931237,7.9085,54.1416,-83.82,False,0.0,0.0,0.0,,106.68,0033,False,0
423,a2ce7d,FDX1444,United States,1790931237.0,1790931237,-84.0636,30.3515,10675.62,False,239.73,145.49,-0.33,,11300.46,1644,False,0
424,8015bc,IGO43V,India,1790931237.0,1790931237,89.2765,24.2162,5570.22,False,183.28,110.37,-3.9,,5897.88,0504,False,0
425,8015d2,IGO7708,India,1790931237.0,1790931237,90.9318,25.8353,4617.72,False,104.02,235.68,2.93,,4838.7,,False,0
426,a582c8,UPS780,United States,1790931236.0,1790931236,-91.5789,33.9437,11582.4,False,214.35,235.17,-0.33,,12268.2,1672,False,0
427,505e93,OMFTS,Slovakia,1790931237.0,1790931237,5.0221,49.5554,7391.4,False,167.41,252.29,-7.8,,7741.92,1000,False,0
428,84c068,,Japan,1790931236.0,1790931236,140.3918,35.7827,,True,5.66,345.94,,,,,False,0
429,8015ce,IGO2025,India,1790931184.0,1790931184,74.1685,19.5257,7056.12,False,227.16,257.44,-14.63,,7498.08,0616,False,0
430,8a0374,CTV997,Indonesia,1790931230.0,1790931231,106.3181,-6.0515,2125.98,False,122.0,201.26,-7.48,,2278.38,,False,0
431,8015d9,IGO2113,India,1790931165.0,1790931165,80.9162,26.7609,213.36,False,67.91,269.13,-3.58,,381.0,,False,0
432,0180b4,BRQ214,Libyan Arab Jamahiriya,1790931236.0,1790931236,16.4414,34.2966,11277.6,False,251.99,121.65,0.0,,11658.6,6143,False,0
433,46da6c,SEH2FI,Greece,1790931236.0,1790931236,22.5103,38.4954,9631.68,False,196.31,300.73,6.5,,9860.28,2066,False,0
434,8015a6,AIC308,India,1790931237.0,1790931237,144.7933,-37.4293,1341.12,False,121.13,171.7,-6.18,,1424.94,0571,False,0
435,8015b2,IGO970M,India,1790931236.0,1790931236,77.987,13.7433,5692.14,False,197.94,204.9,-10.4,,6012.18,2626,False,0
436,38bddc,FJJYO,France,1790931237.0,1790931237,1.9529,48.9294,243.84,False,51.44,171.95,,,373.38,4440,False,0
437,e0b110,JES3832,Argentina,1790931237.0,1790931237,-50.0141,-26.4771,10668.0,False,236.35,42.27,0.0,,11140.44,,True,0
438,8015ab,AKJ1851,India,1790931237.0,1790931237,85.4123,22.5817,10972.8,False,236.62,212.48,0.0,,11673.84,2656,False,0
439,3d374c,DETEQ,Germany,1790931236.0,1790931236,11.9364,49.9121,1539.24,False,66.34,156.22,-3.25,,1752.6,7000,False,0
440,c06a9b,TSC122,Canada,1790931237.0,1790931237,-2.0359,50.7557,7299.96,False,216.69,85.64,-5.53,,7604.76,6323,False,0
441,e0b149,ARG1838,Argentina,1790931237.0,1790931237,-64.7454,-43.207,10972.8,False,225.72,213.47,0.0,,10957.56,1642,False,0
442,8015ff,VTVSS,India,1790931236.0,1790931236,76.9144,28.0552,5189.22,False,183.95,189.17,10.08,,5463.54,,False,0
443,885308,THA112,Thailand,1790931237.0,1790931237,99.6373,16.3418,10363.2,False,241.46,343.92,-0.33,,9517.38,,False,0
444,c06a8d,TSC383,Canada,1790931232.0,1790931236,-0.1729,51.1524,,True,0.06,120.94,,,,,False,0
445,a51b27,UPS1134,United States,1790931235.0,1790931236,-75.4524,43.0615,2644.14,False,127.23,280.72,-7.8,,2689.86,,False,0
446,3c4ad7,DLH3CF,Germany,1790931236.0,1790931237,6.3435,51.179,9227.82,False,242.72,304.46,4.88,,9555.48,2533,False,0
447,8015e5,IGO624M,India,1790931236.0,1790931236,80.2988,17.421,11384.28,False,241.5,220.68,-5.2,,12237.72,0635,False,0
448,8015e6,IGO6383,India,1790931237.0,1790931237,79.7005,27.8671,11247.12,False,211.82,287.82,-4.55,,12054.84,,False,0
449,34324f,IBE06LP,Spain,1790931237.0,1790931237,7.9176,47.4771,3200.4,False,131.31,32.2,-2.6,,3459.48,1000,False,0
450,39214f,FGIKP,France,1790931235.0,1790931237,2.934,48.7618,487.68,False,46.92,285.26,-0.98,,701.04,7010,False,0
451,8015de,VTXIA,India,1790931237.0,1790931237,70.5746,22.4887,2286.0,False,65.14,133.4,0.0,,2392.68,,False,0
452,4787fe,BNO1G,Norway,1790931237.0,1790931237,12.8361,60.0579,7010.4,False,124.05,134.83,-0.33,,7269.48,,False,0
453,39348e,TVF37NP,France,1790931236.0,1790931236,25.1481,36.6137,3154.68,False,160.21,129.0,-4.23,,3284.22,0673,False,0
454,781a9d,CQH8775,China,1790931020.0,1790931075,114.1662,22.9819,2346.96,False,137.87,255.96,-3.58,,2468.88,5047,False,0
455,a52e5b,ATN3348,United States,1790931236.0,1790931236,-85.0403,33.7063,7178.04,False,204.98,267.27,11.7,,7589.52,,False,0
456,0d118c,VIV3123,Mexico,1790931235.0,1790931235,-113.4741,29.9156,11285.22,False,254.22,130.82,0.0,,11978.64,,False,0
457,728673,IAW229,Iraq,1790931237.0,1790931237,28.7327,41.0078,1432.56,False,103.92,359.72,0.0,,1577.34,,False,0
458,4521ba,LOT5PR,Bulgaria,1790931217.0,1790931237,31.3092,38.2814,11582.4,False,230.7,311.47,0.33,,11841.48,2207,False,0
459,e48b64,TAM4656,Brazil,1790931237.0,1790931237,-46.932,-23.5431,1783.08,False,94.5,66.92,0.0,,1859.28,,False,0
460,e48b66,TAM4719,Brazil,1790931236.0,1790931237,-48.2593,-1.4145,3116.58,False,140.07,107.97,13.33,,3253.74,,False,0
461,a1174b,N17EU,United States,1790931236.0,1790931236,16.2373,47.884,365.76,False,59.94,140.57,-0.98,,563.88,7000,False,0
462,4bc854,PGT906,Turkey,1790931237.0,1790931237,16.5916,48.0884,350.52,False,77.17,163.74,15.28,,541.02,,False,0
463,4bc855,PGT142G,Turkey,1790931236.0,1790931236,9.2133,50.5907,10965.18,False,219.63,292.3,0.33,,11346.18,3243,False,0
464,4bc852,PGT78RD,Turkey,1790931236.0,1790931236,29.606,41.0572,3558.54,False,148.91,343.13,15.61,,3688.08,,False,0
465,c06a75,TSC260,Canada,1790931209.0,1790931210,-11.595,45.3611,10066.02,False,239.64,132.22,0.33,,10439.4,,False,0
466,4401e9,EJU85EW,Austria,1790931237.0,1790931237,3.5608,47.2761,10668.0,False,233.44,140.28,0.33,,11102.34,1000,False,0
467,4401e8,EJU48EL,Austria,1790931236.0,1790931236,1.153,39.3915,6781.8,False,212.72,79.83,-10.73,,7193.28,4422,False,0
468,4bc84c,PGT396,Turkey,1790930386.0,1790931237,23.7617,46.9502,10363.2,False,235.31,319.34,0.0,,10721.34,2223,False,0
469,4bc84a,PGT261,Turkey,1790931236.0,1790931237,26.3208,40.8866,10972.8,False,233.82,265.33,0.0,,11186.16,5311,False,0
470,4bc84b,PGT9GP,Turkey,1790931234.0,1790931237,29.4621,40.9553,1493.52,False,122.18,64.3,4.88,,1630.68,,False,0
471,4401d1,EJU57UM,Austria,1790931000.0,1790931010,8.73,45.6047,106.68,False,75.97,349.07,-3.9,,335.28,7035,False,0
472,4401d0,OECCD,Austria,1790931237.0,1790931237,12.4874,41.9669,106.68,False,39.38,250.14,2.28,,281.94,,False,0
473,a0e431,AAL659,United States,1790931236.0,1790931236,-90.9143,38.6976,10660.38,False,247.63,118.0,0.33,,11209.02,,False,0
474,34454b,VLG84AR,Spain,1790931236.0,1790931237,0.6443,46.6216,10058.4,False,246.57,34.29,-6.83,,10469.88,1000,False,0
475,34454a,VLG13QY,Spain,1790931237.0,1790931237,1.9727,46.9157,10668.0,False,219.77,196.31,0.0,,11079.48,1000,False,0
476,4401d9,OEXMC,Austria,1790931033.0,1790931033,13.1213,47.9802,579.12,False,34.98,0.0,0.98,,777.24,,False,0
477,70203f,BBC340,Bangladesh,1790931237.0,1790931237,84.7872,23.1145,10058.4,False,256.86,91.95,0.0,,10713.72,4203,False,0
478,aa92fa,UAL130,United States,1790931228.0,1790931228,139.7723,35.5448,,True,0.9,151.88,,,,,False,0
479,c06a7a,TSC155,Canada,1790931237.0,1790931237,-6.2572,52.789,9128.76,False,211.89,296.69,0.0,,9334.5,4422,False,0
480,0d113b,AMX680,Mexico,1790931236.0,1790931236,-89.7607,31.1019,11277.6,False,233.57,44.11,0.0,,11993.88,,False,0
481,4bc847,PGT2269,Turkey,1790931079.0,1790931079,29.2822,40.8773,114.3,False,62.81,64.27,-3.9,,373.38,5162,False,0
482,4bc848,PGT37KN,Turkey,1790931236.0,1790931237,29.5895,39.8259,6370.32,False,222.99,336.33,-8.78,,6560.82,,False,0
483,4bc845,PGT30WQ,Turkey,1790931229.0,1790931236,22.9527,45.0068,10363.2,False,242.72,307.16,0.0,,10683.24,5357,False,0
484,4bc846,PGT62LH,Turkey,1790931237.0,1790931237,29.5541,40.9881,2293.62,False,125.63,64.27,16.58,,2385.06,,False,0
485,4bc843,PGT118H,Turkey,1790930917.0,1790930945,29.2618,40.8698,220.98,False,69.72,64.19,-4.23,,350.52,1057,False,0
486,4bc844,PGT497D,Turkey,1790931181.0,1790931186,29.2579,40.8683,236.22,False,61.89,63.86,-2.93,,358.14,,False,0
487,4bc841,PGT75CK,Turkey,1790931236.0,1790931237,14.1189,47.5743,8679.18,False,219.35,294.82,-4.88,,9098.28,3267,False,0
488,4401dc,EJU9042,Austria,1790931237.0,1790931237,-11.9915,38.0338,11887.2,False,208.37,217.58,0.0,,12390.12,4405,False,0
489,ac1076,AAL110,United States,1790931237.0,1790931237,10.8125,42.6438,6141.72,False,190.15,121.84,-9.1,,6522.72,1000,False,0
490,72866b,IAW101,Iraq,1790930738.0,1790931025,35.8167,30.3677,11582.4,False,202.34,214.54,-7.15,,12100.56,,False,0
491,c06a88,TSC574,Canada,1790931237.0,1790931237,-4.5644,48.2907,10675.62,False,244.22,106.14,0.0,,11041.38,6347,False,0
492,4521bf,CYF458,Bulgaria,1790931236.0,1790931236,26.8927,35.9732,11574.78,False,224.02,304.24,0.0,,11826.24,5601,False,0
493,a0f735,UPS1076,United States,1790931237.0,1790931237,-81.0658,41.848,10058.4,False,276.87,97.15,0.0,,10561.32,1317,False,0
494,841b6a,SFJ15,Japan,1790931189.0,1790931189,139.8037,35.5242,,True,1.54,78.75,,,,,False,0
495,4401f7,EJU98PT,Austria,1790931236.0,1790931236,9.2768,45.4534,,True,11.83,28.12,,,,1000,False,0
496,72866e,IAW123,Iraq,1790931236.0,1790931236,49.6159,27.1669,10668.0,False,255.48,110.88,0.0,,11300.46,7277,False,0
497,4bc88d,PGT56HA,Turkey,1790931236.0,1790931237,18.1065,59.8753,624.84,False,95.22,271.86,-0.33,,800.1,1000,False,0
498,4bc88b,PGT388,Turkey,1790930387.0,1790931236,22.0212,48.7809,10668.0,False,552.66,353.8,0.0,,9715.5,1167,False,0
499,4bc899,PGT1099,Turkey,1790931235.0,1790931236,15.2499,42.1081,10363.2,False,235.57,255.84,0.0,,10797.54,2341,False,0
500,4bc896,PGT21PC,Turkey,1790931236.0,1790931237,22.0579,46.357,10363.2,False,241.5,310.68,0.0,,10736.58,6007,False,0
501,8638b0,ANA1856,Japan,1790931236.0,1790931237,140.1332,39.9701,8519.16,False,197.98,204.57,11.7,,8694.42,,False,0
502,5002ab,T7960,San Marino,1790931237.0,1790931237,-1.3113,51.8652,76.2,False,56.0,190.59,-1.95,,259.08,4501,False,0
503,70a96a,STA622,Nepal,1790931090.0,1790931090,85.3491,27.6745,1341.12,False,62.42,23.82,-2.28,,1356.36,,False,0
504,8518ae,JL557,Japan,1790931237.0,1790931237,139.7776,35.5534,,True,4.37,165.94,,,,,False,0
505,00b0f9,ZSSNO,South Africa,1790931233.0,1790931236,20.4645,-34.2139,7025.64,False,152.8,89.23,-0.33,,7330.44,,False,0
506,80171a,IGO32Y,India,1790931234.0,1790931234,77.1312,28.5696,320.04,False,72.57,271.62,-3.25,,281.94,,False,0
507,4bc89a,PGT751,Turkey,1790931236.0,1790931236,26.8335,40.9169,10363.2,False,237.37,265.53,0.0,,10568.94,2312,False,0
508,ac7e09,AAL2111,United States,1790931235.0,1790931235,-111.8382,37.8763,10675.62,False,242.34,101.26,0.33,,11247.12,2644,False,0
509,801725,IGO2513,India,1790931237.0,1790931237,89.7584,22.6894,7353.3,False,175.6,60.13,6.5,,7787.64,1477,False,0
510,800401,AIC2FT,India,1790931235.0,1790931236,74.0431,15.4215,1165.86,False,97.97,259.1,-4.55,,1158.24,,False,0
511,4787aa,WIF6RB,Norway,1790931237.0,1790931237,9.3664,55.746,556.26,False,102.97,272.29,-4.88,,754.38,0415,False,0
512,3d249f,DEMCT,Germany,1790930927.0,1790930934,8.516,47.9748,,True,0.06,115.31,,,,,False,0
513,ac7e18,KYE9724,United States,1790931214.0,1790931231,133.5496,35.6227,9448.8,False,303.3,60.87,0.0,,9883.14,4435,False,0
514,4bc884,PGT1133,Turkey,1790931236.0,1790931237,12.7431,45.2829,10363.2,False,230.63,279.63,0.0,,10812.78,3226,False,0
515,4bc881,PGT362H,Turkey,1790931147.0,1790931147,17.6092,41.0904,10363.2,False,238.77,271.36,-0.33,,10728.96,2306,False,0
516,4bc882,,Turkey,1790931132.0,1790931132,6.7718,51.2868,,True,6.94,53.44,,,,7656,False,0
517,344501,VLG6227,Spain,1790931195.0,1790931195,-0.1724,51.1562,,True,1.54,255.94,,,,,False,0
518,702033,BBC585,Bangladesh,1790931236.0,1790931236,103.685,2.5913,8061.96,False,240.09,337.45,5.53,,8602.98,2271,False,0
519,4bc889,PGT65G,Turkey,1790931236.0,1790931236,3.8929,52.6994,10972.8,False,218.8,296.08,0.0,,11254.74,6622,False,0
520,4787a0,NSZ3806,Norway,1790931237.0,1790931237,18.1963,59.4822,2636.52,False,134.46,3.07,-1.63,,2849.88,1000,False,0
521,4bc887,PGT68WZ,Turkey,1790931235.0,1790931236,28.6796,37.9236,8656.32,False,215.51,174.52,-5.2,,8884.92,,False,0
522,4bc888,PGT86TT,Turkey,1790931236.0,1790931236,15.8557,48.5539,10965.18,False,223.06,306.84,0.0,,11399.52,5345,False,0
523,4bc885,PGT43WU,Turkey,1790931236.0,1790931236,24.3973,42.9771,10972.8,False,240.45,288.98,0.0,,11231.88,6020,False,0
524,4bc886,PGT741B,Turkey,1790931237.0,1790931237,16.1849,47.7937,10980.42,False,222.07,301.26,0.0,,11422.38,5333,False,0
525,4bc894,PGT93WK,Turkey,1790931236.0,1790931237,20.3358,44.7448,10972.8,False,225.71,297.27,0.0,,11323.32,7226,False,0
526,4bb564,CAI5A,Turkey,1790931236.0,1790931237,29.7519,40.4514,10363.2,False,210.76,337.32,-0.33,,10568.94,3214,False,0
527,4bb562,CAI7PC,Turkey,1790931237.0,1790931237,26.2035,43.4632,11582.4,False,236.32,312.44,0.0,,11818.62,5305,False,0
528,ac7e0f,ASI934,United States,1790931237.0,1790931237,-111.8204,33.1029,2004.06,False,57.62,322.62,0.0,,2065.02,,False,0
529,4401b9,OECVF,Austria,1790931234.0,1790931236,12.6269,48.4797,1097.28,False,88.9,10.33,-21.78,,1272.54,4454,False,0
530,4401b3,OEEKZ,Austria,1790931237.0,1790931237,17.0736,45.9146,8839.2,False,155.9,109.87,0.0,,9220.2,7106,False,0
531,73806e,ELY312,Israel,1790931236.0,1790931236,-0.12,51.7525,2857.5,False,151.69,97.99,13.98,,3055.62,3452,False,0
532,44008f,AUA67Q,Austria,1790931237.0,1790931237,16.393,47.9572,2819.4,False,148.55,248.68,11.05,,3078.48,5615,False,0
533,73806b,ELY552,Israel,1790931237.0,1790931237,26.9056,39.7976,11277.6,False,229.12,132.0,-0.33,,11468.1,1346,False,0
534,a3c975,SKQ25,United States,1790931237.0,1790931237,-87.4034,41.9744,4701.54,False,114.63,118.41,6.18,,4846.32,3142,False,0
535,a2efec,FDX1723,United States,1790931236.0,1790931237,-88.3432,39.1492,9761.22,False,215.96,246.86,0.0,,10271.76,,False,0
536,73806f,ELY386,Israel,1790931235.0,1790931235,14.2954,40.1517,10668.0,False,245.63,112.54,0.0,,11102.34,,False,0
537,a30ffd,FDX1876,United States,1790931231.0,1790931236,-122.2189,37.7173,,True,0.0,2.81,,,,7255,False,0
538,c058b4,ROU1708,Canada,1790931237.0,1790931237,-104.308,42.4625,10660.38,False,256.77,70.33,-0.33,,11132.82,,False,0
539,c058c0,ACA875,Canada,1790931237.0,1790931237,0.9575,51.1763,10767.06,False,247.65,324.73,7.48,,11071.86,7566,False,0
540,8960ae,DUB2,United Arab Emirates,1790931237.0,1790931237,50.4651,26.7087,10972.8,False,238.67,287.69,0.0,,11612.88,0515,False,0
541,c058ae,ROU1940,Canada,1790931236.0,1790931236,-95.5447,51.7081,10050.78,False,271.21,125.35,0.0,,9906.0,,False,0
542,80187b,IGO017,India,1790931235.0,1790931235,32.7674,30.6903,10972.8,False,211.74,314.02,0.0,,11437.62,,False,0
543,50022b,TAG17,San Marino,1790931050.0,1790931050,113.9085,22.3014,,True,3.86,250.31,,,,,False,0
544,80187d,IGO502F,India,1790931236.0,1790931236,77.2413,29.269,5181.6,False,180.19,13.2,0.0,,5463.54,,False,0
545,440096,EJU96AD,Austria,1790931228.0,1790931228,2.5935,48.995,,True,6.94,64.69,,,,1000,False,0
546,4068f5,EXS13WJ,United Kingdom,1790931237.0,1790931237,8.5668,44.3538,11887.2,False,236.76,130.68,0.0,,12329.16,5240,False,0
547,4068f6,EXS17CY,United Kingdom,1790931236.0,1790931237,25.2538,36.2295,6240.78,False,182.95,169.8,-12.68,,6431.28,4720,False,0
548,a4994f,KFS96,United States,1790931237.0,1790931237,-78.889,42.0632,11879.58,False,270.97,58.27,-2.93,,12473.94,2473,False,0
549,440090,EJU57XL,Austria,1790931237.0,1790931237,2.485,39.2639,11582.4,False,236.64,65.33,0.33,,12100.56,1000,False,0
550,4055b7,BRO10T,United Kingdom,1790931236.0,1790931237,-0.3296,53.6049,68.58,False,53.44,203.85,-2.6,,236.22,4250,False,0
551,801859,AIC129,India,1790931236.0,1790931236,0.7752,51.6919,4274.82,False,144.41,263.66,-7.48,,4518.66,3104,False,0
552,39b9cb,BLT111H,France,1790931236.0,1790931236,5.203,43.611,2438.4,False,56.39,324.28,0.0,,2674.62,1000,False,0
553,738060,ELY5108,Israel,1790931237.0,1790931237,34.9766,32.2075,1051.56,False,105.79,110.2,-2.6,,1150.62,5320,False,0
554,801862,IGO211,India,1790931227.0,1790931236,74.9469,15.4372,8968.74,False,224.01,61.32,7.15,,9532.62,,False,0
555,738063,ELY542,Israel,1790931237.0,1790931237,28.9388,35.3804,11277.6,False,241.79,125.21,0.0,,11513.82,7401,False,0
556,a49951,AJT4512,United States,1790931237.0,1790931237,-73.9459,5.1811,6629.4,False,191.15,13.7,8.45,,7048.5,,False,0
557,738062,ELY5120,Israel,1790931237.0,1790931237,24.0984,45.2614,10668.0,False,224.79,154.08,0.0,,10972.8,6034,False,0
558,738069,ELY322,Israel,1790931237.0,1790931237,6.9737,43.2835,8328.66,False,236.81,110.21,5.85,,8785.86,5664,False,0
559,801864,IGO172,India,1790931220.0,1790931220,80.6655,15.759,10668.0,False,237.16,58.48,0.0,,11346.18,2703,False,0
560,80184e,IGO1604,India,1790931237.0,1790931237,86.6431,16.8575,10584.18,False,246.8,283.75,2.6,,11254.74,,False,0
561,3b91ff,SP46,France,1790931225.0,1790931225,2.3456,48.719,,True,15.43,73.12,,,,,False,0
562,4068cb,EXS61CU,United Kingdom,1790931237.0,1790931237,2.0487,50.2659,10355.58,False,216.05,318.19,0.0,,10668.0,5615,False,0
563,a3fce7,UPS232,United States,1790931237.0,1790931237,-63.0346,43.157,9753.6,False,238.19,246.31,0.0,,10233.66,,False,0
564,80052d,AIC4FG,India,1790931236.0,1790931237,75.1872,27.3893,9875.52,False,250.43,24.78,-4.88,,10462.26,,False,0
565,80052b,AIC1JJ,India,1790931057.0,1790931057,78.2689,27.0705,8305.8,False,245.98,146.34,3.58,,8755.38,,False,0
566,47b007,MDT5,Norway,1790931237.0,1790931237,8.4307,56.6389,12192.0,False,225.32,235.51,-0.33,,12443.46,6205,False,0
567,738076,ELY001,Israel,1790931229.0,1790931234,-66.973,42.2025,11582.4,False,237.76,262.29,0.0,,12199.62,,False,0
568,500260,T7FJA,San Marino,1790931236.0,1790931236,9.1044,39.6437,9753.6,False,230.05,358.33,0.0,,10256.52,,False,0
569,c058be,ACA808,Canada,1790931236.0,1790931236,2.0449,52.7646,8915.4,False,253.47,99.46,-10.08,,9204.96,6312,False,0
570,702088,S2AGM,Bangladesh,1790930880.0,1790930925,90.3761,23.8428,175.26,False,43.63,217.82,0.65,,114.3,,False,0
571,c02067,MAL8082,Canada,1790931236.0,1790931236,-74.3527,45.4296,1539.24,False,139.05,42.9,-4.55,,1485.9,0534,False,0
572,adb723,JBU604,United States,1790931237.0,1790931237,-96.4561,47.7143,10668.0,False,277.15,105.95,0.0,,10797.54,,False,0
573,a9fa34,CKS811,United States,1790931236.0,1790931236,-150.9394,61.0312,2354.58,False,137.66,42.27,-5.85,,2263.14,,False,0
574,440057,EJU307A,Austria,1790931237.0,1790931237,2.1655,47.5003,8648.7,False,227.27,195.36,5.85,,9052.56,1000,False,0
575,8733bc,ANA1097,Japan,1790931024.0,1790931024,135.425,33.078,12184.38,False,223.36,224.44,-0.33,,12915.9,4621,False,0
576,a1139f,FDX57,United States,1790931236.0,1790931237,-89.9203,34.7615,3055.62,False,154.0,144.93,4.88,,3200.4,1524,False,0
577,3b07ff,GTA5,France,1790931056.0,1790931057,2.3503,48.716,,True,0.0,75.94,,,,,False,0
578,484fff,KLM100,Kingdom of the Netherlands,1790931237.0,1790931237,4.7459,52.3955,213.36,False,73.14,182.82,-3.25,,434.34,6255,False,0
579,44004f,AUA22FA,Austria,1790931237.0,1790931237,15.2115,50.2112,10652.76,False,238.19,143.25,-3.9,,11071.86,7611,False,0
580,702098,UBG151,Bangladesh,1790931237.0,1790931237,91.3087,22.7088,3345.18,False,130.45,153.03,0.33,,3528.06,5527,False,0
581,44003b,LDX69C,Austria,1790931170.0,1790931170,32.1964,29.5608,13106.4,False,232.05,307.89,0.0,,13616.94,,False,0
582,44003a,AUA16G,Austria,1790931237.0,1790931237,15.5278,48.4939,3764.28,False,193.41,120.18,-12.35,,4053.84,1000,False,0
583,50026b,T7HOME,San Marino,1790931235.0,1790931235,25.2847,54.6437,,True,0.0,357.19,,,,2000,False,0
584,702097,UBG150,Bangladesh,1790931237.0,1790931237,90.5729,23.8312,2926.08,False,100.44,322.07,-4.55,,3078.48,4110,False,0
585,3453cc,,Spain,1790931236.0,1790931236,-5.8817,43.5147,1615.44,False,125.26,155.75,16.58,,,,False,0
586,738050,ELY2366,Israel,1790931171.0,1790931236,30.1989,34.9418,10675.62,False,237.96,125.41,-0.33,,10911.84,6010,False,0
587,440047,EJU15LG,Austria,1790931236.0,1790931236,12.0147,44.4028,11277.6,False,231.58,158.91,0.0,,11734.8,1000,False,0
588,440053,EJU87EB,Austria,1790931237.0,1790931237,8.0202,45.2131,10355.58,False,218.05,321.13,0.0,,10812.78,0417,False,0
589,3453d3,ANE98ZC,Spain,1790931237.0,1790931237,9.5814,47.4569,8237.22,False,229.76,81.76,0.0,,8656.32,1000,False,0
590,440052,AUA693L,Austria,1790931237.0,1790931237,23.3359,45.4699,10668.0,False,214.42,116.81,0.0,,10995.66,1000,False,0
591,3c4a15,DLH438,Germany,1790931198.0,1790931198,8.5489,50.0388,,True,0.0,154.69,,,,,False,0
592,440050,AUA751W,Austria,1790931236.0,1790931236,19.2201,43.3663,9448.8,False,230.53,161.12,0.33,,9806.94,5144,False,0
593,c0337d,MAL8088,Canada,1790930949.0,1790930949,-100.7431,50.4421,4808.22,False,124.9,281.4,0.0,,4823.46,,False,0
594,452026,VSR801,Bulgaria,1790931236.0,1790931236,23.6736,37.4213,1805.94,False,142.85,231.73,-3.25,,1935.48,7476,False,0
595,44006e,AUA312U,Austria,1790931237.0,1790931237,11.6212,49.8785,11277.6,False,224.37,107.48,-0.33,,11689.08,1000,False,0
596,44006d,AUA99J,Austria,1790931237.0,1790931237,15.6506,49.8479,9136.38,False,239.51,144.71,-6.5,,9547.86,7676,False,0
597,4042ba,GBZIJ,United Kingdom,1790931237.0,1790931237,-1.9173,50.5602,365.76,False,57.33,174.85,-0.65,,571.5,,False,0
598,44006c,AUA134W,Austria,1790931237.0,1790931237,8.555,47.4553,,True,4.12,95.62,,,,1000,False,0
599,4b0f50,HUE40H,Switzerland,1790931237.0,1790931237,8.2258,44.2602,5783.58,False,153.31,233.32,-7.8,,6156.96,1000,False,0
600,484fdf,KLM59N,Kingdom of the Netherlands,1790931237.0,1790931237,7.0751,53.8069,10668.0,False,253.13,20.46,0.0,,10942.32,1000,False,0
601,a3401a,JBU359,United States,1790931237.0,1790931237,-80.4475,41.3463,11277.6,False,271.63,74.17,0.0,,11856.72,1360,False,0
602,3453c3,VLG3213,Spain,1790931171.0,1790931171,-13.1235,29.4436,10370.82,False,235.04,58.61,0.0,,10965.18,,False,0
603,440083,EJU38NA,Austria,1790931236.0,1790931236,3.595,52.4576,3185.16,False,186.81,72.86,-9.75,,3413.76,5201,False,0
604,ad675f,AVA248,United States,1790931221.0,1790931225,-68.3577,-2.8306,10355.58,False,231.71,322.85,0.0,,11056.62,,False,0
605,484fde,KLM99B,Kingdom of the Netherlands,1790931236.0,1790931237,6.4897,49.1758,11887.2,False,227.26,176.63,0.0,,12268.2,1000,False,0
606,44005c,OEKRI,Austria,1790931236.0,1790931236,15.6671,48.6527,701.04,False,53.03,157.17,-0.98,,899.16,7000,False,0
607,3d47e7,DEZMD,Germany,1790931237.0,1790931237,6.9316,50.5027,883.92,False,73.77,303.91,-0.33,,1097.28,4451,False,0
608,3d34b9,DESFH,Germany,1790931237.0,1790931237,9.854,54.2687,624.84,False,61.14,239.12,,,822.96,7000,False,0
609,70209f,BBC306,Bangladesh,1790930961.0,1790931233,30.3175,42.7731,11887.2,False,250.34,99.46,-0.98,,12092.94,0212,False,0
610,39dc43,FHXCD,France,1790931226.0,1790931226,23.669,40.3475,1600.2,False,62.47,161.27,0.65,,1722.12,,False,0
611,00a11e,LNK150S,South Africa,1790931236.0,1790931236,28.199,-24.495,10256.52,False,252.87,2.68,5.85,,10782.3,,False,0
612,440019,EJU87BT,Austria,1790931236.0,1790931237,0.2197,49.0203,10058.4,False,213.14,169.99,0.0,,10424.16,2067,False,0
613,440018,EJU64VK,Austria,1790931237.0,1790931237,5.5343,44.1924,11277.6,False,221.15,201.85,0.0,,11750.04,1000,False,0
614,c02028,MAL7051,Canada,1790931237.0,1790931237,-112.886,51.4528,5539.74,False,179.42,275.76,-11.7,,5631.18,6356,False,0
615,a59398,AAL918,United States,1790931237.0,1790931237,-80.9528,24.2377,9113.52,False,244.0,4.23,-4.55,,9730.74,,False,0
616,440005,EJU1872,Austria,1790931237.0,1790931237,-6.6888,40.0181,11590.02,False,222.73,27.51,-0.33,,12062.46,2252,False,0
617,874846,ANA35,Japan,1790931227.0,1790931227,139.7964,35.5485,,True,5.66,157.5,,,,,False,0
618,e0b058,LVKAX,Argentina,1790931236.0,1790931236,-58.3095,-34.2391,2529.84,False,131.14,230.25,-11.05,,2583.18,2522,False,0
619,a8697f,FFT2428,United States,1790931235.0,1790931235,-84.4231,33.6389,,True,0.0,90.0,,,,2651,False,0
620,440039,AUA204,Austria,1790931237.0,1790931237,8.5438,50.0367,,True,5.66,250.31,,,,1000,False,0
621,440037,EJU43CX,Austria,1790931236.0,1790931236,13.0247,52.2178,2438.4,False,137.76,255.29,9.43,,2682.24,,False,0
622,ad52e1,BVN8970,United States,1790931236.0,1790931236,-97.2523,33.033,800.1,False,67.94,35.13,3.25,,815.34,,False,0
623,ac32f2,SWA4293,United States,1790931237.0,1790931237,-122.216,37.7087,,True,7.2,50.62,,,,3151,False,0
624,a04e24,FDX1885,United States,1790931236.0,1790931236,-122.2169,37.72,,True,0.0,219.38,,,,2004,False,0
625,a5e391,N479LP,United States,1790931237.0,1790931237,-112.9868,33.3923,1767.84,False,31.98,115.74,-0.98,,1836.42,,False,0
626,8a0634,BTK7311,Indonesia,1790931231.0,1790931231,106.9472,-6.267,662.94,False,107.86,108.35,3.25,,701.04,,False,0
627,8a0636,BTK7308,Indonesia,1790931237.0,1790931237,106.8458,-6.4247,1249.68,False,108.36,259.33,0.33,,1341.12,,False,0
628,a47364,UPS1066,United States,1790931237.0,1790931237,-78.0324,39.671,10668.0,False,271.39,72.46,0.0,,11277.6,4006,False,0
629,e49ce4,MWM9703,Brazil,1790931236.0,1790931236,-46.2069,-23.3095,3009.9,False,163.43,57.86,11.7,,3116.58,,False,0
630,c02039,MAL7050,Canada,1790931237.0,1790931237,-103.7973,51.5725,12192.0,False,195.59,289.67,0.0,,12230.1,,False,0
631,44001f,EJU782W,Austria,1790931237.0,1790931237,5.0253,43.4222,10355.58,False,205.75,284.04,0.0,,10843.26,1000,False,0
632,44001e,AUA31X,Austria,1790931234.0,1790931234,16.5781,48.1195,,True,5.4,112.5,,,,,False,0
633,44001c,AUA45M,Austria,1790931236.0,1790931237,7.856,44.0751,10675.62,False,223.2,235.14,0.33,,11163.3,0221,False,0
634,44001b,AUA88NG,Austria,1790931237.0,1790931237,18.0426,44.1828,10363.2,False,224.75,330.97,0.0,,10759.44,5524,False,0
635,8960f6,UAE751,United Arab Emirates,1790931231.0,1790931234,17.4789,40.9824,11582.4,False,248.55,268.58,0.0,,11917.68,2327,False,0
636,8960f9,UAE52M,United Arab Emirates,1790931237.0,1790931237,31.0728,41.2629,11582.4,False,242.89,302.55,0.0,,11811.0,,False,0
637,70a8eb,BHA858,Nepal,1790931237.0,1790931237,84.5649,27.911,3848.1,False,111.05,113.48,-2.93,,4015.74,,False,0
638,500205,MEA201,San Marino,1790931237.0,1790931237,9.1679,49.906,9745.98,False,229.0,293.57,0.0,,10165.08,3544,False,0
639,8960f0,UAE185,United Arab Emirates,1790931237.0,1790931237,24.6072,36.5103,11582.4,False,246.87,296.89,0.0,,11811.0,0553,False,0
640,8a060e,CTV512,Indonesia,1790931236.0,1790931236,100.6848,14.0576,822.96,False,93.99,195.56,1.3,,861.06,,False,0
641,8a060d,CTV340,Indonesia,1790931235.0,1790931235,107.0805,-6.1249,3352.8,False,174.31,110.2,3.25,,3566.16,,False,0
642,a15b2f,FDX1073,United States,1790931237.0,1790931237,-76.3159,39.0363,9448.8,False,252.49,40.54,0.0,,9989.82,7103,False,0
643,8960fa,UAE366,United Arab Emirates,1790931237.0,1790931237,120.402,24.3751,4564.38,False,160.11,32.67,-5.53,,4869.18,,False,0
644,a97639,CKS9706,United States,1790931237.0,1790931237,-117.2816,38.6812,12496.8,False,276.06,80.99,0.0,,13098.78,3310,False,0
645,8960d2,UAE9774,United Arab Emirates,1790931236.0,1790931236,98.5309,23.2454,12496.8,False,235.49,69.94,0.0,,13281.66,6225,False,0
646,a03b25,AIP100,United States,1790931237.0,1790931237,-85.4143,33.0885,6096.0,False,129.74,272.27,-0.33,,6461.76,,False,0
647,a4c34c,DAL164,United States,1790931237.0,1790931237,-9.6966,54.9571,11277.6,False,263.02,104.04,0.0,,11338.56,,False,0
648,344195,ANE37VA,Spain,1790931237.0,1790931237,-3.9385,39.812,4130.04,False,161.15,45.13,-7.8,,4419.6,5065,False,0
649,8017a0,IGO1457,India,1790931237.0,1790931237,102.5203,1.9135,11018.52,False,230.99,116.45,-4.88,,11788.14,,False,0
650,8a0603,BTK7150,Indonesia,1790931211.0,1790931217,103.997,1.3619,,True,5.66,22.5,,,,,False,0
651,a5e339,ASA1132,United States,1790931236.0,1790931236,-156.9086,21.001,6766.56,False,234.24,117.47,8.45,,7216.14,,False,0
652,70a8fe,SHA224,Nepal,1790931237.0,1790931237,84.4072,27.989,5334.0,False,117.97,287.25,-0.33,,5623.56,,False,0
653,50020a,SLS7A,San Marino,1790931237.0,1790931237,5.0586,42.8583,8229.6,False,128.42,225.81,0.0,,8694.42,1000,False,0
654,500214,MEA266,San Marino,1790931237.0,1790931237,28.7252,41.3438,868.68,False,112.81,357.12,8.45,,960.12,,False,0
655,8960e0,UAE308,United Arab Emirates,1790931237.0,1790931237,67.9391,30.1897,11277.6,False,271.38,48.0,0.0,,11917.68,,False,0
656,ab2728,AVA139,United States,1790931236.0,1790931236,-62.6463,-30.5339,9631.68,False,212.48,223.82,-5.53,,9997.44,,False,0
657,8016e1,IGO6518,India,1790931237.0,1790931237,87.6174,25.6157,6598.92,False,213.07,31.27,-13.98,,7002.78,0203,False,0
658,a2cb33,UAL177,United States,1790931236.0,1790931237,7.6511,47.687,11879.58,False,260.33,126.08,0.0,,12298.68,5250,False,0
659,781b3a,CBJ620,China,1790931229.0,1790931233,101.1385,14.9859,9349.74,False,242.17,34.7,3.9,,9966.96,,False,0
660,89611a,UAE76J,United Arab Emirates,1790931148.0,1790931148,38.6547,32.6601,10363.2,False,253.53,333.23,-0.33,,10850.88,,False,0
661,8016db,IGO601E,India,1790931014.0,1790931014,82.2068,23.3213,10668.0,False,235.24,128.88,0.0,,11369.04,,False,0
662,7c72d0,WYQ,Australia,1790931236.0,1790931236,115.7538,-31.9414,541.02,False,54.53,0.0,2.28,,571.5,1200,False,0
663,8016df,IGO6235,India,1790931237.0,1790931237,77.2481,12.5332,10972.8,False,237.54,19.22,0.0,,11635.74,1000,False,0
664,a03b91,FDX40,United States,1790931237.0,1790931237,-88.4061,34.0293,8511.54,False,250.0,133.42,8.78,,9014.46,5655,False,0
665,a748bc,DAL161,United States,1790931236.0,1790931236,-2.6201,57.7762,10972.8,False,256.82,320.28,0.0,,11041.38,2113,False,0
666,a4d5c2,N410ST,United States,1790931236.0,1790931236,11.7772,50.198,2186.94,False,74.64,141.16,7.48,,2423.16,1000,False,0
667,781b4b,CSS242,China,1790931227.0,1790931228,84.2601,25.8629,10675.62,False,247.93,108.13,0.0,,11338.56,,False,0
668,405636,EZY48ED,United Kingdom,1790931236.0,1790931237,2.6324,48.2669,10675.62,False,226.65,150.64,-0.33,,11071.86,0532,False,0
669,a9508c,N7HA,United States,1790931116.0,1790931116,-13.8999,54.7178,12192.0,False,251.15,294.57,0.0,,12252.96,3605,False,0
670,4891b4,ENT1512,Poland,1790931237.0,1790931237,-1.7821,43.3723,10972.8,False,244.92,30.55,0.0,,11422.38,4646,False,0
671,aa909a,AVA055,United States,1790930925.0,1790930925,-11.3308,45.4247,10972.8,False,226.62,251.19,-0.33,,11338.56,7556,False,0
672,a40b03,N36LX,United States,1790931234.0,1790931236,1.1485,44.1671,777.24,False,97.37,190.66,-5.2,,937.26,7040,False,0
673,34558f,AEA088,Spain,1790931237.0,1790931237,-4.2202,40.2011,3992.88,False,141.79,167.43,-2.28,,4282.44,3476,False,0
674,781b76,JYH1138,China,1790930958.0,1790930959,115.377,39.7335,9784.08,False,198.33,242.84,0.0,,10066.02,,False,0
675,8016ba,IGO6454,India,1790931140.0,1790931142,77.6945,30.0697,3040.38,False,126.27,70.24,-1.95,,3185.16,,False,0
676,896111,UAE531,United Arab Emirates,1790930969.0,1790930980,55.3433,25.2686,7.62,False,82.84,121.02,-3.25,,-7.62,4057,False,0
677,471d6b,WZZ298,Hungary,1790931237.0,1790931237,8.2491,50.9495,10668.0,False,241.77,107.59,0.0,,11041.38,4643,False,0
678,471d6f,WZZ9073,Hungary,1790931237.0,1790931237,27.9767,42.8771,11285.22,False,216.9,93.13,0.0,,11490.96,0204,False,0
679,471d6d,WZZ6NC,Hungary,1790931236.0,1790931236,0.2019,38.5189,10363.2,False,242.08,67.9,0.0,,10866.12,1450,False,0
680,5001e3,MEA241,San Marino,1790931237.0,1790931237,15.6292,40.4849,10363.2,False,231.87,278.29,0.0,,10774.68,5652,False,0
681,8016d3,IGO881,India,1790931231.0,1790931231,80.3345,12.7654,3406.14,False,178.08,168.33,5.85,,3535.68,,False,0
682,a365b7,DAL1096,United States,1790931237.0,1790931237,-88.6604,43.0643,11285.22,False,268.85,94.5,0.33,,11658.6,1445,False,0
683,8016be,IGO1606,India,1790931236.0,1790931236,80.3135,12.9189,11582.4,False,240.9,293.94,0.0,,12268.2,,False,0
684,8016bf,IGO1602,India,1790931235.0,1790931237,106.7483,-5.9744,1280.16,False,142.84,341.96,4.88,,1356.36,,False,0
685,5001df,T7CAL,San Marino,1790931237.0,1790931237,9.8886,49.1422,640.08,False,92.27,97.05,0.0,,853.44,4432,False,0
686,3cf027,SCR762,Germany,1790931220.0,1790931224,16.5461,48.1208,,True,12.86,109.69,,,,,False,0
687,89610f,UAE930,United Arab Emirates,1790931237.0,1790931237,55.5668,25.1407,967.74,False,101.73,303.45,-1.95,,1021.08,6153,False,0
688,4891a6,ENT6UP,Poland,1790931237.0,1790931237,-5.8822,41.3965,7658.1,False,208.26,233.64,8.13,,8054.34,2000,False,0
689,406947,BAW18A,United Kingdom,1790931237.0,1790931237,-1.45,51.3346,4267.2,False,148.23,96.98,0.0,,4503.42,7740,False,0
690,89610d,UAE772,United Arab Emirates,1790931236.0,1790931236,19.722,-33.0671,8107.68,False,201.37,232.37,-9.1,,8503.92,,False,0
691,a16e7d,UAL1141,United States,1790931236.0,1790931236,-94.1475,43.2485,11894.82,False,256.76,91.15,-0.33,,12199.62,,False,0
692,345583,ANE83ZY,Spain,1790931173.0,1790931176,-3.5895,40.497,,True,0.0,180.0,,,,1000,False,0
693,471d68,WZZ9YC,Hungary,1790931130.0,1790931130,-3.5625,40.489,,True,5.92,25.31,,,,,False,0
694,3ffa9b,DMHZB,Germany,1790931077.0,1790931077,8.9867,50.0119,0.0,False,30.08,347.15,,,,,False,0
695,3b4fff,NET5,France,1790931227.0,1790931227,2.3728,48.7188,,True,3.86,168.75,,,,,False,0
696,471d63,WZZ909,Hungary,1790931236.0,1790931236,20.3527,44.799,541.02,False,78.76,123.27,10.4,,754.38,,False,0
697,e49cac,GLO1739,Brazil,1790931236.0,1790931236,-48.4158,-4.3473,11894.82,False,230.26,188.22,0.98,,12641.58,,False,0
698,471d61,WZZ166,Hungary,1790931237.0,1790931237,9.1608,44.0147,10980.42,False,237.52,61.83,0.33,,11452.86,1000,False,0
699,471d67,WZZ3835,Hungary,1790931237.0,1790931237,16.9644,51.0083,10668.0,False,236.05,161.84,0.0,,11094.72,4560,False,0
700,471d64,WZZ67,Hungary,1790931236.0,1790931236,18.648,47.4229,6248.4,False,194.42,283.15,11.38,,6614.16,4223,False,0
701,84715c,JJP18,Japan,1790931236.0,1790931236,138.1649,33.8371,11277.6,False,262.24,68.72,0.0,,11955.78,6253,False,0
702,ac45d5,FDX85,United States,1790931236.0,1790931236,-95.2977,39.7648,10363.2,False,238.88,317.62,0.0,,10805.16,1652,False,0
703,471d71,WZZ1223,Hungary,1790931236.0,1790931236,16.8775,43.7428,10668.0,False,208.82,61.29,0.0,,11071.86,1261,False,0
704,471d72,WZZ8MU,Hungary,1790931236.0,1790931237,23.4656,41.3954,10980.42,False,211.46,326.81,-0.33,,11209.02,7357,False,0
705,471d70,WZZ89,Hungary,1790931237.0,1790931237,-0.9318,42.3956,10363.2,False,242.72,53.45,0.0,,10820.4,1000,False,0
706,471d5a,,Hungary,1790931226.0,1790931234,17.2001,48.1681,,True,1.29,5.62,,,,,False,0
707,471d5b,WZZ30DY,Hungary,1790931209.0,1790931230,42.4656,42.1805,-15.24,True,0.0,345.94,,,,,False,0
708,471d5c,WZZ8027,Hungary,1790931236.0,1790931236,2.5665,39.7939,10675.62,False,229.51,208.52,0.0,,11193.78,1000,False,0
709,847183,NCA228,Japan,1790931237.0,1790931237,128.9219,32.6882,10668.0,False,284.74,76.42,0.33,,11323.32,4437,False,0
710,8003e5,AF321,India,1790931236.0,1790931236,83.9602,26.757,10363.2,False,221.68,285.62,-0.33,,11003.28,,False,0
711,403003,GBRND,United Kingdom,1790931193.0,1790931195,-1.6117,52.8615,-91.44,False,28.76,227.17,-2.6,,129.54,,False,0
712,a39b56,UPS956,United States,1790931236.0,1790931236,-92.6285,38.8534,11590.02,False,200.17,277.23,-0.33,,12131.04,6774,False,0
713,40697b,BAW430A,United Kingdom,1790931237.0,1790931237,-0.5032,51.4773,381.0,False,78.22,268.49,5.2,,579.12,3411,False,0
714,344217,AEA6156,Spain,1790931237.0,1790931237,1.6715,40.8219,3459.48,False,158.37,328.69,-6.5,,3733.8,,False,0
715,344213,ANE44MT,Spain,1790931167.0,1790931180,-3.5737,40.4877,,True,7.72,270.0,,,,1000,False,0
716,3f505f,GAF390,Germany,1790931237.0,1790931237,9.2106,47.3995,1363.98,False,55.15,53.34,0.0,,,6017,False,0
717,a77e97,DAL430,United States,1790931237.0,1790931237,-105.5683,41.0703,10668.0,False,248.6,61.58,0.0,,11201.4,5276,False,0
718,406900,EXS26VG,United Kingdom,1790931237.0,1790931237,-1.2393,52.0536,10972.8,False,223.83,157.86,0.0,,11231.88,5264,False,0
719,841c60,JAL320,Japan,1790930989.0,1790930995,139.7843,35.5473,,True,0.0,59.06,,,,4736,False,0
720,7cb05e,QLK368D,Australia,1790931121.0,1790931121,151.7061,-24.8535,7315.2,False,162.88,328.17,0.33,,7787.64,,False,0
721,7cb05c,QLK166D,Australia,1790931196.0,1790931196,151.182,-33.9508,,True,7.46,75.94,,,,,False,0
722,aa3b85,AAL904,United States,1790931039.0,1790931211,-76.7337,23.6677,10363.2,False,244.31,302.62,0.0,,11041.38,,False,0
723,7cb05a,84C,Australia,1790931228.0,1790931233,153.0109,-27.5731,,True,0.0,135.0,,,,,False,0
724,7cb060,QLK576D,Australia,1790931225.0,1790931225,138.5365,-34.9465,,True,0.0,306.56,,,,,False,0
725,801805,IGO1064,India,1790931232.0,1790931232,78.5508,28.0082,6370.32,False,229.39,297.08,-17.88,,6743.7,,False,0
726,7cb061,QLK37D,Australia,1790931237.0,1790931237,151.1828,-33.9312,,True,0.0,351.56,,,,,False,0
727,8a05cb,LKN191,Indonesia,1790931232.0,1790931232,107.5144,-5.5008,9098.28,False,235.82,272.38,-4.88,,9745.98,,False,0
728,e4a4c7,GLO9638,Brazil,1790931030.0,1790931030,-41.9414,-17.8711,11277.6,False,242.72,37.16,0.0,,11971.02,,False,0
729,8626cc,ANA637,Japan,1790931237.0,1790931237,135.2711,34.9035,11582.4,False,189.42,255.21,0.0,,12230.1,2126,False,0
730,a988f0,DAL667,United States,1790931237.0,1790931237,-113.7286,41.7607,11277.6,False,248.1,64.98,0.0,,11788.14,,False,0
731,505d24,OMM826,Slovakia,1790931236.0,1790931236,18.1241,47.7528,228.6,False,45.17,104.51,-0.65,,373.38,,False,0
732,89617c,UAE98X,United Arab Emirates,1790931237.0,1790931237,26.6674,44.8162,10972.8,False,249.04,318.94,0.0,,11239.5,1000,False,0
733,7cb059,QLK12D,Australia,1790931227.0,1790931227,151.1748,-33.933,,True,0.0,348.75,,,,4362,False,0
734,a12712,UAL197,United States,1790931235.0,1790931235,142.3858,33.646,10668.0,False,236.19,169.2,0.33,,11346.18,6165,False,0
735,89617b,UAE135,United Arab Emirates,1790931237.0,1790931237,31.3015,31.6196,10972.8,False,263.32,348.73,0.0,,11369.04,,False,0
736,3836a4,FBNVE,France,1790931236.0,1790931236,1.6722,47.7801,1249.68,False,65.36,295.15,,,,,False,0
737,896195,UAE8UW,United Arab Emirates,1790931237.0,1790931237,-7.8776,49.9729,11277.6,False,265.48,98.02,0.0,,11544.3,2264,False,0
738,738102,ELY016,Israel,1790931236.0,1790931236,21.3668,40.2298,12489.18,False,255.81,128.71,-0.33,,12725.4,7506,False,0
739,738100,ELY017,Israel,1790931237.0,1790931237,12.6482,40.4907,11582.4,False,236.07,287.76,-0.33,,12047.22,,False,0
740,896192,UAE6JL,United Arab Emirates,1790931237.0,1790931237,34.4112,38.6641,12192.0,False,242.46,311.13,0.0,,12466.32,,False,0
741,ac335b,SWA3945,United States,1790931237.0,1790931237,-103.749,41.9867,11277.6,False,260.38,93.85,0.0,,11788.14,,False,0
742,4a3121,AIZ073,Romania,1790931236.0,1790931236,29.9539,34.5954,10355.58,False,226.64,318.31,0.33,,10622.28,4145,False,0
743,4a3122,AIZ291,Romania,1790931236.0,1790931236,25.0279,44.0047,11582.4,False,236.09,314.56,0.0,,11826.24,5574,False,0
744,adb653,ASA214,United States,1790931237.0,1790931237,-90.0457,45.8237,10668.0,False,271.65,103.25,0.0,,10873.74,,False,0
745,3c15be,OCN3,Germany,1790931237.0,1790931237,2.2471,51.0875,11887.2,False,259.45,87.95,0.0,,12192.0,2204,False,0
746,adc96f,MTN8302,United States,1790931237.0,1790931237,-77.4335,38.9984,350.52,False,72.07,198.31,-4.55,,350.52,1755,False,0
747,4adacb,SEVVK,Sweden,1790931147.0,1790931147,15.0485,59.1974,152.4,False,35.68,241.59,-2.28,,403.86,,False,0
748,801839,IGO6344,India,1790931237.0,1790931237,85.8935,24.7491,11879.58,False,232.1,125.35,0.0,,12649.2,0565,False,0
749,896175,UAE2VL,United Arab Emirates,1790931237.0,1790931237,-6.057,47.79,10668.0,False,264.22,99.87,0.0,,11003.28,,False,0
750,781b13,CCA935,China,1790931236.0,1790931236,84.7276,57.7773,11582.4,False,237.15,300.79,0.0,,11605.26,,False,0
751,a4c2ad,JBU2220,United States,1790931115.0,1790931115,-13.6886,52.4912,9768.84,False,203.77,271.3,0.0,,9860.28,5444,False,0
752,80182f,IGO69TA,India,1790931113.0,1790931113,83.8045,22.0148,11582.4,False,232.24,257.07,0.0,,12321.54,1413,False,0
753,a4870d,FFT3494,United States,1790931237.0,1790931237,-96.6373,39.4736,11871.96,False,250.98,86.59,0.0,,12397.74,3160,False,0
754,a5f5bf,SWA3801,United States,1790931237.0,1790931237,-91.7631,40.77,11285.22,False,274.87,91.93,0.33,,11750.04,0351,False,0
755,89616a,UAE1Y,United Arab Emirates,1790931237.0,1790931237,34.5248,35.5485,9753.6,False,234.67,296.85,0.0,,10050.78,,False,0
756,ab38a1,DAL2834,United States,1790931237.0,1790931237,-108.2307,39.1812,11277.6,False,233.34,57.61,0.0,,11856.72,1100,False,0
757,c07a0f,TSC728,Canada,1790931207.0,1790931212,-0.1742,51.1588,,True,0.0,345.94,,,,7643,False,0
758,a12755,UAL1138,United States,1790931237.0,1790931237,-90.5397,14.6665,4930.14,False,190.15,329.97,7.8,,5181.6,4756,False,0
759,a12756,UAL233,United States,1790931237.0,1790931237,-91.1099,35.3425,11277.6,False,256.57,109.2,0.0,,11971.02,3761,False,0
760,40690d,EZY3176,United Kingdom,1790931236.0,1790931236,-8.6124,41.8421,4861.56,False,191.31,9.29,10.4,,5173.98,3357,False,0
761,c044c8,RS200,Canada,1790930922.0,1790930922,-105.4147,54.3509,3611.88,False,123.89,4.76,0.33,,3596.64,,False,0
762,505d5b,OMS500,Slovakia,1790931236.0,1790931236,4.6768,50.5759,350.52,False,77.8,290.11,-0.98,,563.88,2000,False,0
763,80180a,VTVSV,India,1790931038.0,1790931038,76.0466,28.1959,4762.5,False,200.87,25.65,-5.53,,5090.16,,False,0
764,80180b,IGO438V,India,1790931237.0,1790931237,77.3252,28.5258,1043.94,False,100.48,8.84,-1.95,,1059.18,,False,0
765,3849ff,M02,France,1790931221.0,1790931221,7.5268,47.5999,,True,0.0,239.06,,,,,False,0
766,801823,IGO1072,India,1790931236.0,1790931236,74.9182,19.5062,10477.5,False,228.87,275.29,-5.85,,11140.44,0760,False,0
767,801833,AKJ554C,India,1790931237.0,1790931237,76.8397,28.4805,2628.9,False,153.5,177.12,5.85,,2743.2,,False,0
768,781b42,CSC3783,China,1790931215.0,1790931215,117.0785,22.949,9464.04,False,236.61,82.5,0.0,,10134.6,,False,0
769,abbea2,N856LF,United States,1790931237.0,1790931237,-117.1613,44.3288,6736.08,False,150.85,138.32,-6.18,,7040.88,3531,False,0
770,45218e,LZB432,Bulgaria,1790931237.0,1790931237,5.3525,48.5931,9631.68,False,236.17,112.54,5.53,,10020.3,7552,False,0
771,781acd,CHB6280,China,1790930951.0,1790930951,120.3334,38.0202,7193.28,False,198.86,230.67,0.0,,7482.84,,False,0
772,452199,AIZ212,Bulgaria,1790931237.0,1790931237,25.7419,37.3229,8846.82,False,221.19,120.62,4.55,,9037.32,7405,False,0
773,a1148c,N169QS,United States,1790931237.0,1790931237,14.1756,48.0523,12192.0,False,241.25,324.55,0.0,,12611.1,2060,False,0
774,39dd40,CCM31GM,France,1790931236.0,1790931237,9.7123,42.9673,5189.22,False,136.8,293.96,0.65,,5501.64,,False,0
775,39dd42,CCM33PI,France,1790931236.0,1790931236,7.5992,43.4881,10363.2,False,222.28,314.34,-0.33,,10843.26,1000,False,0
776,3e53b2,DIWWW,Germany,1790931237.0,1790931237,8.863,54.575,1623.06,False,129.9,310.5,-9.43,,1805.94,5002,False,0
777,a1bdcc,N211FX,United States,1790931237.0,1790931237,-77.1256,38.796,350.52,False,38.67,3.81,-0.33,,358.14,,False,0
778,a0f44c,DAL650,United States,1790931236.0,1790931236,-97.6609,42.3818,11277.6,False,253.39,85.46,0.0,,11689.08,,False,0
779,452165,DAH1534,Bulgaria,1790931237.0,1790931237,5.001,46.0031,10965.18,False,230.14,2.31,0.0,,11407.14,5566,False,0
780,452163,LZB492,Bulgaria,1790931237.0,1790931237,8.5618,47.4546,,True,4.37,87.19,,,,3046,False,0
781,8a03f3,AWQ545,Indonesia,1790931237.0,1790931237,115.8442,-31.1993,7132.32,False,210.96,1.12,8.78,,7330.44,1413,False,0
782,440179,EJU62EL,Austria,1790931236.0,1790931236,8.5222,45.2412,2491.74,False,138.19,350.57,-2.93,,2735.58,1000,False,0
783,3441d7,,Spain,1790930927.0,1790930927,-3.5916,40.5009,,True,11.32,0.0,,,,,False,0
784,440184,AUA1R,Austria,1790931237.0,1790931237,16.5733,48.1131,,True,3.6,22.5,,,,,False,0
785,440181,EJU4620,Austria,1790931237.0,1790931237,-2.4693,53.5299,11277.6,False,220.43,154.27,0.0,,11468.1,6334,False,0
786,3931ec,FGMPM,France,1790931237.0,1790931237,7.2883,43.6563,7620.0,False,128.99,120.96,-0.33,,8046.72,1000,False,0
787,44015a,EJU86AF,Austria,1790931237.0,1790931237,23.3293,38.088,6019.8,False,198.5,287.5,8.78,,6225.54,6625,False,0
788,a7bb77,DAL1697,United States,1790931237.0,1790931237,-95.5276,38.1956,10073.64,False,273.89,68.4,0.0,,10553.7,,False,0
789,440165,OEADW,Austria,1790931237.0,1790931237,16.2864,47.9571,312.42,False,42.2,44.01,0.65,,518.16,,False,0
790,440172,EJU54YE,Austria,1790931236.0,1790931236,12.111,42.2974,1981.2,False,147.5,168.53,-8.45,,2232.66,1000,False,0
791,e071cb,ARG1664,Argentina,1790931236.0,1790931236,-58.4813,-34.8433,5090.16,False,175.07,236.26,16.26,,5181.6,1754,False,0
792,440170,EJU58UD,Austria,1790931237.0,1790931237,-0.0207,50.1503,8366.76,False,217.03,164.74,8.78,,8694.42,2017,False,0
793,500168,DWC009,San Marino,1790931237.0,1790931237,103.838,1.3747,541.02,False,88.81,215.81,8.13,,556.26,,False,0
794,452186,AMQ5321,Bulgaria,1790931237.0,1790931237,25.0777,45.581,10972.8,False,236.21,321.63,0.0,,11269.98,5316,False,0
795,44aae2,OOJWB,Belgium,1790931237.0,1790931237,10.0762,49.5906,8534.4,False,125.9,294.89,0.0,,8938.26,1000,False,0
796,47875c,NOZ5RK,Norway,1790931236.0,1790931237,14.8168,55.301,11277.6,False,223.16,158.64,0.0,,11643.36,4517,False,0
797,47875a,NOZ1WC,Norway,1790931237.0,1790931237,14.0635,52.7787,11582.4,False,234.3,349.63,0.0,,11963.4,6006,False,0
798,300a9e,IPVLE,Italy,1790931236.0,1790931237,11.2697,42.9901,1844.04,False,54.34,341.22,0.0,,2049.78,,False,0
799,300a9d,ITY640,Italy,1790931237.0,1790931237,12.5714,42.0482,4069.08,False,184.59,5.76,2.93,,4366.26,,False,0
800,c0219c,ACA7072,Canada,1790931237.0,1790931237,-114.1265,51.7326,3985.26,False,197.87,167.84,-14.31,,4023.36,4231,False,0
801,452172,EAF9535,Bulgaria,1790931236.0,1790931236,19.4656,47.3494,10363.2,False,230.72,342.62,0.0,,10759.44,2662,False,0
802,e49d20,AZU2913,Brazil,1790931237.0,1790931237,-38.0322,-4.3896,6880.86,False,182.58,144.52,7.8,,7299.96,,False,0
803,e49d24,AZU4208,Brazil,1790931236.0,1790931236,-47.1795,-24.4311,10972.8,False,187.93,240.84,0.0,,11513.82,,False,0
804,440188,OECCB,Austria,1790931232.0,1790931237,12.6364,42.1304,350.52,False,42.98,348.96,-3.58,,518.16,,False,0
805,440195,EJU68MR,Austria,1790931237.0,1790931237,-0.9805,51.7606,10668.0,False,226.36,144.9,0.0,,10949.94,2021,False,0
806,440191,EJU96QP,Austria,1790931237.0,1790931237,-5.2225,38.3112,10972.8,False,225.01,26.04,0.0,,11483.34,6452,False,0
807,452169,MSC2942,Bulgaria,1790931235.0,1790931236,22.7906,41.2053,10347.96,False,224.42,311.84,-0.33,,10614.66,7210,False,0
808,452121,LZB472,Bulgaria,1790931237.0,1790931237,-0.0153,41.3387,11437.62,False,219.91,87.32,2.93,,11910.06,1445,False,0
809,471dbe,WZZ233,Hungary,1790931237.0,1790931237,10.4643,46.1743,10972.8,False,234.92,40.74,0.0,,11445.24,1000,False,0
810,ab5c99,TSU8364,United States,1790931237.0,1790931237,-93.0628,44.8238,822.96,False,80.06,302.67,-0.33,,876.3,5647,False,0
811,471dbb,WZZ3588,Hungary,1790931236.0,1790931236,-0.1896,51.151,,True,9.77,78.75,,,,1104,False,0
812,440132,EJU73XA,Austria,1790931237.0,1790931237,11.3171,42.1012,11582.4,False,212.27,312.54,0.0,,12054.84,,False,0
813,471dba,WZZ4,Hungary,1790931237.0,1790931237,3.8497,41.6038,7444.74,False,223.09,77.89,17.56,,7871.46,1000,False,0
814,0d12dd,VIV687,Mexico,1790931237.0,1790931237,-90.0666,30.5294,10972.8,False,237.96,249.76,0.0,,11681.46,1676,False,0
815,452119,AMQ5528,Bulgaria,1790931236.0,1790931236,30.5558,36.363,10668.0,False,237.85,145.93,0.0,,10888.98,5544,False,0
816,300a7c,DLA6MH,Italy,1790931237.0,1790931237,11.734,48.2533,3002.28,False,167.12,82.39,-5.2,,3276.6,1000,False,0
817,471dc0,WZZ573,Hungary,1790931236.0,1790931236,5.1865,42.9277,10668.0,False,219.31,236.87,0.0,,11163.3,1000,False,0
818,39ca85,SAMU45,France,1790931020.0,1790931020,1.92,47.8354,,True,0.06,317.81,,,,,False,0
819,300a7d,DLH837,Italy,1790931236.0,1790931236,9.555,55.3392,5227.32,False,152.56,167.93,11.7,,5478.78,1000,False,0
820,44012f,AUA8K,Austria,1790931237.0,1790931237,8.3597,50.3401,11277.6,False,261.93,102.02,0.0,,11666.22,5251,False,0
821,a7cdf6,N60143,United States,1790931237.0,1790931237,-117.7031,33.9869,579.12,False,44.86,93.95,-0.98,,548.64,3340,False,0
822,8018a8,IGO1163,India,1790931237.0,1790931237,103.7672,1.0311,4152.9,False,140.98,84.98,-6.5,,4411.98,,False,0
823,471dc1,WZZ1628,Hungary,1790930520.0,1790931236,18.6426,53.8576,11277.6,False,231.75,78.22,0.0,,11681.46,4630,False,0
824,300a7e,DLA7CM,Italy,1790931236.0,1790931236,10.8867,47.133,10972.8,False,222.88,335.74,0.0,,11391.9,1000,False,0
825,45cab5,NSZ8531,Denmark,1790931236.0,1790931237,-3.3114,40.5753,11148.06,False,225.02,214.38,0.98,,11590.02,5661,False,0
826,440128,EJU68JA,Austria,1790931237.0,1790931237,-3.3589,55.9513,,True,5.66,303.75,,,,,False,0
827,4bd8ce,TKJ2XJ,Turkey,1790931233.0,1790931236,26.9041,39.4924,464.82,False,67.82,54.26,-3.9,,586.74,5126,False,0
828,4bd8cc,TKJ3QR,Turkey,1790931237.0,1790931237,16.4713,51.6568,10972.8,False,227.46,328.5,0.0,,11384.28,3207,False,0
829,a126c3,UAL2702,United States,1790931236.0,1790931236,-106.5795,40.2456,10668.0,False,253.55,134.75,0.0,,11216.64,,False,0
830,8a051f,BTK6527,Indonesia,1790931235.0,1790931236,106.7279,-5.9852,2689.86,False,145.4,247.97,-10.08,,2887.98,,False,0
831,acdf9a,AAL2429,United States,1790931235.0,1790931235,-97.0353,32.9058,,True,0.0,258.75,,,,3164,False,0
832,e4a526,TAM4537,Brazil,1790931237.0,1790931237,-46.5386,-23.295,2606.04,False,101.88,303.05,-2.28,,2720.34,,False,0
833,300a62,ITY679,Italy,1790931237.0,1790931237,11.4535,41.5864,5273.04,False,208.39,69.33,-13.0,,5600.7,,False,0
834,47871d,LNOGP,Norway,1790930969.0,1790930971,7.0785,60.7312,1249.68,False,59.06,52.43,-6.18,,1409.7,,False,0
835,440159,EJU92KA,Austria,1790931237.0,1790931237,16.9978,43.6278,11277.6,False,251.5,173.78,0.0,,11673.84,1135,False,0
836,356342,AME4532,Spain,1790931237.0,1790931237,12.4177,54.4962,10972.8,False,219.84,223.1,0.0,,11330.94,3564,False,0
837,471da8,WZZ3EA,Hungary,1790931235.0,1790931237,20.5782,42.4932,7780.02,False,195.26,125.24,-9.1,,8115.3,7621,False,0
838,471daf,WZZ6RJ,Hungary,1790931236.0,1790931236,18.9602,51.1296,11277.6,False,240.55,167.78,0.0,,11673.84,1000,False,0
839,471dad,WMT6943,Hungary,1790931237.0,1790931237,9.6648,49.6055,10668.0,False,228.02,137.93,0.0,,11071.86,3131,False,0
840,e4a516,TAM3029,Brazil,1790931235.0,1790931236,-50.3201,-24.7505,11277.6,False,256.79,74.07,0.0,,11803.38,,False,0
841,8a0516,BTK6508,Indonesia,1790931032.0,1790931032,109.3422,-6.578,10668.0,False,227.81,101.46,0.0,,11437.62,,False,0
842,471db6,WZZ2QZ,Hungary,1790931237.0,1790931237,-2.6487,37.7284,9304.02,False,232.09,45.54,4.23,,9806.94,5301,False,0
843,471db7,WZZ2TT,Hungary,1790931235.0,1790931236,31.9438,37.8373,10965.18,False,233.18,311.78,0.0,,11209.02,4152,False,0
844,471db4,WZZ47,Hungary,1790931221.0,1790931223,19.2656,47.4344,,True,0.19,222.19,,,,1000,False,0
845,471db5,WZZ44LB,Hungary,1790931237.0,1790931237,23.3019,42.1718,5280.66,False,190.63,331.29,-15.93,,5562.6,2226,False,0
846,471db8,WMT1800,Hungary,1790931236.0,1790931236,20.0923,43.9621,9753.6,False,220.4,306.36,6.18,,10119.36,,False,0
847,471db9,WZZ1031,Hungary,1790931237.0,1790931237,15.7554,45.6131,11277.6,False,241.78,130.95,0.0,,11704.32,0103,False,0
848,4bd8c9,TKJ59R,Turkey,1790931070.0,1790931070,39.7809,40.9958,,True,2.06,202.5,,,,0733,False,0
849,452126,CFG7PT,Bulgaria,1790931212.0,1790931212,18.6644,41.8945,10355.58,False,220.18,323.26,0.33,,10706.1,7734,False,0
850,e4a50e,TAM3305,Brazil,1790931237.0,1790931237,-47.1012,-23.0885,5859.78,False,181.33,47.53,-4.88,,6149.34,,False,0
851,4bd8c4,TKJ87B,Turkey,1790931236.0,1790931236,29.6695,40.2594,4069.08,False,166.34,272.66,-3.9,,4221.48,,False,0
852,4bd8c3,TKJ7AX,Turkey,1790931237.0,1790931237,5.8454,51.4012,10972.8,False,212.2,289.84,0.0,,11308.08,3541,False,0
853,a126ea,UAL1137,United States,1790931236.0,1790931236,-102.5976,24.6891,10668.0,False,240.03,117.99,-0.33,,11384.28,,False,0
854,4bb2b0,THY5JN,Turkey,1790931236.0,1790931236,27.2737,38.515,4122.42,False,149.02,173.86,-5.2,,4267.2,5137,False,0
855,8a0507,CTV681,Indonesia,1790931219.0,1790931219,106.6291,-6.1201,137.16,False,69.0,69.94,-3.58,,144.78,,False,0
856,a246cb,FDX1400,United States,1790931237.0,1790931237,-87.7157,33.1309,11277.6,False,245.63,130.33,0.0,,11986.26,1662,False,0
857,4bb2aa,TKJ7HY,Turkey,1790931237.0,1790931237,20.3469,45.1377,10363.2,False,226.41,309.01,0.0,,10721.34,3261,False,0
858,4bb2ab,TKJ7UN,Turkey,1790931237.0,1790931237,17.7147,46.3753,10972.8,False,216.51,297.3,0.0,,11384.28,2640,False,0
859,84d622,SFJ86,Japan,1790931230.0,1790931232,139.7877,35.5458,,True,0.06,329.06,,,,2375,False,0
860,a96412,GTI896,United States,1790931237.0,1790931237,-91.4866,43.1263,10058.4,False,268.55,115.29,0.0,,10393.68,4122,False,0
861,300a3b,ITY305,Italy,1790931237.0,1790931237,8.6473,46.23,8199.12,False,233.63,174.44,-4.23,,8633.46,1000,False,0
862,7c7530,ANO362,Australia,1790931236.0,1790931236,115.9634,-31.9388,,True,13.38,239.06,,,,6774,False,0
863,4bb2af,TKJ9QF,Turkey,1790930953.0,1790930965,39.7813,40.9954,,True,0.0,202.5,,,,1052,False,0
864,7c7533,PY3034,Australia,1790931237.0,1790931237,116.8256,-30.4899,3962.4,False,135.96,200.84,0.0,,4091.94,,False,0
865,300a54,IOZZY,Italy,1790930957.0,1790930963,11.5456,44.4778,-76.2,False,30.44,239.53,-3.25,,106.68,7000,False,0
866,682276,MNG902,Mongolia,1790931237.0,1790931237,125.7025,37.3964,11612.88,False,176.51,279.9,-0.33,,12047.22,7006,False,0
867,7020b9,S2MKT,Bangladesh,1790931237.0,1790931237,90.3938,23.8589,45.72,False,20.23,97.31,2.6,,-15.24,,False,0
868,a8a748,FFT4402,United States,1790931237.0,1790931237,-115.0237,35.9999,2430.78,False,121.65,93.64,-0.33,,2552.7,3254,False,0
869,7020b5,UBG536,Bangladesh,1790931237.0,1790931237,91.0938,24.4693,3657.6,False,125.72,239.24,-0.33,,3863.34,,False,0
870,8018c3,AKJ1146,India,1790930985.0,1790931011,77.6531,15.0701,10972.8,False,237.79,306.2,0.0,,11635.74,,False,0
871,8018c1,AKJ171C,India,1790930994.0,1790930994,73.5733,22.7542,10668.0,False,248.5,19.97,0.0,,11346.18,,False,0
872,0d12c6,VOI7820,Mexico,1790931237.0,1790931237,-90.4736,39.8699,11285.22,False,274.34,46.22,0.0,,11818.62,2413,False,0
873,440115,EJU35EA,Austria,1790931237.0,1790931237,3.353,47.2845,10058.4,False,219.45,123.91,0.0,,10485.12,1000,False,0
874,a52aed,DAL215,United States,1790931237.0,1790931237,7.2828,45.1138,10363.2,False,234.84,308.95,0.0,,10820.4,5725,False,0
875,7020be,UBG381,Bangladesh,1790930996.0,1790931020,83.8764,22.9853,3649.98,False,246.81,273.23,0.0,,11681.46,4721,False,0
876,7020bc,AWA475,Bangladesh,1790931236.0,1790931237,89.5924,24.378,3657.6,False,129.91,336.18,0.0,,3802.38,4111,False,0
877,8018c7,IGO1013,India,1790931236.0,1790931236,103.2038,1.2965,8046.72,False,178.93,145.9,-3.9,,8595.36,,False,0
878,7020c9,AWA455,Bangladesh,1790931231.0,1790931237,90.3904,23.8562,,True,0.0,236.25,,,,,False,0
879,8018c9,IGO241,India,1790931179.0,1790931209,73.4128,22.3453,11269.98,False,243.14,20.05,0.0,,11986.26,,False,0
880,4bb2a1,TKJ1KE,Turkey,1790931237.0,1790931237,4.4883,50.9066,,True,9.26,67.5,,,,1000,False,0
881,4bb2a2,TKJ9XD,Turkey,1790931237.0,1790931237,3.9932,49.4957,6499.86,False,187.97,259.27,-8.45,,6842.76,1000,False,0
882,e49bfc,TAM3221,Brazil,1790931237.0,1790931237,-46.6325,-23.4694,1447.8,False,83.31,135.75,-0.65,,1508.76,,False,0
883,781ac4,CCA868,China,1790931237.0,1790931237,29.0833,-25.9075,6865.62,False,227.46,43.26,6.18,,7216.14,,False,0
884,e49bff,TAM3230,Brazil,1790931236.0,1790931237,-46.2717,-22.6979,5074.92,False,175.77,188.41,-4.23,,5334.0,,False,0
885,440100,SKV555,Austria,1790931237.0,1790931237,7.9726,47.7011,8534.4,False,131.77,277.4,0.0,,8961.12,1000,False,0
886,846020,IBX65,Japan,1790931236.0,1790931236,136.792,34.8964,845.82,False,74.59,323.13,12.03,,929.64,4616,False,0
887,a126e6,UAL2083,United States,1790931107.0,1790931113,-89.7323,21.2761,10972.8,False,253.5,335.67,0.0,,11628.12,,False,0
888,4bb1e4,THY1SX,Turkey,1790931236.0,1790931236,15.2367,46.5048,11582.4,False,228.89,300.08,0.0,,12009.12,1332,False,0
889,4bb1e5,THY369,Turkey,1790931236.0,1790931236,30.8377,41.5801,8732.52,False,218.35,274.73,-5.2,,,,False,0
890,4bb1e2,THY67F,Turkey,1790931209.0,1790931236,38.9658,41.1332,12192.0,False,222.28,278.79,0.0,,12306.3,7277,False,0
891,505c54,OMESB,Slovakia,1790931237.0,1790931237,17.5168,48.4894,335.28,False,49.32,300.04,2.28,,533.4,7000,False,0
892,8004e0,AIC189,India,1790931237.0,1790931237,52.4676,25.9591,10972.8,False,241.37,295.64,0.0,,11628.12,3547,False,0
893,a77f26,UPS751,United States,1790931237.0,1790931237,-85.7854,38.298,830.58,False,77.61,165.41,-3.58,,830.58,2552,False,0
894,a353c6,UPS970,United States,1790931182.0,1790931182,-101.1361,43.1091,11590.02,False,210.98,280.68,0.0,,12016.74,,False,0
895,34438e,H27,Spain,1790931237.0,1790931237,2.1034,41.3131,,True,10.8,64.69,,,,,False,0
896,4bb1e8,THY9YZ,Turkey,1790931237.0,1790931237,12.2941,60.0693,4099.56,False,155.52,317.82,-0.98,,4312.92,4670,False,0
897,344391,H24,Spain,1790931205.0,1790931205,2.1062,41.3107,,True,11.32,177.19,,,,,False,0
898,89621a,UAE89V,United Arab Emirates,1790931237.0,1790931237,55.4124,25.2262,121.92,False,81.26,301.27,-4.55,,106.68,4037,False,0
899,8017e4,IGO362H,India,1790931237.0,1790931237,76.9317,28.4777,3657.6,False,159.84,103.59,-0.98,,3840.48,,False,0
900,34304f,ECKJQ,Spain,1790931232.0,1790931232,-8.6176,43.0008,815.34,False,104.99,354.09,-0.98,,975.36,,False,0
901,344390,H26,Spain,1790931236.0,1790931236,2.1059,41.3116,,True,10.29,154.69,,,,,False,0
902,8017f2,IGO774Y,India,1790931237.0,1790931237,86.4571,23.5496,10660.38,False,245.53,121.03,0.33,,11353.8,0506,False,0
903,4bb1c3,THY3JL,Turkey,1790931237.0,1790931237,3.6455,41.5872,7597.14,False,191.61,318.05,-4.55,,8031.48,1734,False,0
904,a15c80,AAL2886,United States,1790931237.0,1790931237,-90.7092,40.9925,10043.16,False,251.51,113.89,0.0,,10431.78,,False,0
905,4892c5,ENT3XE,Poland,1790929319.0,1790931237,21.3529,40.977,11071.86,False,207.53,353.74,4.88,,11338.56,,False,0
906,4892c4,ENT9WZ,Poland,1790924902.0,1790931084,21.9975,48.1393,6324.6,False,224.89,168.25,0.0,,11635.74,7044,False,0
907,3e553c,DIXMA,Germany,1790931237.0,1790931237,8.4468,47.8789,2583.18,False,68.43,246.52,11.38,,2842.26,2776,False,0
908,728844,HYA1935,Iraq,1790931236.0,1790931236,55.1165,25.3064,3055.62,False,163.9,143.17,-0.65,,3253.74,7273,False,0
909,39320b,NAK312B,France,1790931237.0,1790931237,4.6883,47.0662,2453.64,False,72.94,244.52,0.0,,2682.24,,False,0
910,a3ec79,N352CM,United States,1790931237.0,1790931237,14.9512,50.071,7246.62,False,99.81,270.59,3.25,,7635.24,1457,False,0
911,4892c7,ENT4171,Poland,1790931237.0,1790931237,24.5607,41.0699,11277.6,False,237.07,148.76,0.33,,11490.96,2016,False,0
912,a52c5c,UPS990,United States,1790931236.0,1790931236,-104.6626,39.8351,,True,11.32,0.0,,,,,False,0
913,343046,VLG55MZ,Spain,1790931236.0,1790931236,-1.2664,43.289,10668.0,False,219.89,210.04,0.0,,11117.58,7155,False,0
914,34568c,VOE7WA,Spain,1790931236.0,1790931237,12.0933,39.6622,10820.4,False,208.83,337.86,7.15,,11292.84,1000,False,0
915,34568d,VOE84UT,Spain,1790931237.0,1790931237,-3.6576,43.134,11285.22,False,223.12,196.89,0.0,,11734.8,2345,False,0
916,345699,VOE61EC,Spain,1790931237.0,1790931237,4.3061,43.4511,8412.48,False,230.14,298.0,5.2,,8854.44,1000,False,0
917,ac46e0,N890RW,United States,1790931237.0,1790931237,139.8197,35.765,3169.92,False,153.82,359.62,16.58,,3322.32,7004,False,0
918,ac33c4,SWA3348,United States,1790931236.0,1790931236,-105.0633,34.3231,11277.6,False,251.51,95.05,0.0,,11856.72,,False,0
919,345691,IBE07VN,Spain,1790931237.0,1790931237,12.4304,46.2337,10972.8,False,239.23,53.75,-0.33,,11422.38,1000,False,0
920,896216,UAE718,United Arab Emirates,1790931236.0,1790931236,55.8658,25.1391,2933.7,False,134.83,311.6,-4.88,,3147.06,4703,False,0
921,896219,UAE84N,United Arab Emirates,1790929654.0,1790931237,23.5072,45.2742,11582.4,False,257.33,302.26,0.0,,11292.84,1000,False,0
922,847294,JAL523,Japan,1790931237.0,1790931237,140.7916,40.3976,11369.04,False,285.64,21.67,-11.05,,11711.94,7361,False,0
923,345686,IBS15XX,Spain,1790931237.0,1790931237,-12.4419,30.9329,11277.6,False,238.51,204.46,0.0,,11879.58,,False,0
924,345687,ANE81BU,Spain,1790931237.0,1790931237,1.4181,43.3092,10363.2,False,248.82,65.18,0.0,,10835.64,1000,False,0
925,884205,BKP274,Thailand,1790931236.0,1790931236,99.7093,9.856,10660.38,False,229.78,19.9,0.0,,,,False,0
926,7380c2,ELY006,Israel,1790931236.0,1790931236,26.423,39.048,11879.58,False,253.26,123.4,0.0,,12108.18,2253,False,0
927,ac20a1,SWA574,United States,1790931237.0,1790931237,-105.0722,39.5332,10668.0,False,250.01,93.66,0.0,,11216.64,1457,False,0
928,7380c1,ELY027,Israel,1790931237.0,1790931237,-74.0919,41.6016,2133.6,False,133.25,252.47,-0.33,,2194.56,0712,False,0
929,7380c6,ELY026,Israel,1790931236.0,1790931237,14.4833,44.3056,11887.2,False,255.38,126.32,-0.33,,12329.16,2203,False,0
930,7380c8,ELY008,Israel,1790931237.0,1790931237,1.4858,48.7729,11269.98,False,269.63,104.25,0.0,,11658.6,2236,False,0
931,471e60,WMT752,Hungary,1790931120.0,1790931234,17.0537,48.9689,10668.0,False,56.14,333.9,0.0,,9707.88,3402,False,0
932,7380c7,ELY315,Israel,1790931237.0,1790931237,24.713,39.6265,12184.38,False,250.64,305.22,-0.33,,12405.36,5602,False,0
933,c81a5a,ANZ087L,New Zealand,1790931018.0,1790931018,173.2455,-41.2784,53.34,False,45.2,221.31,-2.28,,198.12,,False,0
934,e08594,JES3211,Argentina,1790931236.0,1790931236,-63.0667,-41.309,10980.42,False,211.37,212.37,0.33,,11018.52,1661,False,0
935,344341,AEA54NL,Spain,1790931237.0,1790931237,2.4204,39.7184,5326.38,False,197.82,262.23,4.88,,5661.66,,False,0
936,ae1f56,G72071,United States,1790931237.0,1790931237,-106.4894,31.7717,1600.2,False,40.58,309.34,0.33,,1668.78,,False,0
937,471e5e,WZZ845,Hungary,1790931234.0,1790931237,15.5596,43.9436,10972.8,False,210.95,7.0,0.0,,11407.14,1000,False,0
938,ad9ac9,JBU1224,United States,1790931237.0,1790931237,-115.0597,36.0157,10050.78,False,243.48,48.6,0.0,,10599.42,7206,False,0
939,e49c59,TAM8055,Brazil,1790931110.0,1790931110,-46.4925,-23.4403,754.38,False,75.54,73.79,-3.9,,822.96,,False,0
940,80190b,IGO402,India,1790931158.0,1790931224,75.8225,26.4286,11590.02,False,208.83,204.29,0.0,,12291.06,,False,0
941,80190c,IGO813F,India,1790931181.0,1790931181,77.5333,13.4393,2125.98,False,131.9,210.47,-2.6,,2255.52,,False,0
942,345659,VOE2805,Spain,1790931236.0,1790931237,2.4171,45.9861,10972.8,False,205.5,267.27,0.0,,11407.14,0201,False,0
943,a12861,DAL319,United States,1790931237.0,1790931237,-89.1988,43.3886,11894.82,False,272.77,93.89,0.0,,12245.34,3221,False,0
944,840a64,JAL15,Japan,1790931236.0,1790931236,140.1992,35.9558,3337.56,False,151.76,188.19,0.0,,3489.96,6043,False,0
945,801928,IGO390M,India,1790931237.0,1790931237,76.705,28.2072,5295.9,False,193.45,201.86,12.03,,5577.84,,False,0
946,801927,IGO761M,India,1790931235.0,1790931235,88.1462,26.4153,11262.36,False,237.33,30.62,0.0,,11978.64,1474,False,0
947,4785c0,WIF82W,Norway,1790930951.0,1790930951,5.2091,60.3197,38.1,False,64.62,170.84,-2.93,,220.98,,False,0
948,4785c2,WIF8KT,Norway,1790931233.0,1790931235,14.5089,67.2578,739.14,False,95.84,162.83,9.43,,853.44,,False,0
949,ab148e,AAL150,United States,1790931237.0,1790931237,-13.0501,52.5019,12496.8,False,269.53,113.63,-0.33,,12641.58,,False,0
950,345646,VLG9BU,Spain,1790931236.0,1790931236,1.2818,46.0021,11269.98,False,214.65,189.1,0.0,,11704.32,1000,False,0
951,345642,VLG391Y,Spain,1790931236.0,1790931236,1.5626,42.4941,8892.54,False,227.37,338.78,4.55,,9364.98,5554,False,0
952,345643,VLG75ED,Spain,1790931234.0,1790931234,-0.1703,51.1549,,True,0.0,348.75,,,,5523,False,0
953,345645,VLG2BE,Spain,1790931236.0,1790931236,4.6594,51.7861,5311.14,False,177.17,205.82,11.7,,5585.46,1000,False,0
954,a9d9f7,AAL136,United States,1790931126.0,1790931126,-105.7035,43.9866,10058.4,False,266.02,46.65,0.0,,10477.5,,False,0
955,8a04a9,CTV423,Indonesia,1790931083.0,1790931084,107.6284,-5.511,9860.28,False,246.24,272.99,-12.03,,10706.1,,False,0
956,344307,ANE007,Spain,1790931229.0,1790931234,-3.59,40.4991,,True,0.0,180.0,,,,,False,0
957,801908,IGO6729,India,1790931236.0,1790931236,88.5297,22.4215,1645.92,False,99.49,192.24,-6.5,,1699.26,2601,False,0
958,3c4a02,DLH444,Germany,1790931237.0,1790931237,5.8212,51.1594,10355.58,False,233.87,290.07,8.13,,10721.34,2502,False,0
959,840a7c,JAL914,Japan,1790931236.0,1790931236,136.2527,32.6871,12496.8,False,273.9,50.87,0.0,,13243.56,,False,0
960,adfde0,RCH5088,United States,1790931199.0,1790931199,-22.6025,63.9917,,True,6.17,281.25,,,,,False,0
961,a8dc45,FFT3175,United States,1790931097.0,1790931098,-97.0444,32.8861,,True,0.77,270.0,,,,,False,0
962,89627b,ETD393,United Arab Emirates,1790931221.0,1790931221,54.501,24.6333,1150.62,False,122.81,301.29,-6.5,,1303.02,4702,False,0
963,34560d,VLG65PM,Spain,1790931237.0,1790931237,3.4951,50.2293,10066.02,False,212.84,207.49,0.0,,10431.78,2140,False,0
964,345613,VOE3344,Spain,1790931236.0,1790931236,-1.0605,42.5273,10363.2,False,197.53,134.47,0.33,,10805.16,1000,False,0
965,345615,ANE43PT,Spain,1790931237.0,1790931237,-8.1067,42.8292,4061.46,False,171.83,127.21,11.38,,4343.4,,False,0
966,505c17,OMBYW,Slovakia,1790931231.0,1790931232,17.7746,48.4053,0.0,False,13.99,17.1,-2.93,,205.74,,False,0
967,3d2279,DELHP,Germany,1790931236.0,1790931236,8.2185,49.6125,678.18,False,75.71,242.04,,,868.68,7000,False,0
968,39dd02,TVF49KB,France,1790931199.0,1790931199,2.3652,48.7268,,True,0.51,331.88,,,,1000,False,0
969,39dd04,TVF46KG,France,1790931237.0,1790931237,2.3578,48.7202,,True,1.8,120.94,,,,,False,0
970,39dd01,TVF18UU,France,1790931237.0,1790931237,9.6143,43.3832,11597.64,False,220.02,326.83,0.0,,12062.46,1234,False,0
971,e49c71,PSVMB,Brazil,1790931236.0,1790931236,-49.1438,-20.8134,14942.82,False,249.39,151.0,-0.33,,15560.04,,False,0
972,4aecba,TR99,Sweden,1790931237.0,1790931237,15.1989,58.5029,1562.1,False,57.26,211.41,2.28,,1729.74,,False,0
973,c07b42,WJA24,Canada,1790931237.0,1790931237,-0.3809,50.7321,11879.58,False,254.32,136.07,0.0,,12176.76,0511,False,0
974,80192c,IGO5365,India,1790931222.0,1790931223,92.2118,26.29,8816.34,False,221.19,95.47,-9.43,,9372.6,0564,False,0
975,4aeccc,TR16,Sweden,1790931236.0,1790931236,15.0884,58.2817,1074.42,False,73.38,229.83,-2.6,,1257.3,,False,0
976,a1286c,DAL287,United States,1790931236.0,1790931236,-10.0414,46.0,10363.2,False,219.21,271.34,0.0,,10698.48,5710,False,0
977,781bf7,CSN301,China,1790931236.0,1790931236,151.069,-33.3666,2415.54,False,149.61,170.7,-6.5,,2598.42,3105,False,0
978,c012aa,ACA327,Canada,1790931223.0,1790931235,-114.0093,51.1287,,True,0.0,95.62,,,,,False,0
979,ad474e,AVA042,United States,1790931237.0,1790931237,-73.7527,40.6659,167.64,False,70.66,208.24,-3.58,,152.4,0772,False,0
980,4079f6,SHT6N,United Kingdom,1790931237.0,1790931237,-0.4551,51.476,,True,10.29,90.0,,,,5151,False,0
981,800796,VUAUI,India,1790931236.0,1790931236,77.3294,28.8308,1805.94,False,132.47,3.56,21.46,,1859.28,,False,0
982,3451cf,AEA198,Spain,1790931151.0,1790931155,-24.7823,37.6815,12184.38,False,281.91,77.03,0.33,,12771.12,,False,0
983,a2007c,UAL2397,United States,1790931237.0,1790931237,-74.4153,40.8954,1211.58,False,156.24,77.06,0.33,,1242.06,6727,False,0
984,4066b9,EXS31DR,United Kingdom,1790931236.0,1790931236,1.5119,44.5815,11277.6,False,219.05,176.5,0.0,,11727.18,2267,False,0
985,3451d8,ANE53CH,Spain,1790931237.0,1790931237,-4.9718,40.9792,8115.3,False,236.7,137.64,-8.78,,8511.54,3401,False,0
986,c012a7,ACA780,Canada,1790931236.0,1790931236,-91.8844,44.283,10668.0,False,265.74,80.19,0.0,,10965.18,6774,False,0
987,4bb266,THY6PZ,Turkey,1790931237.0,1790931237,31.0926,32.7567,9753.6,False,244.19,356.98,0.0,,10073.64,,False,0
988,4bb267,THY94E,Turkey,1790931237.0,1790931237,24.2202,56.9472,10363.2,False,223.62,189.27,0.0,,10774.68,1155,False,0
989,4bb264,THY2CT,Turkey,1790931229.0,1790931229,-2.2809,53.3613,,True,0.51,317.81,,,,6627,False,0
990,4bb265,THY1YM,Turkey,1790931237.0,1790931237,10.5405,53.0152,6918.96,False,207.39,133.79,7.15,,7246.62,3575,False,0
991,a70333,ASA367,United States,1790931237.0,1790931237,-78.6915,39.4005,5394.96,False,197.87,117.23,-9.75,,5661.66,6633,False,0
992,aac136,UAL879,United States,1790931208.0,1790931224,-0.444,51.4734,-121.92,True,0.0,90.0,,,,3457,False,0
993,a0d393,N152WB,United States,1790931237.0,1790931237,-0.1053,51.8309,518.16,False,75.36,51.1,0.0,,716.28,5022,False,0
994,00979b,LNK314X,South Africa,1790931236.0,1790931237,18.5712,-33.7131,2750.82,False,144.65,15.47,12.35,,2910.84,,False,0
995,8962d0,ABY514,United Arab Emirates,1790931236.0,1790931236,84.9757,23.9472,10660.38,False,244.23,81.89,0.0,,11338.56,3430,False,0
996,73828b,ISR882,Israel,1790931236.0,1790931237,42.5242,41.3722,10355.58,False,194.61,260.41,0.0,,10599.42,4130,False,0
997,4079cd,VIR74W,United Kingdom,1790930855.0,1790931229,-2.2859,53.3659,,True,0.0,135.0,,,,6004,False,0
998,4079d0,CFE5C,United Kingdom,1790931237.0,1790931237,-0.4262,52.0233,3268.98,False,165.59,330.81,12.03,,3505.2,6217,False,0
999,4079d1,CFE91C,United Kingdom,1790931236.0,1790931236,-5.4875,52.5416,5775.96,False,204.2,336.86,-10.73,,5981.7,4467,False,0
1000,a45353,UPS767,United States,1790931237.0,1790931237,-94.0562,35.5442,11285.22,False,268.12,64.91,-0.33,,11940.54,2263,False,0
1001,4079d2,CFE909,United Kingdom,1790931236.0,1790931236,4.4417,51.9555,,True,7.72,56.25,,,,,False,0
1002,020111,RAM1630,Morocco,1790931236.0,1790931236,-1.3841,44.3233,10972.8,False,250.43,12.09,-0.33,,11430.0,1000,False,0
1003,008487,LNK175N,South Africa,1790931219.0,1790931219,28.2594,-26.1284,1600.2,False,69.53,195.89,-3.25,,1775.46,,False,0
1004,ad7ab8,JBU1024,United States,1790931236.0,1790931236,-95.1339,41.9407,10660.38,False,251.94,77.98,0.0,,11064.24,1740,False,0
1005,8962e6,ETD842,United Arab Emirates,1790930477.0,1790931234,37.4021,55.9677,8747.76,False,27.66,316.51,11.38,,967.74,2123,False,0
1006,c012bd,WJA73,Canada,1790931237.0,1790931237,-5.096,55.315,8016.24,False,185.21,270.48,2.28,,8161.02,1461,False,0
1007,a105b0,EJA165,United States,1790931235.0,1790931235,-121.9373,37.3647,,True,0.0,227.81,,,,,False,0
1008,4bb293,TKJ2GJ,Turkey,1790931236.0,1790931237,11.5667,49.7562,10363.2,False,225.18,304.67,0.33,,10774.68,1000,False,0
1009,738287,ISR176,Israel,1790931237.0,1790931237,26.5458,38.9848,10683.24,False,228.01,123.4,0.0,,10873.74,5563,False,0
1010,4bb294,TKJ9ZV,Turkey,1790930974.0,1790930988,7.1209,50.881,,True,0.0,216.56,,,,3107,False,0
1011,c038ca,ACA18,Canada,1790931236.0,1790931237,-169.5499,56.0637,11887.2,False,258.78,75.96,0.0,,11757.66,,False,0
1012,4bb28f,THY6DR,Turkey,1790931236.0,1790931236,16.7074,47.0626,10378.44,False,225.32,288.23,-0.33,,10805.16,5324,False,0
1013,4bb28c,THY5XV,Turkey,1790931235.0,1790931235,-3.3535,55.9505,,True,0.0,199.69,,,,,False,0
1014,ac5afd,SWA2338,United States,1790931236.0,1790931236,-104.2576,38.6807,10668.0,False,242.39,74.49,0.0,,11224.26,,False,0
1015,44cdcf,BEL8CE,Belgium,1790931236.0,1790931236,13.0444,52.5544,3528.06,False,192.41,90.61,-5.2,,3810.0,1000,False,0
1016,a88fd1,N6505R,United States,1790931237.0,1790931237,14.6948,41.8022,12847.32,False,247.35,297.36,-5.53,,13251.18,2034,False,0
1017,44cdcb,BEL7EB,Belgium,1790931237.0,1790931237,0.6187,46.7536,10363.2,False,242.64,9.64,0.0,,10782.3,1000,False,0
1018,4bb275,THY3UH,Turkey,1790931236.0,1790931236,13.4469,44.1602,9753.6,False,228.32,273.49,0.0,,10203.18,7227,False,0
1019,4bb276,THY9CH,Turkey,1790931102.0,1790931102,28.7228,41.261,,True,6.69,8.44,,,,,False,0
1020,4bb273,THY89M,Turkey,1790931237.0,1790931237,5.5184,43.4237,2537.46,False,142.8,93.72,11.05,,2773.68,5665,False,0
1021,4bb274,THY3WQ,Turkey,1790931236.0,1790931236,28.4235,42.3243,7536.18,False,201.59,133.55,-4.88,,7757.16,4205,False,0
1022,4bb270,THY77T,Turkey,1790931217.0,1790931236,45.038,40.8954,10363.2,False,206.97,289.61,0.0,,10668.0,4137,False,0
1023,a5d643,UAL1745,United States,1790931237.0,1790931237,-75.9861,41.1255,5486.4,False,216.77,109.98,0.33,,5730.24,1434,False,0
1024,e47e7e,GLO1347,Brazil,1790931236.0,1790931236,-41.3373,-21.5703,10980.42,False,215.36,225.58,0.0,,11628.12,,False,0
1025,4bb26d,THY6ER,Turkey,1790931236.0,1790931236,20.6946,41.1492,10668.0,False,218.23,85.67,-0.33,,10980.42,1410,False,0
1026,4bb26e,THY9QD,Turkey,1790931237.0,1790931237,28.4606,40.9443,1432.56,False,112.24,119.97,0.0,,1577.34,4731,False,0
1027,4bb26a,THY9TE,Turkey,1790931237.0,1790931237,20.685,44.5837,10668.0,False,224.23,119.86,0.0,,11018.52,4664,False,0
1028,a5c31b,SWA2480,United States,1790931237.0,1790931237,-110.4335,33.3414,11887.2,False,251.51,95.05,-0.33,,12527.28,7365,False,0
1029,7cc690,R5462,Australia,1790930940.0,1790930940,138.5025,-35.2575,243.84,False,30.14,117.44,-2.28,,350.52,,False,0
1030,4bb279,THY6DL,Turkey,1790931132.0,1790931143,-0.1704,51.1542,,True,4.37,78.75,,,,7537,False,0
1031,a01b0b,N106AN,United States,1790931237.0,1790931237,0.6581,51.1755,1386.84,False,69.03,295.61,-15.93,,1592.58,5010,False,0
1032,4bb287,THY5QF,Turkey,1790931237.0,1790931237,24.2899,42.5353,10668.0,False,210.32,110.47,0.0,,10919.46,0270,False,0
1033,4bb284,THY7RN,Turkey,1790931236.0,1790931237,28.6487,40.7592,1043.94,False,103.51,87.44,-3.25,,1188.72,1224,False,0
1034,3a2e9c,FJDQE,France,1790931234.0,1790931234,3.8097,43.5083,335.28,False,38.24,109.65,-0.33,,510.54,,False,0
1035,896409,ETD5HJ,United Arab Emirates,1790931236.0,1790931236,11.4175,43.0086,11879.58,False,256.79,125.38,0.0,,12359.64,5761,False,0
1036,896406,ETD81C,United Arab Emirates,1790931237.0,1790931237,-0.4344,51.3598,1478.28,False,136.42,135.46,5.2,,1676.4,4610,False,0
1037,44cdc9,BEL8WD,Belgium,1790931236.0,1790931237,1.5155,45.078,8161.02,False,220.47,167.88,-4.88,,8587.74,1000,False,0
1038,44cdc8,BEL7JV,Belgium,1790931236.0,1790931236,0.1856,41.2079,9959.34,False,221.66,190.97,-10.4,,10462.26,1000,False,0
1039,44cdc5,BEL1MG,Belgium,1790931232.0,1790931232,4.4781,50.9028,,True,0.0,64.69,,,,,False,0
1040,44cdc2,BEL3WF,Belgium,1790931236.0,1790931237,4.7668,50.6866,2232.66,False,173.76,105.81,11.7,,2453.64,0114,False,0
1041,020176,MAC116Q,Morocco,1790931235.0,1790931236,4.4901,50.9013,,True,0.0,154.69,,,,1000,False,0
1042,44cdd1,BEL9EL,Belgium,1790931237.0,1790931237,11.809,42.7684,6606.54,False,235.09,342.16,5.53,,7010.4,,False,0
1043,a26e4a,FDX1431,United States,1790931237.0,1790931237,-79.2291,38.131,10675.62,False,257.95,73.19,0.33,,11315.7,1564,False,0
1044,adde95,JBU413,United States,1790931236.0,1790931237,-121.9329,37.494,1920.24,False,123.43,275.02,-5.2,,1981.2,3620,False,0
1045,44cdca,BEL2HV,Belgium,1790931237.0,1790931237,10.9961,46.8102,11277.6,False,233.66,151.46,0.0,,11711.94,1000,False,0
1046,89640c,FVS554,United Arab Emirates,1790931027.0,1790931065,54.6217,24.3111,1120.14,False,101.48,308.21,-5.85,,1165.86,1122,False,0
1047,a13b1e,FDX1700,United States,1790931236.0,1790931236,-75.2573,40.8405,3406.14,False,207.06,92.85,-9.75,,3543.3,6636,False,0
1048,4bb29a,TKJ3LB,Turkey,1790931236.0,1790931237,14.3871,44.8223,10363.2,False,224.0,280.59,0.0,,10805.16,2311,False,0
1049,a728c1,AAL3161,United States,1790931237.0,1790931237,-102.8483,41.9827,10058.4,False,260.53,79.53,0.0,,10523.22,1165,False,0
1050,c038aa,ACA97,Canada,1790931237.0,1790931237,-69.7843,38.1929,11574.78,False,235.78,337.69,0.0,,12214.86,,False,0
1051,a81085,DAL548,United States,1790931236.0,1790931236,-82.7126,41.0294,10660.38,False,278.37,75.55,0.0,,11201.4,0767,False,0
1052,020140,MAC121J,Morocco,1790931126.0,1790931126,4.7348,52.2991,,True,10.8,95.62,,,,1000,False,0
1053,781bb5,CQH8877,China,1790931237.0,1790931237,120.0928,22.6532,2446.02,False,150.67,123.58,0.0,,2598.42,,False,0
1054,020139,RAM792Y,Morocco,1790931236.0,1790931237,-2.2438,42.9776,10347.96,False,247.71,41.97,-4.23,,10789.92,6433,False,0
1055,345292,BCS932,Spain,1790931237.0,1790931237,-4.8643,38.2401,9441.18,False,219.18,204.4,-0.33,,9921.24,2602,False,0
1056,4079a9,TOM7BJ,United Kingdom,1790931237.0,1790931237,1.7371,43.3938,11277.6,False,220.75,168.85,0.0,,11727.18,2726,False,0
1057,ac6dc0,N90KM,United States,1790931237.0,1790931237,-81.0759,27.5129,6225.54,False,181.57,113.37,-12.35,,6576.06,6736,False,0
1058,7c764d,JST497,Australia,1790931236.0,1790931236,153.2077,-28.5002,4884.42,False,203.36,237.4,0.0,,5181.6,,False,0
1059,4bb1a5,THY24,Turkey,1790931237.0,1790931237,118.6296,22.6351,11887.2,False,236.02,58.46,-0.33,,12702.54,,False,0
1060,34659a,IBE0123,Spain,1790931237.0,1790931237,-76.0696,-8.3016,12192.0,False,258.09,208.71,0.0,,12961.62,,False,0
1061,4c2d40,YULKA,Serbia,1790931237.0,1790931237,3.2167,39.6137,4480.56,False,147.93,243.35,-7.8,,4792.98,1111,False,0
1062,a95665,AAL535,United States,1790931237.0,1790931237,-81.2742,40.1139,10668.0,False,260.32,114.89,0.0,,11224.26,1350,False,0
1063,8a082a,LNI692,Indonesia,1790931130.0,1790931196,109.4978,-6.8181,10058.4,False,224.73,100.15,0.0,,10759.44,,False,0
1064,8a082d,LNI972,Indonesia,1790931228.0,1790931228,104.5825,0.6734,4579.62,False,196.11,163.23,10.08,,4823.46,,False,0
1065,781be6,CSC3996,China,1790931236.0,1790931236,100.4629,13.2593,10363.2,False,238.72,11.94,0.33,,11056.62,,False,0
1066,a81045,ATN3536,United States,1790931237.0,1790931237,-117.1327,34.2787,3055.62,False,148.05,208.88,-0.33,,3200.4,4034,False,0
1067,48f3ab,SN83XP,Poland,1790931236.0,1790931237,19.9292,50.0282,167.64,False,47.49,157.05,-0.65,,381.0,7000,False,0
1068,506cb0,FIX004,Slovenia,1790931237.0,1790931237,12.6133,42.6544,8839.2,False,249.05,140.03,0.0,,9296.4,1000,False,0
1069,020145,MAC135,Morocco,1790931236.0,1790931236,4.6265,50.9482,403.86,False,74.85,246.08,-3.9,,624.84,1000,False,0
1070,345385,ANE97MM,Spain,1790931236.0,1790931236,-4.3734,40.2475,4808.22,False,149.85,177.44,-3.9,,5105.4,3417,False,0
1071,8005f4,AIC352,India,1790931236.0,1790931236,98.4086,23.3284,11887.2,False,231.12,84.25,-0.33,,13258.8,0525,False,0
1072,320085,DRAG172,Italy,1790931155.0,1790931183,12.319,45.7742,7.62,False,43.73,331.93,-2.6,,228.6,6256,False,0
1073,345388,ANE32BD,Spain,1790931237.0,1790931237,8.8579,49.3925,4084.32,False,161.3,351.38,-5.85,,4351.02,1000,False,0
1074,780a63,CPA513,China,1790930928.0,1790930928,113.9346,22.3133,,True,0.0,70.31,,,,,False,0
1075,acbe3e,LRC655,United States,1790931237.0,1790931237,-82.5132,31.6499,10370.82,False,236.06,206.12,0.0,,11018.52,,False,0
1076,8005ef,AIC302,India,1790931228.0,1790931228,151.1734,-33.9441,,True,9.26,334.69,,,,0551,False,0
1077,780a66,CPA870,China,1790931237.0,1790931237,138.7146,34.2881,10058.4,False,291.12,64.79,0.0,,10683.24,3542,False,0
1078,506e6e,RANGR92,Slovenia,1790930940.0,1790931130,14.5282,46.3479,1813.56,False,37.36,337.32,-0.98,,2042.16,,False,0
1079,780a64,CPA879,China,1790931229.0,1790931235,121.9569,22.6551,10972.8,False,253.46,235.08,0.0,,11750.04,,False,0
1080,780a5a,CPA951,China,1790931213.0,1790931216,120.2382,25.4303,11003.28,False,241.79,216.87,0.0,,11780.52,,False,0
1081,acab0e,UPS312,United States,1790931236.0,1790931236,-86.9001,36.7346,10972.8,False,221.48,221.99,0.0,,11628.12,4002,False,0
1082,e80620,JES3880,Chile,1790931236.0,1790931237,-58.9594,-34.4334,6736.08,False,187.47,275.04,12.35,,6903.72,0374,False,0
1083,3d3433,DESAD,Germany,1790931237.0,1790931237,6.8734,51.5349,579.12,False,55.54,74.42,0.0,,769.62,7742,False,0
1084,896382,ABY195,United Arab Emirates,1790931237.0,1790931237,55.4063,25.405,937.26,False,133.87,314.69,7.48,,990.6,3434,False,0
1085,895058,RBA514,Brunei Darussalam,1790931237.0,1790931237,114.6235,5.1582,2484.12,False,179.64,99.89,-10.4,,2689.86,,False,0
1086,34535a,VLG75GP,Spain,1790931236.0,1790931236,3.1789,41.9426,6073.14,False,205.14,256.66,-5.85,,6438.9,1000,False,0
1087,346690,VLG7YU,Spain,1790931236.0,1790931237,4.0747,42.7359,8831.58,False,238.56,200.98,0.33,,9288.78,1000,False,0
1088,44ce8d,OOSTM,Belgium,1790931083.0,1790931117,5.4332,49.8647,777.24,False,53.41,215.99,0.0,,1005.84,2000,False,0
1089,780a82,CPA443,China,1790931190.0,1790931190,121.2232,25.0632,,True,0.32,227.81,,,,,False,0
1090,e80630,JES3022,Chile,1790931236.0,1790931236,-60.9771,-31.1575,10965.18,False,212.6,326.85,0.0,,11315.7,1620,False,0
1091,4c80a6,CYP38P,Cyprus,1790931236.0,1790931236,4.7597,47.8583,9144.0,False,229.5,319.45,-4.88,,9547.86,1000,False,0
1092,896354,ETD9XU,United Arab Emirates,1790931237.0,1790931237,7.2739,50.9262,10058.4,False,261.7,121.66,0.0,,10439.4,4646,False,0
1093,896353,ETD36V,United Arab Emirates,1790931236.0,1790931236,8.7259,45.6805,647.7,False,101.97,2.6,10.4,,845.82,0445,False,0
1094,780a7b,HKC9457,China,1790931237.0,1790931237,101.0937,20.5926,10972.8,False,246.87,291.0,0.0,,,,False,0
1095,e80632,JES3812,Chile,1790931236.0,1790931236,-47.1047,-26.5323,10668.0,False,253.91,45.33,0.33,,11148.06,,False,0
1096,346689,IBB55AT,Spain,1790931237.0,1790931237,-12.4678,29.8661,11582.4,False,229.47,42.09,0.33,,12207.24,,False,0
1097,345359,VLG8AZ,Spain,1790931234.0,1790931235,14.1349,40.5779,3383.28,False,175.43,220.84,6.5,,3642.36,,False,0
1098,4925b0,JME680C,Portugal,1790931233.0,1790931237,-0.5211,39.5043,83.82,False,54.3,115.84,-2.93,,243.84,1000,False,0
1099,a5c2ea,UPS1352,United States,1790931237.0,1790931237,-82.0322,30.6557,12199.62,False,233.2,194.43,0.0,,12893.04,7126,False,0
1100,320070,DRAG166,Italy,1790930960.0,1790930962,8.7448,45.6136,167.64,False,31.95,284.93,-4.88,,358.14,7000,False,0
1101,780a7e,CPA531,China,1790931235.0,1790931237,136.4831,34.3982,5532.12,False,181.22,211.3,9.75,,5836.92,6062,False,0
1102,44ce9a,OOSTZ,Belgium,1790931235.0,1790931235,2.7272,50.43,518.16,False,50.67,156.04,-0.33,,739.14,,False,0
1103,e8062a,JAT870,Chile,1790931236.0,1790931236,-62.7072,-30.797,10660.38,False,269.83,73.15,0.0,,11033.76,,False,0
1104,4c80b4,CYF108,Cyprus,1790931237.0,1790931237,34.5207,32.3557,2415.54,False,150.7,116.13,-7.15,,2560.32,5407,False,0
1105,780a99,CRK399,China,1790931236.0,1790931237,113.2339,23.0564,9791.7,False,238.57,165.51,-0.33,,10462.26,,False,0
1106,739600,HFA702,Israel,1790931236.0,1790931236,23.9314,37.9347,,True,1.54,19.69,,,,,False,0
1107,780a8a,CPA549,China,1790931236.0,1790931236,137.3158,34.808,11582.4,False,209.06,250.9,0.0,,12260.58,3267,False,0
1108,739604,HFA851,Israel,1790931237.0,1790931237,33.8417,33.3994,4267.2,False,139.57,311.56,0.0,,4419.6,,False,0
1109,739603,HFA742,Israel,1790931236.0,1790931236,32.2328,33.8478,6400.8,False,142.26,118.51,0.0,,6598.92,7437,False,0
1110,320043,POLI116,Italy,1790931236.0,1790931237,11.1724,43.8612,213.36,False,52.46,153.18,0.65,,396.24,,False,0
1111,acbe88,DAL2060,United States,1790931237.0,1790931237,-94.2059,39.1639,10668.0,False,256.59,117.85,-0.33,,11148.06,6630,False,0
1112,405455,SHT8R,United Kingdom,1790931236.0,1790931236,-3.1108,55.4218,3970.02,False,186.49,357.0,-10.08,,4137.66,4454,False,0
1113,4bb0f6,THY2NP,Turkey,1790931233.0,1790931233,28.7281,41.2506,83.82,False,72.54,359.19,-2.28,,220.98,5113,False,0
1114,320041,NEMO16,Italy,1790931235.0,1790931235,10.17,44.1224,1615.44,False,36.42,126.38,0.98,,1844.04,,False,0
1115,44ce78,BEL2EU,Belgium,1790931236.0,1790931236,18.4809,47.8036,3101.34,False,179.1,121.13,-6.5,,3375.66,1000,False,0
1116,405456,EFW93E,United Kingdom,1790931062.0,1790931069,-10.3891,34.4236,11277.6,False,228.0,206.68,0.0,,11841.48,5417,False,0
1117,44ce77,BEL1GH,Belgium,1790931237.0,1790931237,4.4807,50.9062,,True,33.44,244.69,,,,1000,False,0
1118,780a8f,CRK659,China,1790931145.0,1790931201,118.1669,22.7314,10363.2,False,229.17,237.09,0.0,,11087.1,,False,0
1119,44ce76,BEL3DQ,Belgium,1790931237.0,1790931237,5.4817,50.5589,6461.76,False,189.82,115.87,7.8,,6766.56,1000,False,0
1120,4bb0f3,THY49A,Turkey,1790931236.0,1790931237,101.5523,2.9468,1257.3,False,102.46,87.7,-1.3,,1318.26,,False,0
1121,44ce75,BEL5UB,Belgium,1790931236.0,1790931237,4.0151,51.0101,3185.16,False,188.83,294.12,14.63,,3406.14,4427,False,0
1122,896327,ETD8AD,United Arab Emirates,1790931236.0,1790931236,50.4354,27.3567,10668.0,False,256.98,145.77,0.0,,11300.46,1451,False,0
1123,40676a,CFE76JZ,United Kingdom,1790931237.0,1790931237,13.7242,52.5502,1295.4,False,118.96,112.91,-4.55,,1501.14,4727,False,0
1124,4bb0ee,THY1RT,Turkey,1790931236.0,1790931236,11.973,47.1948,11887.2,False,250.04,108.47,0.33,,12298.68,2205,False,0
1125,896334,FDB34Q,United Arab Emirates,1790931237.0,1790931237,26.1316,38.8438,10972.8,False,235.38,305.39,0.0,,11148.06,0515,False,0
1126,44ce6f,BEL2JZ,Belgium,1790931237.0,1790931237,9.4298,55.4362,11269.98,False,235.94,39.87,0.33,,11559.54,1000,False,0
1127,4bb0ea,THY4RG,Turkey,1790931236.0,1790931237,6.7217,51.2659,365.76,False,92.4,233.83,3.9,,579.12,7645,False,0
1128,4bb0eb,THY48L,Turkey,1790931237.0,1790931237,50.9053,26.5756,12192.0,False,233.97,289.39,0.0,,12870.18,4755,False,0
1129,a4c8ed,N407ZM,United States,1790931200.0,1790931205,-106.877,40.5044,2202.18,False,50.93,0.58,-3.58,,2331.72,,False,0
1130,320038,SPERA25,Italy,1790931236.0,1790931236,12.9112,41.7875,1219.2,False,65.36,151.82,0.33,,1424.94,,False,0
1131,89631c,UAE516,United Arab Emirates,1790931122.0,1790931122,75.7897,28.2236,5669.28,False,207.34,89.15,-8.45,,6103.62,,False,0
1132,a0e751,UAL2186,United States,1790931237.0,1790931237,-74.1395,40.7324,220.98,False,64.21,205.13,-2.6,,205.74,6734,False,0
1133,02019d,MAC265W,Morocco,1790931237.0,1790931237,7.4456,47.7097,716.28,False,74.56,154.67,-3.9,,929.64,1000,False,0
1134,0096c6,SFR463,South Africa,1790931228.0,1790931231,20.1521,-33.7069,9189.72,False,252.44,79.19,7.48,,9578.34,,False,0
1135,39a53b,AIB02LD,France,1790931237.0,1790931237,-4.1429,45.7966,9204.96,False,278.65,31.87,0.33,,9585.96,2630,False,0
1136,0083af,ZSHIM,South Africa,1790931237.0,1790931237,18.536,-33.9521,182.88,False,47.01,293.2,-1.95,,274.32,,False,0
1137,34530e,ANE1319,Spain,1790931236.0,1790931236,6.8079,51.1742,3352.8,False,142.6,16.34,-0.33,,3573.78,1000,False,0
1138,896303,UAE74W,United Arab Emirates,1790931237.0,1790931237,-0.2706,51.1368,723.9,False,84.1,256.56,12.03,,906.78,2162,False,0
1139,896309,UAE72V,United Arab Emirates,1790931237.0,1790931237,26.9492,43.2395,10972.8,False,259.86,302.71,0.0,,11201.4,5353,False,0
1140,34530d,ANE1179,Spain,1790931236.0,1790931236,-0.5322,42.607,10972.8,False,248.48,52.66,-0.33,,11437.62,1000,False,0
1141,846098,JAL42,Japan,1790931237.0,1790931237,-0.4566,51.4751,,True,6.17,95.62,,,,4652,False,0
1142,abf2ea,SWA2237,United States,1790931237.0,1790931237,-100.758,35.9822,10668.0,False,244.73,93.13,0.0,,11201.4,,False,0
1143,a74b1b,SCX3050,United States,1790931237.0,1790931237,-89.0681,39.521,11582.4,False,183.73,241.21,0.0,,12169.14,,False,0
1144,841e00,ADO115,Japan,1790931236.0,1790931236,130.4387,33.6038,320.04,False,83.8,331.39,16.26,,381.0,,False,0
1145,44ce62,BEL4OZ,Belgium,1790931229.0,1790931234,4.4815,50.9026,,True,0.0,154.69,,,,1000,False,0
1146,44ce61,BEL5GR,Belgium,1790931053.0,1790931055,11.8263,48.3673,320.04,False,69.88,263.66,-2.28,,525.78,1000,False,0
1147,a848e3,N633AB,United States,1790931235.0,1790931237,18.4234,39.5405,11117.58,False,228.15,298.7,9.43,,11414.76,,False,0
1148,345313,VLG2VA,Spain,1790931237.0,1790931237,1.0881,46.966,8542.02,False,241.16,10.45,-0.98,,8953.5,1000,False,0
1149,c01317,ACA228,Canada,1790931237.0,1790931237,-114.0092,51.1291,,True,0.06,95.62,,,,7054,False,0
1150,345314,VLG1RZ,Spain,1790931236.0,1790931236,2.0927,41.3001,,True,7.46,247.5,,,,1000,False,0
1151,4bb0e8,THY215,Turkey,1790931237.0,1790931237,-48.8314,-25.9348,12192.0,False,202.32,245.19,0.0,,12702.54,,False,0
1152,4bb0e5,THY800,Turkey,1790931236.0,1790931236,13.68,41.9459,10972.8,False,252.41,248.98,0.0,,11414.76,1350,False,0
1153,4bb0e6,THY174,Turkey,1790931237.0,1790931237,150.9203,-33.9999,1950.72,False,134.23,70.52,-5.2,,2110.74,2170,False,0
1154,320031,VOLPE501,Italy,1790931236.0,1790931236,8.1939,45.8146,1051.56,False,64.34,268.17,5.2,,1257.3,2000,False,0
1155,406755,EZY61LP,United Kingdom,1790931237.0,1790931237,8.1797,50.558,11269.98,False,237.82,128.85,0.0,,11650.98,2734,False,0
1156,896315,UAE3MV,United Arab Emirates,1790931237.0,1790931237,12.2693,37.7304,10972.8,False,234.92,302.3,0.0,,11452.86,7732,False,0
1157,896313,UAE18Q,United Arab Emirates,1790931213.0,1790931213,29.9727,-24.8423,10058.4,False,270.41,46.77,0.0,,10553.7,,False,0
1158,89630e,UAE58Q,United Arab Emirates,1790931236.0,1790931236,28.8614,42.3116,10972.8,False,244.56,304.02,0.0,,11163.3,3226,False,0
1159,44ce72,BEL2DY,Belgium,1790931237.0,1790931237,-1.6517,46.4796,11887.2,False,213.91,224.42,0.33,,12291.06,7157,False,0
1160,89630f,UAE334,United Arab Emirates,1790931236.0,1790931236,83.0697,19.8399,10668.0,False,247.95,110.65,0.0,,11353.8,,False,0
1161,0200fb,RAM696L,Morocco,1790930969.0,1790930971,6.7582,51.2791,,True,7.2,182.81,,,,1000,False,0
1162,781d13,CSN3934,China,1790930925.0,1790930925,113.2789,23.2624,647.7,False,87.96,13.87,-4.88,,701.04,,False,0
1163,0200ef,RAM780S,Morocco,1790931236.0,1790931236,-1.1479,44.346,11445.24,False,247.78,26.51,-5.2,,11894.82,1000,False,0
1164,a38dd8,UPS219,United States,1790931237.0,1790931237,-85.3046,38.0507,4541.52,False,220.18,62.9,15.61,,4732.02,,False,0
1165,0200eb,RAM612G,Morocco,1790931237.0,1790931237,-3.4581,40.4732,11582.4,False,233.83,13.49,0.0,,12039.6,6470,False,0
1166,34660d,VOE1564,Spain,1790931237.0,1790931237,11.0247,42.4568,10972.8,False,207.97,338.07,-0.33,,11445.24,1000,False,0
1167,0200f8,RAM954V,Morocco,1790931236.0,1790931236,3.1343,41.228,11582.4,False,248.02,55.22,0.33,,12077.7,1000,False,0
1168,34660e,VOE2353,Spain,1790931237.0,1790931237,3.9383,43.5742,11590.02,False,208.67,296.5,0.0,,12062.46,1000,False,0
1169,34660b,IBE08CV,Spain,1790931236.0,1790931236,23.8603,37.8361,662.94,False,73.46,37.03,-3.9,,800.1,1266,False,0
1170,abe075,SWA3782,United States,1790931237.0,1790931237,-114.1797,39.1708,10668.0,False,251.55,79.63,0.0,,11216.64,3343,False,0
1171,a4671f,ASA817,United States,1790931096.0,1790931101,-115.1408,36.0817,,True,1.03,87.19,,,,,False,0
1172,346611,VOE3NG,Spain,1790931237.0,1790931237,4.7249,46.5858,10675.62,False,233.12,121.83,0.0,,11117.58,7643,False,0
1173,346612,VOE3598,Spain,1790931025.0,1790931025,-3.902,43.4489,228.6,False,64.26,109.16,-3.58,,403.86,5045,False,0
1174,4ab821,NSZ3751,Sweden,1790931237.0,1790931237,9.3853,48.9407,10965.18,False,237.83,7.83,0.0,,11376.66,7514,False,0
1175,4ab822,NSZ79AY,Sweden,1790931236.0,1790931236,15.1853,49.3106,11582.4,False,228.76,342.46,0.0,,12009.12,4545,False,0
1176,4ab826,NSZ5KA,Sweden,1790931237.0,1790931237,13.7983,53.9692,10599.42,False,227.13,324.4,-5.2,,10980.42,7360,False,0
1177,a98b6b,MTN8375,United States,1790931237.0,1790931237,-88.2055,34.2181,4541.52,False,142.68,117.95,-0.33,,4762.5,1513,False,0
1178,780a13,HKC9487,China,1790931236.0,1790931236,42.3312,41.3482,11582.4,False,210.67,260.58,0.0,,11833.86,3402,False,0
1179,89639f,UAE34Y,United Arab Emirates,1790931236.0,1790931236,16.3284,47.5571,12192.0,False,233.83,305.51,0.0,,12405.36,3245,False,0
1180,89639d,UAE11M,United Arab Emirates,1790931236.0,1790931237,31.9938,40.813,11582.4,False,244.85,303.26,0.0,,11666.22,,False,0
1181,4bb208,THY6GD,Turkey,1790931237.0,1790931237,9.5309,52.4509,1120.14,False,110.32,227.46,10.73,,1325.88,7606,False,0
1182,781d50,CCA4333,China,1790931236.0,1790931236,113.2249,23.0624,922.02,False,114.29,13.54,0.0,,952.5,,False,0
1183,4bb206,THY5UA,Turkey,1790930918.0,1790931235,21.3141,50.9492,9654.54,False,1356.83,226.84,4.23,,8199.12,5566,False,0
1184,4bb203,THY1374,Turkey,1790931237.0,1790931237,22.3484,40.1676,10668.0,False,207.46,70.44,0.33,,10919.46,1275,False,0
1185,781d57,JDL2979,China,1790931005.0,1790931116,123.6207,36.5655,7498.08,False,208.74,33.85,0.0,,7810.5,6360,False,0
1186,80073f,AIC155,India,1790931237.0,1790931237,76.4038,27.6428,7795.26,False,215.74,213.92,9.1,,8237.22,,False,0
1187,80073d,AIC147,India,1790931237.0,1790931237,3.4762,48.6487,4983.48,False,187.93,302.82,-6.83,,5295.9,1000,False,0
1188,80073e,AIC123,India,1790931235.0,1790931235,72.9532,24.0714,11574.78,False,238.2,237.61,0.0,,12298.68,,False,0
1189,8a07e8,CTV1104,Indonesia,1790931236.0,1790931236,108.0929,-6.9541,4556.76,False,111.43,126.55,0.98,,4846.32,,False,0
1190,506e27,S5DOT,Slovenia,1790931078.0,1790931078,14.8716,45.9353,762.0,False,62.21,97.13,-18.21,,952.5,,False,0
1191,780a1c,CPA087,China,1790931236.0,1790931236,-145.7199,59.9312,13106.4,False,231.96,300.38,0.0,,12885.42,3257,False,0
1192,4bb219,THY9EX,Turkey,1790931237.0,1790931237,28.4393,41.6714,4655.82,False,206.83,270.86,10.4,,4846.32,2307,False,0
1193,4bb215,THY65X,Turkey,1790931237.0,1790931237,23.3701,43.3322,10652.76,False,217.2,117.35,0.0,,10949.94,6510,False,0
1194,e48fcb,TAM3565,Brazil,1790931236.0,1790931236,-46.6895,-23.2934,1805.94,False,114.89,235.03,-2.6,,1882.14,,False,0
1195,4bb20f,THY46P,Turkey,1790931234.0,1790931235,9.1964,48.6895,236.22,True,0.0,343.12,,,,7666,False,0
1196,4bb20d,THY353,Turkey,1790931237.0,1790931237,40.1415,40.0741,9768.84,False,201.66,270.29,0.0,,10050.78,3427,False,0
1197,89637d,ETD541,United Arab Emirates,1790931235.0,1790931236,30.8099,40.8322,9166.86,False,226.64,287.57,-1.63,,9387.84,,False,0
1198,89637c,ETD2NG,United Arab Emirates,1790931237.0,1790931237,24.2814,37.5027,4145.28,False,182.12,269.68,-5.85,,4328.16,6001,False,0
1199,780a46,CRK255,China,1790931235.0,1790931236,118.4642,22.9087,10370.82,False,225.18,237.22,0.0,,11079.48,,False,0
1200,780a44,CRK691,China,1790931236.0,1790931237,137.2739,37.5578,10363.2,False,175.79,240.36,0.0,,10782.3,,False,0
1201,800732,AIC151,India,1790931236.0,1790931237,71.7591,23.8218,11574.78,False,235.83,243.99,-0.33,,12291.06,,False,0
1202,780a43,HKC962,China,1790931237.0,1790931237,121.8613,25.03,11277.6,False,242.23,49.31,-0.33,,12070.08,,False,0
1203,0200cb,RAM206T,Morocco,1790931237.0,1790931237,-12.7518,36.7347,12184.38,False,233.18,305.93,-0.33,,12733.02,6446,False,0
1204,e48fb6,GLO1473,Brazil,1790931218.0,1790931218,-50.002,-21.4298,10972.8,False,251.17,166.13,1.3,,11574.78,,False,0
1205,800735,AIC132D,India,1790931237.0,1790931237,11.8702,49.2985,11887.2,False,248.45,113.17,0.0,,12298.68,4622,False,0
1206,a07176,AMX090,United States,1790931237.0,1790931237,-109.4291,38.3288,10363.2,False,253.73,322.83,0.0,,10919.46,,False,0
1207,800739,AIC313,India,1790931237.0,1790931237,92.1102,23.7144,12192.0,False,254.11,282.63,-0.33,,12976.86,3123,False,0
1208,780a59,CPA539,China,1790931237.0,1790931237,128.5695,32.8311,12192.0,False,213.53,247.33,0.0,,12915.9,7024,False,0
1209,4bb201,THY9MV,Turkey,1790931236.0,1790931237,29.9852,39.7094,9738.36,False,238.05,336.7,-13.33,,9982.2,2565,False,0
1210,800740,AIC357,India,1790931236.0,1790931236,95.6699,23.381,12184.38,False,255.46,272.77,0.0,,12946.38,,False,0
1211,780a4a,CPA502,China,1790931235.0,1790931236,114.4903,21.9642,4892.04,False,200.59,107.92,9.1,,5189.22,,False,0
1212,8830ea,TLM812,Thailand,1790931237.0,1790931237,99.613,11.1352,10972.8,False,234.92,192.39,0.0,,11711.94,,False,0
1213,8830f7,TLM737,Thailand,1790931237.0,1790931237,100.3585,13.9169,2994.66,False,151.66,31.26,-4.23,,3177.54,,False,0
1214,750094,AXM405,Malaysia,1790931236.0,1790931237,101.3813,1.707,7863.84,False,211.88,196.94,4.55,,8397.24,,False,0
1215,48922b,ENT3YA,Poland,1790931236.0,1790931237,16.949,40.0293,11277.6,False,248.65,132.74,0.0,,11635.74,0433,False,0
1216,4bb144,THY8,Turkey,1790931237.0,1790931237,-8.5122,50.049,10668.0,False,271.88,98.27,0.0,,10934.7,5221,False,0
1217,4bb141,THY125,Turkey,1790931229.0,1790931231,72.3804,31.2759,10363.2,False,238.21,262.43,0.0,,10911.84,,False,0
1218,4bb142,THY76Y,Turkey,1790931141.0,1790931175,-25.8704,66.2713,10058.4,False,251.96,115.52,0.0,,9745.98,,False,0
1219,8963f3,UAE7CN,United Arab Emirates,1790931236.0,1790931236,-0.4354,51.4762,,True,0.51,59.06,,,,2152,False,0
1220,8963f5,UAE39,United Arab Emirates,1790931236.0,1790931236,22.6108,44.677,12192.0,False,258.85,290.6,0.0,,12230.1,3230,False,0
1221,8963f4,UAE5RQ,United Arab Emirates,1790931236.0,1790931236,-3.4886,47.7485,11887.2,False,261.61,115.76,0.0,,12230.1,2262,False,0
1222,4bb109,THY15,Turkey,1790931237.0,1790931237,19.8768,41.0188,10972.8,False,264.02,233.4,0.0,,11254.74,2342,False,0
1223,489225,ENT1BD,Poland,1790931236.0,1790931237,22.4328,45.7804,11582.4,False,220.87,345.15,0.0,,11902.44,1734,False,0
1224,4bb103,THY4MS,Turkey,1790931235.0,1790931235,28.412,41.2031,1440.18,False,118.51,196.39,0.0,,1577.34,7677,False,0
1225,4bb104,THY2CP,Turkey,1790931237.0,1790931237,17.0783,37.2875,12496.8,False,221.2,44.06,0.0,,12793.98,6571,False,0
1226,8963eb,UAE69R,United Arab Emirates,1790931236.0,1790931236,27.8789,43.0034,10972.8,False,256.25,311.34,0.0,,11163.3,5244,False,0
1227,8963ec,UAE375,United Arab Emirates,1790931171.0,1790931175,65.8348,22.3409,12192.0,False,246.56,291.8,0.0,,12893.04,,False,0
1228,48088f,KNIFE3,Kingdom of the Netherlands,1790931231.0,1790931231,10.9036,56.0779,304.8,False,69.27,98.97,-0.98,,502.92,6343,False,0
1229,3452ca,RSC214P,Spain,1790931233.0,1790931233,-16.7445,28.4899,2438.4,False,129.15,268.86,0.0,,2628.9,,False,0
1230,480889,KNIFE1,Kingdom of the Netherlands,1790931228.0,1790931228,10.9148,56.0775,304.8,False,69.12,98.13,-0.65,,510.54,6340,False,0
1231,489220,ENT6062,Poland,1790931236.0,1790931236,7.5262,50.9392,6979.92,False,185.49,130.05,10.08,,7322.82,2505,False,0
1232,a119af,FDX51,United States,1790931237.0,1790931237,-88.6064,33.9033,9235.44,False,252.26,123.69,7.15,,9822.18,5604,False,0
1233,489224,SDR45KE,Poland,1790931215.0,1790931235,28.1085,36.4119,144.78,False,95.21,59.83,5.53,,182.88,,False,0
1234,a69495,FDX1710,United States,1790931236.0,1790931236,-86.3345,39.641,929.64,False,136.0,165.54,11.7,,914.4,,False,0
1235,489221,ENT443,Poland,1790931205.0,1790931213,-0.1969,51.1542,,True,0.51,165.94,,,,,False,0
1236,8963d3,UAE56W,United Arab Emirates,1790931237.0,1790931237,25.3203,38.8485,10363.2,False,250.05,322.19,0.0,,10546.08,0540,False,0
1237,8963d2,UAE4T,United Arab Emirates,1790931236.0,1790931236,29.0384,42.273,11582.4,False,248.48,322.66,0.0,,11788.14,2270,False,0
1238,3452c9,VLG5ZH,Spain,1790931236.0,1790931236,1.4753,43.1389,10980.42,False,237.83,352.17,0.33,,11475.72,1000,False,0
1239,3452c7,ANE006,Spain,1790931237.0,1790931237,-3.5007,40.4387,746.76,False,67.41,321.82,-2.6,,906.78,1000,False,0
1240,484ee5,KLM75C,Kingdom of the Netherlands,1790931237.0,1790931237,10.4468,52.2664,11887.2,False,240.92,85.71,0.0,,12237.72,1000,False,0
1241,8963e0,UAE601,United Arab Emirates,1790931237.0,1790931237,55.662,25.1484,1432.56,False,113.8,191.21,-3.58,,1524.0,3543,False,0
1242,a13c2d,PRY02,United States,1790931076.0,1790931076,-81.7796,40.7691,388.62,False,39.18,183.76,-3.58,,350.52,,False,0
1243,8963e3,UAE370,United Arab Emirates,1790931236.0,1790931236,85.5882,20.3356,10668.0,False,247.03,113.31,0.0,,11346.18,6220,False,0
1244,4bb189,THY12E,Turkey,1790931236.0,1790931237,22.0534,45.7857,11277.6,False,237.79,142.56,-0.33,,11620.5,7670,False,0
1245,4bb185,THY8MT,Turkey,1790931237.0,1790931237,13.6242,56.8558,10355.58,False,262.01,321.94,-0.33,,10706.1,3252,False,0
1246,8963de,UAE161,United Arab Emirates,1790931237.0,1790931237,15.7427,49.4491,10363.2,False,249.35,292.44,0.0,,10789.92,0575,False,0
1247,4bb183,THY30S,Turkey,1790931236.0,1790931237,0.1334,51.6426,2446.02,False,111.64,241.66,-2.6,,2659.38,1107,False,0
1248,4bb184,THY49Q,Turkey,1790931188.0,1790931188,2.9873,61.4034,10363.2,False,267.96,309.31,-0.33,,10454.64,4263,False,0
1249,8963db,UAE706,United Arab Emirates,1790931236.0,1790931236,56.0976,24.894,3657.6,False,148.37,341.19,-5.85,,3916.68,4036,False,0
1250,4bb181,THY91J,Turkey,1790931237.0,1790931237,6.7618,48.1148,11887.2,False,255.79,102.19,-0.33,,12298.68,5242,False,0
1251,8963e7,UAE9CL,United Arab Emirates,1790931237.0,1790931237,35.2421,38.5882,11582.4,False,244.61,312.95,0.33,,11856.72,,False,0
1252,3465d9,VOE2286,Spain,1790931237.0,1790931237,6.0734,46.5856,10972.8,False,217.92,314.14,0.0,,11399.52,1000,False,0
1253,a44187,UAL2080,United States,1790931237.0,1790931237,-111.4479,39.271,10668.0,False,246.94,84.74,0.0,,11231.88,3204,False,0
1254,4bb153,THY6578,Turkey,1790931053.0,1790931053,40.7944,40.0567,10668.0,False,270.83,87.6,0.0,,10957.56,1034,False,0
1255,8963aa,ETD332,United Arab Emirates,1790931235.0,1790931236,76.5087,10.1545,571.5,False,82.39,267.49,-3.9,,510.54,,False,0
1256,e06611,ARG1488,Argentina,1790931236.0,1790931236,-61.825,-30.0111,11582.4,False,216.77,327.4,0.0,,11978.64,,False,0
1257,4bb14e,THY6605,Turkey,1790931235.0,1790931235,5.7767,50.916,,True,7.72,123.75,,,,5257,False,0
1258,4bb14c,THY6212,Turkey,1790931236.0,1790931236,56.0044,25.1107,9753.6,False,250.72,277.66,0.0,,10347.96,4704,False,0
1259,4067ee,TOM658,United Kingdom,1790931237.0,1790931237,15.295,45.5549,11277.6,False,242.56,130.79,0.0,,11711.94,5253,False,0
1260,4bb14b,THY6KL,Turkey,1790931236.0,1790931236,27.9621,41.0164,2651.76,False,123.43,114.11,0.33,,2811.78,5513,False,0
1261,a01c37,AAL30,United States,1790931237.0,1790931237,-91.5633,41.52,11269.98,False,269.44,86.94,-0.33,,11704.32,1312,False,0
1262,4067f2,TOM88D,United Kingdom,1790931236.0,1790931236,11.1048,36.9744,7726.68,False,220.52,192.8,-10.08,,8168.64,7313,False,0
1263,4067f3,TOM6VA,United Kingdom,1790931235.0,1790931236,19.719,41.2478,11887.2,False,242.22,150.06,0.0,,12176.76,3462,False,0
1264,8a05ef,BTK6345,Indonesia,1790931142.0,1790931144,109.2822,-7.228,7101.84,False,218.64,314.33,5.85,,7604.76,,False,0
1265,467890,T11,Finland,1790931237.0,1790931237,25.3749,62.0644,6675.12,False,126.61,224.01,-3.9,,6995.16,,False,0
1266,4bb162,THY47G,Turkey,1790931235.0,1790931237,28.7292,41.1899,434.34,False,76.14,359.23,-3.9,,579.12,4350,False,0
1267,a4eacb,DAL235,United States,1790931236.0,1790931237,34.1136,32.1083,4267.2,False,180.86,300.8,7.48,,4465.32,,False,0
1268,8963c9,ABY175,United Arab Emirates,1790931236.0,1790931236,55.0659,25.1003,4053.84,False,188.89,206.36,6.5,,4343.4,1753,False,0
1269,8007b2,IGO47MF,India,1790931236.0,1790931236,82.2554,26.395,10363.2,False,219.22,286.78,0.0,,11026.14,,False,0
1270,896528,EFC25G,United Arab Emirates,1790931237.0,1790931237,55.144,24.8686,182.88,False,51.08,62.4,-5.2,,182.88,6043,False,0
1271,ab0836,N81NG,United States,1790931236.0,1790931236,-102.5395,33.2608,3870.96,False,94.06,70.18,-3.25,,4030.98,,False,0
1272,a75f15,UPS204,United States,1790931235.0,1790931235,-59.1234,44.1257,10972.8,False,246.56,256.49,-0.33,,11460.48,,False,0
1273,896527,EFC68N,United Arab Emirates,1790931236.0,1790931236,55.3247,24.6415,617.22,False,66.97,301.49,-0.65,,624.84,,False,0
1274,4b1f2e,HBLVA,Switzerland,1790931237.0,1790931237,-3.3069,57.453,3025.14,False,63.63,104.04,2.28,,3147.06,,False,0
1275,4ac9e1,SAS792,Sweden,1790931237.0,1790931237,11.3521,52.0586,11574.78,False,246.19,2.75,-0.33,,11940.54,7354,False,0
1276,4ac9e2,SAS62L,Sweden,1790931237.0,1790931237,7.5252,53.909,11262.36,False,239.59,51.8,0.0,,11551.92,3130,False,0
1277,4ac9e3,SAS1547,Sweden,1790931237.0,1790931237,5.0839,52.6269,2095.5,False,147.74,252.57,-3.9,,2308.86,3513,False,0
1278,896530,FDB52X,United Arab Emirates,1790931231.0,1790931235,34.794,38.6406,10972.8,False,233.88,321.34,0.0,,11224.26,,False,0
1279,4ac9e9,SAS006,Sweden,1790931237.0,1790931237,18.6415,61.5089,11308.08,False,251.0,15.57,3.58,,11643.36,1000,False,0
1280,89652a,EFC595P,United Arab Emirates,1790931236.0,1790931236,55.7535,24.7159,601.98,False,65.98,176.42,0.65,,617.22,,False,0
1281,3ddd89,STLON66,Germany,1790931237.0,1790931237,13.282,51.7637,304.8,False,62.38,273.78,-4.23,,510.54,6477,False,0
1282,896539,ETD412,United Arab Emirates,1790930969.0,1790930971,81.5602,13.6294,11887.2,False,243.98,110.23,-0.33,,12580.62,,False,0
1283,781ca8,CCA2766,China,1790931235.0,1790931237,117.1588,24.0619,9784.08,False,231.44,286.66,0.0,,10477.5,,False,0
1284,896538,ETD7NW,United Arab Emirates,1790931237.0,1790931237,54.6197,24.3718,1927.86,False,136.04,307.78,-2.28,,2049.78,4077,False,0
1285,4ac9f2,SAS23G,Sweden,1790931237.0,1790931237,12.1568,42.7204,5760.72,False,172.09,167.04,-8.45,,6111.24,1000,False,0
1286,4ac9f4,SAS2865,Sweden,1790931237.0,1790931237,5.7885,59.6483,5951.22,False,215.66,139.55,13.33,,6134.1,,False,0
1287,4ac9f5,SAS1916,Sweden,1790931237.0,1790931237,11.5612,47.9088,11590.02,False,238.12,10.58,0.0,,12009.12,1000,False,0
1288,4ac9f9,SAS60K,Sweden,1790931237.0,1790931237,-5.2438,54.4858,8039.1,False,187.98,209.51,-13.66,,8199.12,1402,False,0
1289,45a84a,SUS9011,Denmark,1790931237.0,1790931237,16.8593,46.569,11879.58,False,234.05,154.9,1.63,,12306.3,3517,False,0
1290,478514,WIF399,Norway,1790931236.0,1790931236,6.3003,61.2631,7627.62,False,178.41,37.27,0.0,,7810.5,,False,0
1291,02006f,RAM221M,Morocco,1790931104.0,1790931236,4.419,42.6818,11269.98,False,215.48,234.03,0.0,,12237.72,3101,False,0
1292,44cec8,OOSVH,Belgium,1790931237.0,1790931237,4.3519,51.1104,198.12,False,58.44,286.36,-1.3,,403.86,2000,False,0
1293,4bb199,THY4AX,Turkey,1790931235.0,1790931237,28.7091,41.1746,533.4,False,77.68,359.62,-3.58,,670.56,0666,False,0
1294,4ac9c4,BLX327F,Sweden,1790931236.0,1790931236,25.8726,38.2825,12496.8,False,229.06,155.45,0.0,,12725.4,1440,False,0
1295,4ac9c5,BLX385,Sweden,1790931237.0,1790931237,28.0971,36.4067,,True,9.77,250.31,,,,7700,False,0
1296,4bb194,THY32G,Turkey,1790931237.0,1790931237,-7.6385,49.9665,10668.0,False,259.67,98.66,0.0,,10942.32,2260,False,0
1297,4ac9c6,BLX8HY,Sweden,1790931237.0,1790931237,15.7507,45.1401,10447.02,False,218.97,346.0,10.73,,10866.12,6524,False,0
1298,4bb195,THY86,Turkey,1790931237.0,1790931237,134.0761,34.8767,4945.38,False,208.02,172.61,-5.53,,5212.08,,False,0
1299,4bb192,THY69W,Turkey,1790931235.0,1790931235,3.0762,57.9883,10972.8,False,247.14,299.29,-0.33,,11125.2,3103,False,0
1300,8a074e,AWQ820,Indonesia,1790931236.0,1790931237,109.2204,-6.7045,10919.46,False,220.25,103.09,4.88,,11673.84,,False,0
1301,020072,RAM570A,Morocco,1790931237.0,1790931237,6.4441,39.6625,11582.4,False,236.33,87.63,0.0,,12085.32,1421,False,0
1302,4bb18d,THY197,Turkey,1790930651.0,1790931232,38.3848,41.6692,10965.18,False,235.79,274.38,3.58,,11231.88,3055,False,0
1303,781cc0,CES6232,China,1790930959.0,1790930959,116.5628,38.8542,3276.6,False,147.79,30.31,-8.13,,3436.62,,False,0
1304,4ac9d0,EUW9180,Sweden,1790931237.0,1790931237,13.3552,58.0233,7680.96,False,199.62,55.82,7.48,,7985.76,0460,False,0
1305,02005b,RAM716X,Morocco,1790931236.0,1790931237,-3.4342,45.1877,10972.8,False,242.39,24.72,0.0,,11391.9,6445,False,0
1306,344099,VLG4TG,Spain,1790931237.0,1790931237,6.3057,45.9211,10058.4,False,217.04,197.66,0.33,,10507.98,1000,False,0
1307,ae6827,,United States,1790931236.0,1790931236,-67.814,46.5145,10058.4,False,252.33,31.32,0.0,,10469.88,3450,False,0
1308,3ddd3b,DHEAL,Germany,1790931052.0,1790931052,8.9317,53.3161,-38.1,False,49.16,103.31,-0.65,,160.02,,False,0
1309,a0c0ea,FDX1874,United States,1790931232.0,1790931233,-122.2186,37.7166,,True,0.0,137.81,,,,5661,False,0
1310,781cde,HYT9092,China,1790931236.0,1790931236,97.8772,23.1427,11277.6,False,225.21,76.12,0.0,,11971.02,0620,False,0
1311,4ac9eb,SAS351,Sweden,1790931237.0,1790931237,11.0174,60.7648,2895.6,False,144.36,173.86,-6.83,,3063.24,,False,0
1312,4ac9ec,SAS7529,Sweden,1790931237.0,1790931237,-5.9308,45.9661,11277.6,False,211.96,212.11,0.0,,11666.22,2231,False,0
1313,4ac9ed,SAS780,Sweden,1790931237.0,1790931237,18.3876,48.9064,11574.78,False,206.5,336.82,1.63,,11971.02,4215,False,0
1314,4ac9ee,SAS92D,Sweden,1790931236.0,1790931236,14.0286,50.1436,3558.54,False,156.03,5.3,18.53,,3825.24,,False,0
1315,4ac9ef,SAS2678,Sweden,1790931236.0,1790931236,16.4112,58.1867,10797.54,False,227.94,21.59,-10.4,,11155.68,1000,False,0
1316,a98ac0,UNIDENT,United States,1790931237.0,1790931237,51.0859,25.7492,3657.6,False,54.01,310.36,0.0,,3893.82,4676,False,0
1317,846250,ADO79,Japan,1790931236.0,1790931236,143.7745,41.8128,10607.04,False,278.3,16.76,-16.58,,10744.2,,False,0
1318,34538d,VLG22PD,Spain,1790931217.0,1790931232,23.9419,37.9311,,True,0.0,36.56,,,,4411,False,0
1319,020036,RMAF204,Morocco,1790931237.0,1790931237,-3.8804,35.1438,7010.4,False,150.25,218.05,0.0,,7459.98,4060,False,0
1320,acbeab,FDX1441,United States,1790931237.0,1790931237,-90.1051,34.3922,6400.8,False,215.74,196.06,12.35,,6766.56,1536,False,0
1321,4bd6ba,TCUUZ,Turkey,1790931237.0,1790931237,28.3759,40.172,975.36,False,43.95,159.44,-0.33,,1112.52,,False,0
1322,abe212,GTI8035,United States,1790931236.0,1790931236,-150.006,61.1792,,True,7.2,165.94,,,,,False,0
1323,896489,ETD26W,United Arab Emirates,1790931237.0,1790931237,6.9453,40.6649,11574.78,False,252.2,91.75,-0.33,,12092.94,1440,False,0
1324,4d02b1,JFA13T,Luxembourg,1790931237.0,1790931237,6.6399,43.5603,7620.0,False,139.8,141.27,0.0,,8046.72,1000,False,0
1325,3e0fe2,CHX11,Germany,1790931082.0,1790931082,8.5008,48.0661,,True,0.32,261.56,,,,,False,0
1326,780b7b,CES5225,China,1790931179.0,1790931185,118.4646,25.1712,6278.88,False,179.81,346.6,8.13,,6713.22,,False,0
1327,4d02bc,JFA42Y,Luxembourg,1790931236.0,1790931236,6.9381,43.5716,5044.44,False,101.57,3.78,4.88,,5379.72,6760,False,0
1328,4d02be,JFA74R,Luxembourg,1790931237.0,1790931237,6.8261,43.6972,6598.92,False,102.92,358.57,4.88,,6995.16,6754,False,0
1329,4d02c3,JFA46X,Luxembourg,1790931237.0,1790931237,8.5575,44.4476,5791.2,False,140.6,218.46,0.33,,6156.96,0475,False,0
1330,4d02c1,JFA59M,Luxembourg,1790931236.0,1790931237,10.3171,42.3154,10972.8,False,201.48,326.88,0.0,,11460.48,1231,False,0
1331,a560f4,AAL399,United States,1790931236.0,1790931236,-114.9326,51.9496,10058.4,False,256.23,130.28,0.0,,10172.7,,False,0
1332,a0851b,ABX3169,United States,1790931237.0,1790931237,-81.8625,30.786,5059.68,False,169.26,306.35,15.28,,5349.24,,False,0
1333,0095dc,ZSPWP,South Africa,1790931236.0,1790931236,28.1581,-25.3693,1927.86,False,92.61,302.98,-2.93,,2103.12,,False,0
1334,344158,VLG25ZK,Spain,1790931236.0,1790931237,-2.1809,38.7315,10668.0,False,212.58,243.25,0.0,,11163.3,3222,False,0
1335,344156,VLG98RB,Spain,1790931237.0,1790931237,1.9204,41.2428,617.22,False,81.49,65.38,-4.88,,822.96,5021,False,0
1336,89645b,UAE1,United Arab Emirates,1790931236.0,1790931236,22.6889,45.6525,12192.0,False,254.12,301.76,0.0,,12275.82,3222,False,0
1337,484f6c,TRA41Q,Kingdom of the Netherlands,1790931171.0,1790931171,4.7665,52.3036,,True,4.12,22.5,,,,1000,False,0
1338,896468,FDB749,United Arab Emirates,1790931236.0,1790931236,53.1037,25.6841,10363.2,False,230.21,284.63,0.0,,10988.04,0541,False,0
1339,484f6d,TRA45E,Kingdom of the Netherlands,1790931236.0,1790931236,1.9371,49.5167,11582.4,False,246.7,43.65,0.0,,11925.3,1000,False,0
1340,896473,UAE5AM,United Arab Emirates,1790931126.0,1790931126,171.2319,-35.6279,10309.86,False,250.74,298.83,2.93,,10645.14,,False,0
1341,841f65,JAL240,Japan,1790931237.0,1790931237,134.3891,34.7595,4312.92,False,184.39,95.12,13.98,,4472.94,,False,0
1342,896475,UAE67M,United Arab Emirates,1790931237.0,1790931237,55.7275,25.2216,2324.1,False,127.93,301.52,-2.93,,2484.12,3546,False,0
1343,a440c0,UPS560,United States,1790931236.0,1790931236,-85.8267,38.6606,7208.52,False,231.91,333.38,6.83,,7597.14,,False,0
1344,3c135a,VJH715,Germany,1790931237.0,1790931237,24.8869,59.4131,-76.2,False,69.45,270.0,-3.58,,137.16,6005,False,0
1345,4d02a0,LXA601E,Luxembourg,1790931237.0,1790931237,11.2877,49.4778,807.72,False,95.39,277.13,-1.95,,1028.7,3414,False,0
1346,896482,UAE65U,United Arab Emirates,1790931237.0,1790931237,28.4263,42.9714,12192.0,False,245.55,326.28,0.0,,12390.12,3215,False,0
1347,896481,UAE316,United Arab Emirates,1790931236.0,1790931236,135.2513,34.4356,,True,5.92,230.62,,,,,False,0
1348,4d02a5,JFA02E,Luxembourg,1790931235.0,1790931235,4.1165,48.0978,5410.2,False,152.35,318.56,-6.18,,5745.48,1000,False,0
1349,896480,UAE41P,United Arab Emirates,1790931237.0,1790931237,-5.1138,51.9014,11277.6,False,261.36,100.2,-0.33,,11498.58,5233,False,0
1350,896451,UAE238,United Arab Emirates,1790931236.0,1790931236,-0.1044,49.0198,10668.0,False,262.32,102.92,0.0,,11033.76,5236,False,0
1351,40688c,BAW2X,United Kingdom,1790931237.0,1790931237,-14.0447,53.8319,11887.2,False,274.37,107.01,0.0,,11955.78,,False,0
1352,02008b,RAM726,Morocco,1790931236.0,1790931236,-6.9952,34.6327,9144.0,False,233.52,26.85,7.48,,9624.06,6444,False,0
1353,896455,UAE32E,United Arab Emirates,1790931237.0,1790931237,26.9767,43.6021,9753.6,False,259.8,310.5,0.0,,10012.68,5341,False,0
1354,896453,,United Arab Emirates,1790931226.0,1790931226,32.2745,40.503,9753.6,False,247.56,306.47,0.0,,,,False,0
1355,506d8e,UEE1,Slovenia,1790931237.0,1790931237,3.454,48.4599,11582.4,False,200.1,324.84,0.0,,11955.78,5716,False,0
1356,89643d,ETD7DJ,United Arab Emirates,1790931236.0,1790931236,76.3941,10.1709,10675.62,False,231.72,123.87,0.0,,11315.7,,False,0
1357,020095,RAM809P,Morocco,1790931237.0,1790931237,-7.7563,36.9836,11887.2,False,230.1,185.77,0.0,,12397.74,2054,False,0
1358,406897,GRIDB,United Kingdom,1790931234.0,1790931234,-2.7515,53.8483,-7.62,False,1.85,236.31,-0.33,,129.54,,False,0
1359,89644a,UAE33T,United Arab Emirates,1790931236.0,1790931236,21.8279,45.1562,10972.8,False,255.22,298.01,0.0,,11308.08,3273,False,0
1360,896459,UAE7AM,United Arab Emirates,1790931234.0,1790931235,19.082,40.6035,11582.4,False,240.87,271.71,0.0,,11879.58,0524,False,0
1361,896458,UAE73,United Arab Emirates,1790931236.0,1790931236,30.2629,41.6496,11582.4,False,242.77,302.28,0.0,,11772.9,3232,False,0
1362,406890,BAW86,United Kingdom,1790931237.0,1790931237,-10.9901,53.2346,11887.2,False,268.95,109.44,0.0,,12001.5,5142,False,0
1363,896463,ETD75F,United Arab Emirates,1790931235.0,1790931236,25.1177,44.2215,11582.4,False,256.54,303.47,0.0,,11826.24,5327,False,0
1364,4d02cd,JFA28H,Luxembourg,1790931236.0,1790931236,6.1645,46.7105,5486.4,False,110.49,331.65,0.33,,5836.92,1000,False,0
1365,505a87,ELJ601,Slovakia,1790931228.0,1790931229,12.2186,51.4314,,True,19.55,264.38,,,,1000,False,0
1366,505a88,TVS7KT,Slovakia,1790931236.0,1790931236,-3.7668,37.78,8961.12,False,231.59,16.78,5.53,,9403.08,4603,False,0
1367,a3cc88,DAL1677,United States,1790931224.0,1790931224,-97.661,30.2027,,True,0.0,270.0,,,,,False,0
1368,abe0df,SWA2921,United States,1790931237.0,1790931237,-111.9184,33.4336,1249.68,False,110.13,88.39,15.93,,1272.54,,False,0
1369,4d02dd,JFA39V,Luxembourg,1790931237.0,1790931237,-0.7187,51.1317,6263.64,False,123.69,78.97,8.13,,6537.96,3415,False,0
1370,a573ec,UPS948,United States,1790931237.0,1790931237,-101.7268,40.2469,11582.4,False,224.08,258.61,0.0,,12077.7,3157,False,0
1371,87cdf3,JF502,Japan,1790931194.0,1790931229,131.186,32.5246,8237.22,False,274.02,32.35,0.0,,8747.76,,False,0
1372,896434,ABY364,United Arab Emirates,1790931235.0,1790931235,36.9291,33.391,4000.5,False,187.7,86.07,7.15,,4206.24,,False,0
1373,406870,WKT64,United Kingdom,1790931232.0,1790931232,14.4932,35.8419,,True,0.0,303.75,,,,,False,0
1374,4d02e8,LXSFB,Luxembourg,1790930959.0,1790930959,12.7858,43.9229,769.62,False,50.63,307.57,0.0,,975.36,,False,0
1375,4d02da,JFA01K,Luxembourg,1790931237.0,1790931237,10.7585,46.4433,13098.78,False,213.27,159.38,0.0,,13495.02,0546,False,0
1376,34540b,VI1,Spain,1790931231.0,1790931231,2.102,41.3126,,True,12.35,64.69,,,,,False,0
1377,781e30,CSC3962,China,1790931237.0,1790931237,134.7339,34.5359,10363.2,False,194.46,257.47,-0.33,,10980.42,3144,False,0
1378,738488,,Israel,1790931220.0,1790931220,34.8648,32.0136,205.74,False,78.32,260.17,14.31,,190.5,,False,0
1379,780b08,CDG4094,China,1790931235.0,1790931235,132.0761,35.661,9753.6,False,189.03,278.92,0.0,,10241.28,,False,0
1380,781e37,TBA9927,China,1790931231.0,1790931235,114.906,22.9692,7520.94,False,219.23,98.91,-9.43,,8023.86,1016,False,0
1381,781e2a,CKK221,China,1790931236.0,1790931236,135.663,33.569,8839.2,False,291.04,83.4,0.0,,9395.46,6130,False,0
1382,8963a1,UAE9943,United Arab Emirates,1790931237.0,1790931237,15.4293,46.4615,10363.2,False,238.61,318.06,0.0,,10789.92,5450,False,0
1383,484f18,KLM45J,Kingdom of the Netherlands,1790931237.0,1790931237,-4.3243,47.0232,11887.2,False,213.82,204.9,0.0,,12245.34,2121,False,0
1384,a1087a,FDX1446,United States,1790931237.0,1790931237,-88.8766,35.637,8282.94,False,282.02,52.86,8.13,,8785.86,1665,False,0
1385,780b21,,China,1790931089.0,1790931089,112.9298,22.2659,6957.06,False,214.76,94.81,-5.2,,7406.64,,False,0
1386,484f06,KLM97L,Kingdom of the Netherlands,1790931236.0,1790931236,4.6868,52.2594,723.9,False,110.3,194.04,18.86,,914.4,,False,0
1387,484f00,PHAMC,Kingdom of the Netherlands,1790931237.0,1790931237,9.4797,48.8273,2598.42,False,72.47,128.66,-0.33,,2827.02,0637,False,0
1388,780b1c,CSZ8102,China,1790930958.0,1790930958,114.7019,39.463,11003.28,False,183.39,242.43,0.0,,11330.94,,False,0
1389,750111,AXM5173,Malaysia,1790930928.0,1790930932,105.5657,3.4918,11582.4,False,233.83,267.23,0.0,,12374.88,,False,0
1390,84c3fc,JJP508,Japan,1790931237.0,1790931237,138.687,33.9754,11277.6,False,263.2,67.6,0.0,,11948.16,2421,False,0
1391,ac39cf,TWY887,United States,1790931236.0,1790931236,-113.0616,33.5946,13716.0,False,272.57,105.32,0.0,,14371.32,3226,False,0
1392,a0d559,,United States,1790931155.0,1790931155,-107.193,35.0834,2453.64,False,59.16,90.0,0.33,,2567.94,,False,0
1393,a4423a,UAL747,United States,1790931237.0,1790931237,-93.6201,43.8859,11277.6,False,256.59,115.28,0.0,,11612.88,,False,0
1394,aa9800,AMX021,United States,1790931237.0,1790931237,-69.8036,44.7073,11269.98,False,286.51,83.19,0.33,,11795.76,3405,False,0
1395,780b44,,China,1790931230.0,1790931236,113.0566,23.664,8069.58,False,232.2,357.71,2.93,,8602.98,,False,0
1396,406814,VIR130C,United Kingdom,1790931237.0,1790931237,-3.6651,51.4839,9745.98,False,228.23,100.65,-8.45,,10027.92,7647,False,0
1397,738446,AIZ414,Israel,1790931237.0,1790931237,33.9977,35.7908,10668.0,False,213.51,186.92,0.33,,10965.18,5350,False,0
1398,738444,AIZ1072,Israel,1790931236.0,1790931236,34.7831,32.2604,1501.14,False,138.55,112.95,-0.33,,1600.2,7425,False,0
1399,aae6d5,DAL266,United States,1790931237.0,1790931237,-3.9604,49.7292,10972.8,False,253.0,97.13,0.0,,11277.6,6302,False,0
1400,744de2,FJR501,Jordan,1790931237.0,1790931237,40.9309,41.5413,5151.12,False,174.05,245.56,13.0,,5295.9,6775,False,0
1401,a3489f,AAL1292,United States,1790931236.0,1790931236,-83.4862,29.4772,11277.6,False,244.71,150.26,0.0,,11978.64,3274,False,0
1402,a20288,ATN3381,United States,1790931236.0,1790931236,-87.828,35.807,11887.2,False,248.24,54.53,0.0,,12588.24,2525,False,0
1403,4bb101,THY10J,Turkey,1790931237.0,1790931237,18.8674,-33.7547,3992.88,False,168.79,178.6,-10.08,,4175.76,,False,0
1404,4bb102,THY164,Turkey,1790931237.0,1790931237,87.2516,24.9362,11887.2,False,258.54,109.41,0.0,,12618.72,5175,False,0
1405,491472,ADM510S,Portugal,1790931126.0,1790931126,-8.1121,38.5119,822.96,False,47.49,67.05,-2.28,,1097.28,3264,False,0
1406,491470,ADM547S,Portugal,1790931151.0,1790931151,-8.2082,38.4688,792.48,False,40.26,116.57,-0.65,,960.12,3263,False,0
1407,c2b5cb,CFC2907,Canada,1790931237.0,1790931237,10.7037,60.2925,2133.6,False,132.48,46.89,-7.15,,2278.38,6035,False,0
1408,38109d,FJWOV,France,1790931237.0,1790931237,5.4065,43.4957,327.66,False,39.38,340.14,0.0,,502.92,7000,False,0
1409,491478,RTV4T,Portugal,1790931236.0,1790931237,-8.4435,41.1266,502.92,False,57.48,134.27,0.98,,624.84,3261,False,0
1410,aad3b3,N797TD,United States,1790931237.0,1790931237,9.0704,51.6803,8763.0,False,227.19,254.23,-9.43,,9128.76,1122,False,0
1411,ac5c1f,FDX5315,United States,1790931166.0,1790931171,114.6318,23.691,11308.08,False,251.36,36.85,0.0,,12077.7,2212,False,0
1412,a44213,UAL1341,United States,1790931236.0,1790931236,-86.1504,42.5764,11277.6,False,270.87,108.26,0.65,,11734.8,3735,False,0
1413,a44212,UAL284,United States,1790931177.0,1790931177,-100.5239,38.9806,10668.0,False,238.51,87.03,0.0,,11186.16,6766,True,0
1414,aad3c9,UAL948,United States,1790931237.0,1790931237,-4.6361,54.0726,10972.8,False,249.6,136.17,0.0,,11125.2,7642,False,0
1415,3a2e22,REU973,France,1790930996.0,1790930996,2.5967,48.996,,True,4.63,53.44,,,,1000,False,0
1416,ac252a,SWA2304,United States,1790931236.0,1790931236,-101.8311,30.9044,11887.2,False,242.56,108.17,0.0,,12573.0,,False,0
1417,4077ac,GGIAN,United Kingdom,1790931237.0,1790931237,-0.1016,52.9773,205.74,False,28.57,283.54,7.48,,327.66,,False,0
1418,484bd1,KLM61R,Kingdom of the Netherlands,1790931237.0,1790931237,19.457,50.0316,1219.2,False,117.46,77.61,-2.28,,1447.8,1000,False,0
1419,3965a1,AFR020,France,1790931237.0,1790931237,-5.119,57.1452,9753.6,False,249.42,329.1,0.0,,9806.94,7560,False,0
1420,840caf,SJO835,Japan,1790931235.0,1790931235,140.6283,38.7578,11887.2,False,255.46,11.26,0.0,,12367.26,7312,False,0
1421,3965a6,AFR763,France,1790931237.0,1790931237,-7.0522,49.9299,11277.6,False,263.66,96.72,0.0,,11544.3,6311,False,0
1422,c049fd,WJA430,Canada,1790931237.0,1790931237,-79.764,43.6052,784.86,False,78.96,46.32,-3.58,,754.38,1720,False,0
1423,3965a9,AFR454,France,1790931237.0,1790931237,-46.6967,-23.2277,2506.98,False,118.29,244.77,-2.6,,2621.28,,False,0
1424,c049ff,CRN333,Canada,1790931237.0,1790931237,-122.6201,53.3897,3512.82,False,141.18,5.86,-7.15,,3474.72,,False,0
1425,a9672c,ASA314,United States,1790931237.0,1790931237,-83.1486,42.3433,11277.6,False,277.78,100.46,-0.33,,11780.52,1661,False,0
1426,3462c8,LVL2604,Spain,1790931237.0,1790931237,-3.8887,35.1353,11582.4,False,253.01,37.15,0.0,,12138.66,6260,False,0
1427,3965b0,AFR009,France,1790931236.0,1790931236,-9.9288,51.0777,11277.6,False,263.22,108.22,0.0,,11475.72,5225,False,0
1428,e48f69,TAM3895,Brazil,1790931234.0,1790931234,-55.0031,-16.0403,7376.16,False,231.94,110.24,8.78,,7787.64,,False,0
1429,3475da,VLG652J,Spain,1790931236.0,1790931236,-5.8438,37.4181,129.54,False,79.23,269.63,-3.9,,259.08,6246,False,0
1430,c023c8,ACA814,Canada,1790931236.0,1790931236,4.6657,43.7041,10005.06,False,267.37,97.74,-9.43,,10485.12,6316,False,0
1431,a76df1,UPS340,United States,1790931237.0,1790931237,-85.119,37.9635,5897.88,False,237.69,89.38,13.66,,6172.2,,False,0
1432,c023c7,ACA909,Canada,1790931237.0,1790931237,-10.085,54.5957,11574.78,False,243.55,306.41,0.0,,11650.98,7733,False,0
1433,a3577d,UPS942,United States,1790931236.0,1790931236,-100.6027,38.7277,10980.42,False,245.15,263.01,0.0,,11490.96,0315,False,0
1434,c023c9,ACA7,Canada,1790931236.0,1790931236,-124.1681,49.3989,6682.74,False,225.44,294.11,7.48,,6827.52,,False,0
1435,e48f38,AZU6175,Brazil,1790930946.0,1790930946,-45.72,-19.8041,4579.62,False,133.67,53.92,0.0,,4815.84,,False,0
1436,a35781,AAL1539,United States,1790931237.0,1790931237,-84.7157,30.7098,10668.0,False,237.6,120.73,0.0,,11308.08,1316,False,0
1437,485ec7,SUZ8,Kingdom of the Netherlands,1790931237.0,1790931237,5.0997,49.964,8229.6,False,140.95,132.19,0.0,,8595.36,1070,False,0
1438,3475d9,VLG80MM,Spain,1790931236.0,1790931236,0.9204,46.0266,11277.6,False,211.04,210.63,0.0,,11704.32,7636,False,0
1439,3475d8,VLG1GJ,Spain,1790931236.0,1790931236,8.0497,47.284,4213.86,False,187.99,242.45,2.6,,4526.28,1000,False,0
1440,781f00,CKK227,China,1790931237.0,1790931237,-170.597,58.9068,10058.4,False,253.74,67.59,0.0,,9890.76,,False,0
1441,3475d4,LVL269B,Spain,1790931237.0,1790931237,-10.7013,44.9217,11887.2,False,253.61,110.42,-0.33,,12275.82,1000,False,0
1442,c023ae,ACA43,Canada,1790931237.0,1790931237,-78.9874,44.1425,5044.44,False,168.71,184.37,-8.13,,5158.74,0706,False,0
1443,781f03,CSG2522,China,1790931225.0,1790931225,-102.5168,28.0942,10363.2,False,262.27,335.8,0.0,,11018.52,,False,0
1444,a64da4,N505MP,United States,1790931237.0,1790931237,-111.8037,33.445,510.54,False,45.04,76.12,0.65,,487.68,,False,0
1445,8964f2,EFC71L,United Arab Emirates,1790931236.0,1790931236,55.2117,24.7053,609.6,False,70.58,300.68,0.33,,632.46,,False,0
1446,e8047a,LPE2231,Chile,1790931235.0,1790931237,-75.784,-8.849,10675.62,False,229.84,26.16,0.0,,11407.14,,False,0
1447,00864b,ZSCJI,South Africa,1790931236.0,1790931236,27.4876,-26.3782,5044.44,False,170.24,12.57,-10.73,,5318.76,,False,0
1448,8964ea,EFC70V,United Arab Emirates,1790931155.0,1790931156,55.1467,24.8734,114.3,False,47.51,109.61,-6.18,,99.06,,False,0
1449,3952b0,FGUVQ,France,1790931236.0,1790931237,6.9759,43.5654,182.88,False,40.18,357.06,-0.65,,358.14,,False,0
1450,e80493,TAM8181,Chile,1790931237.0,1790931237,-45.5512,-20.7285,11879.58,False,253.91,163.4,0.0,,12550.14,,False,0
1451,e80494,LAN708,Chile,1790931236.0,1790931236,-3.5707,40.4886,,True,7.2,90.0,,,,3362,False,0
1452,3c49c8,EWG78RE,Germany,1790931237.0,1790931237,-4.3948,36.6013,1219.2,False,113.38,121.45,10.4,,1386.84,,False,0
1453,8964f9,ETD3MB,United Arab Emirates,1790931237.0,1790931237,36.9499,34.4637,9898.38,False,238.62,306.05,6.18,,10287.0,,False,0
1454,a129d9,UPS1488,United States,1790931037.0,1790931037,-83.3862,42.1992,220.98,False,63.31,28.65,-4.55,,213.36,,False,0
1455,3c49cb,EWG93FL,Germany,1790931236.0,1790931236,-5.8995,41.6852,10401.3,False,236.64,69.91,3.58,,10850.88,5445,False,0
1456,3c49cc,EWG58L,Germany,1790931237.0,1790931237,4.6787,42.8821,11887.2,False,220.48,210.57,0.0,,12374.88,1000,False,0
1457,8964ef,EFC61M,United Arab Emirates,1790931237.0,1790931237,55.592,24.6897,723.9,False,56.11,87.9,-7.8,,769.62,,False,0
1458,781f23,CSS157,China,1790931237.0,1790931237,88.8378,24.3944,9151.62,False,243.4,282.45,0.0,,9707.88,0507,False,0
1459,4bb069,THY1MJ,Turkey,1790931237.0,1790931237,1.5218,51.9537,4701.54,False,170.95,276.74,-5.85,,4953.0,3115,False,0
1460,3c49d5,EWG8602,Germany,1790931237.0,1790931237,3.6502,49.3781,11277.6,False,206.13,255.55,0.0,,11658.6,1114,False,0
1461,8964fe,ETD1QN,United Arab Emirates,1790931230.0,1790931231,16.574,48.12,,True,0.39,67.5,,,,,False,0
1462,4bb061,THY88K,Turkey,1790931236.0,1790931237,28.7112,41.0735,822.96,False,74.61,358.81,0.0,,967.74,4146,False,0
1463,e48f9d,SID9305,Brazil,1790931234.0,1790931234,-46.3375,-23.3193,2270.76,False,147.34,45.71,15.93,,2354.58,,False,0
1464,781f29,CES522,China,1790931237.0,1790931237,137.2069,35.1303,11582.4,False,206.8,250.53,0.0,,12222.48,3276,False,0
1465,3f717c,PRIMR02,Germany,1790931237.0,1790931237,7.8432,52.5739,5486.4,False,195.38,46.17,0.33,,5745.48,2470,False,0
1466,8964be,ETD8JZ,United Arab Emirates,1790931237.0,1790931237,17.091,47.5235,10660.38,False,264.02,140.85,0.0,,11079.48,6037,False,0
1467,3965af,AFR274,France,1790931237.0,1790931237,126.3576,37.1896,11277.6,False,310.08,87.15,0.0,,11742.42,7563,False,0
1468,8964bc,ETD98V,United Arab Emirates,1790931237.0,1790931237,7.6414,49.8402,10561.32,False,266.44,110.22,5.85,,10980.42,0112,False,0
1469,a46488,UPS1190,United States,1790930929.0,1790930929,-75.2534,39.8611,,True,2.31,255.94,,,,1175,False,0
1470,4bb029,TKJ9XC,Turkey,1790931236.0,1790931236,38.9017,41.079,7696.2,False,199.47,276.81,9.43,,7894.32,5074,False,0
1471,4bb027,TKJ1YG,Turkey,1790931237.0,1790931237,17.2672,47.3839,10972.8,False,215.64,298.03,0.33,,11391.9,1000,False,0
1472,780c06,CQH6320,China,1790930958.0,1790930958,116.7386,37.3645,8122.92,False,196.61,343.27,-10.08,,8496.3,,False,0
1473,4077ba,EXS47VA,United Kingdom,1790931236.0,1790931236,2.1701,42.6211,11887.2,False,216.45,169.73,-0.33,,12344.4,5203,False,0
1474,8964e0,EFC72J,United Arab Emirates,1790930984.0,1790930984,55.1482,24.873,129.54,False,47.43,114.34,-6.18,,114.3,6055,False,0
1475,4bb02b,TKJ4614,Turkey,1790931236.0,1790931236,31.4432,39.0994,11887.2,False,244.96,67.53,0.0,,12123.42,,False,0
1476,4077bb,EXS7RH,United Kingdom,1790931236.0,1790931236,-7.5104,40.7599,11277.6,False,232.63,192.78,0.0,,11757.66,0531,False,0
1477,8964e2,UAE5CL,United Arab Emirates,1790931236.0,1790931236,151.0341,-33.7272,1127.76,False,120.57,70.56,0.0,,1264.92,0240,False,0
1478,781f2d,CCA919,China,1790931237.0,1790931237,140.7995,35.1281,3642.36,False,161.35,52.25,0.0,,3810.0,3727,False,0
1479,781f48,CQH8663,China,1790931237.0,1790931237,99.9605,11.7313,9151.62,False,220.6,198.35,0.0,,9776.46,,False,0
1480,00b08d,SFR315,South Africa,1790931237.0,1790931237,19.0046,-33.589,4998.72,False,163.72,221.05,-12.03,,5227.32,,False,0
1481,896643,FDB74X,United Arab Emirates,1790931237.0,1790931237,55.979,25.0465,3185.16,False,146.84,311.73,-5.53,,3413.76,3555,False,0
1482,00b08a,SFR299,South Africa,1790930880.0,1790930975,21.0041,-32.5129,11277.6,False,235.59,47.57,0.0,,11788.14,,False,0
1483,01808f,LWA102,Libyan Arab Jamahiriya,1790931237.0,1790931237,26.3695,34.5785,11277.6,False,254.77,91.74,0.33,,11483.34,,False,0
1484,e80451,TAM8086,Chile,1790931236.0,1790931236,-77.1413,10.8674,10972.8,False,251.24,320.9,-0.33,,11711.94,4531,False,0
1485,a94156,DAL335,United States,1790931237.0,1790931237,-97.6828,43.5439,11887.2,False,259.8,90.34,0.0,,12245.34,,False,0
1486,4c808f,CYP311,Cyprus,1790931237.0,1790931237,25.3498,37.4526,8816.34,False,223.69,117.98,6.83,,9022.08,7403,False,0
1487,781dc6,CYZ255,China,1790931237.0,1790931237,6.3404,49.7998,1226.82,False,125.1,113.51,-3.58,,1463.04,1000,False,0
1488,3952eb,FGUXL,France,1790931060.0,1790931060,1.8133,50.1816,243.84,False,45.55,26.85,0.0,,411.48,,False,0
1489,781dc0,CCA471,China,1790931237.0,1790931237,100.353,18.3794,10149.84,False,231.66,182.16,-3.25,,11064.24,,False,0
1490,40655b,EXS92EL,United Kingdom,1790931237.0,1790931237,-0.0802,40.5175,10850.88,False,202.62,196.82,-9.43,,11369.04,7701,False,0
1491,e80463,LXP269,Chile,1790931234.0,1790931235,-72.846,-40.7392,5760.72,False,202.13,194.14,-10.4,,5684.52,,False,0
1492,40788c,AUR2LG,United Kingdom,1790931237.0,1790931237,-1.2668,50.4932,3947.16,False,144.98,39.96,-2.6,,4160.52,1223,False,0
1493,781dba,CSN6482,China,1790930957.0,1790930957,117.7422,40.5467,9776.46,False,218.88,214.18,0.0,,10027.92,,False,0
1494,896664,FDB392,United Arab Emirates,1790931237.0,1790931237,56.1584,24.7767,4686.3,False,163.35,296.16,-6.18,,5006.34,4741,False,0
1495,3832da,H125N,France,1790931236.0,1790931237,5.2515,43.4264,198.12,False,56.6,79.0,1.95,,373.38,5433,False,0
1496,aaf804,SCX6010,United States,1790931237.0,1790931237,-80.4867,40.3439,2392.68,False,158.59,84.79,-5.2,,2484.12,4073,False,0
1497,89664c,ETD405,United Arab Emirates,1790931237.0,1790931237,99.5189,14.1692,8244.84,False,253.64,291.41,6.83,,8793.48,,False,0
1498,780aa4,CPA184,China,1790927771.0,1790931234,113.9283,22.3128,,True,0.0,340.31,,,,,False,0
1499,345084,VLG6205,Spain,1790931236.0,1790931237,2.974,47.97,10668.0,False,224.46,135.65,0.0,,11064.24,2713,False,0
1500,407898,BAW8K,United Kingdom,1790931236.0,1790931236,-4.4103,53.8385,11269.98,False,252.81,119.9,0.0,,11445.24,7640,False,0
1501,4bb05a,TKJ1JF,Turkey,1790931236.0,1790931237,27.8228,40.6671,6324.6,False,166.87,48.25,-10.4,,6522.72,1044,False,0
1502,896623,UAE8Y,United Arab Emirates,1790931236.0,1790931236,55.6069,25.2501,1905.0,False,122.13,209.8,-2.93,,2026.92,3515,False,0
1503,780aa8,CPA2094,China,1790931236.0,1790931237,-88.8198,44.5807,8686.8,False,255.62,139.0,-4.23,,8930.64,,False,0
1504,a9a41f,BVN8280,United States,1790931236.0,1790931236,-97.6737,30.2072,,True,8.23,345.94,,,,,False,0
1505,4bb074,THY7MP,Turkey,1790928971.0,1790931235,23.4919,55.72,11277.6,False,225.95,174.25,8.45,,8153.4,4515,False,0
1506,4bb070,THY1LP,Turkey,1790931237.0,1790931237,19.2668,47.9479,10972.8,False,229.09,312.18,0.0,,11361.42,3224,False,0
1507,e80479,LPE2370,Chile,1790930985.0,1790930985,-71.1741,-32.9905,6880.86,False,170.82,341.57,2.93,,7101.84,,False,0
1508,e80478,LPE2461,Chile,1790931236.0,1790931236,-77.1853,-11.9016,662.94,False,82.86,155.03,-0.33,,701.04,,False,0
1509,89661e,UAE63Q,United Arab Emirates,1790930384.0,1790931237,22.6658,47.8058,12192.0,False,2149.31,242.21,0.0,,12496.8,5366,False,0
1510,e8046d,TAM8190,Chile,1790931227.0,1790931227,-62.8936,12.9614,11582.4,False,233.71,329.14,-0.33,,12237.72,,False,0
1511,781de6,CES853,China,1790931237.0,1790931237,125.2517,37.1972,5204.46,False,207.37,88.72,-10.08,,5684.52,4005,True,0
1512,780ab2,HKE823,China,1790931236.0,1790931236,118.6601,23.0246,11590.02,False,232.48,237.47,0.33,,12397.74,,False,0
1513,780ab3,HKE862,China,1790931236.0,1790931236,120.1931,23.6242,11277.6,False,232.16,43.56,0.0,,12070.08,,False,0
1514,4bb06b,THY7KC,Turkey,1790931236.0,1790931236,28.7146,40.9393,822.96,False,95.72,1.54,-0.33,,967.74,4103,False,0
1515,a4c6b3,ASA677,United States,1790931237.0,1790931237,-78.834,36.3193,2667.0,False,148.42,134.44,-2.6,,2804.16,,False,0
1516,4bb06c,THY55C,Turkey,1790931237.0,1790931237,39.9105,41.0821,2400.3,False,132.86,310.29,15.28,,2499.36,5073,False,0
1517,896639,EFC38I,United Arab Emirates,1790931235.0,1790931235,55.3751,24.572,617.22,False,58.41,174.44,7.8,,601.98,6023,False,0
1518,896637,EFC33E,United Arab Emirates,1790931230.0,1790931235,55.8528,25.0701,601.98,False,78.3,204.04,0.33,,640.08,,False,0
1519,780aac,CPA734,China,1790931234.0,1790931236,103.936,2.0097,6355.08,False,215.46,344.2,4.55,,6766.56,0170,False,0
1520,40653d,EZY52ZY,United Kingdom,1790931236.0,1790931236,13.2667,41.8143,8938.26,False,212.65,310.78,7.48,,9349.74,,False,0
1521,4c8090,CYP112,Cyprus,1790931128.0,1790931159,34.9083,32.0307,106.68,False,68.61,208.68,-0.33,,167.64,,False,0
1522,89662b,ETD3XA,United Arab Emirates,1790931237.0,1790931237,3.1885,52.3676,10058.4,False,260.52,118.03,0.0,,10355.58,7312,False,0
1523,780ac8,CPA853,China,1790931149.0,1790931149,116.6659,22.3168,11582.4,False,244.44,268.55,0.0,,12367.26,,False,0
1524,780ac6,,China,1790930869.0,1790930935,115.9926,22.373,10058.4,False,232.19,25.32,0.0,,10728.96,,False,0
1525,a9675d,CKS866,United States,1790931236.0,1790931237,-84.7219,31.2678,11582.4,False,262.37,323.13,0.0,,12260.58,7414,False,0
1526,4ab5d0,SAS2182,Sweden,1790931236.0,1790931236,16.747,58.384,4572.0,False,125.73,53.32,0.0,,4823.46,1000,False,0
1527,4ab5d2,SAS756,Sweden,1790931235.0,1790931235,16.2628,54.8193,4869.18,False,139.86,292.04,0.0,,5151.12,3704,False,0
1528,4ab5d5,,Sweden,1790930924.0,1790930924,24.8118,59.4151,,True,10.8,92.81,,,,,False,0
1529,e80413,LPE2947,Chile,1790931184.0,1790931184,-58.5574,-34.8183,0.0,False,66.9,102.43,-3.25,,68.58,5637,False,0
1530,346384,AEA1301,Spain,1790931219.0,1790931219,10.5133,38.9034,11277.6,False,256.54,103.45,0.0,,11788.14,1442,False,0
1531,7c6569,UBF,Australia,1790931052.0,1790931052,130.8172,-12.1084,777.24,False,89.65,330.05,1.63,,853.44,,False,0
1532,896612,A6FTS,United Arab Emirates,1790931237.0,1790931237,55.1332,25.1478,449.58,False,60.89,256.32,0.65,,464.82,2000,False,0
1533,e8040c,LPE2483,Chile,1790931237.0,1790931237,-79.0865,-8.1339,11277.6,False,237.44,152.94,0.33,,12016.74,,False,0
1534,e80421,LAE1828,Chile,1790931237.0,1790931237,-57.7521,-12.3059,11582.4,False,203.07,316.64,0.0,,12283.44,,False,0
1535,3e0f5f,CHX21,Germany,1790931236.0,1790931237,6.1742,50.843,38.1,False,13.12,281.31,-1.3,,259.08,,False,0
1536,7c788f,JST475,Australia,1790931236.0,1790931236,150.4601,-34.7572,11582.4,False,202.5,233.89,0.0,,11948.16,1114,False,0
1537,7c788d,JST209,Australia,1790931237.0,1790931237,152.5852,-34.3553,7246.62,False,230.21,109.04,6.83,,7559.04,1344,False,0
1538,885972,TVJ205,Thailand,1790931174.0,1790931179,100.7638,13.7022,99.06,False,70.62,194.34,-2.6,,53.34,,False,0
1539,a7014d,N550VG,United States,1790931237.0,1790931237,-77.5103,41.0182,10066.02,False,228.41,89.87,0.65,,10622.28,1315,False,0
1540,7c7889,JST635,Australia,1790931237.0,1790931237,152.7486,-28.1875,7772.4,False,230.54,215.46,3.58,,8191.5,1072,False,0
1541,e48f00,GLO1431,Brazil,1790931237.0,1790931237,-47.9412,-22.4378,8663.94,False,230.18,128.74,-9.1,,9144.0,,False,0
1542,34768e,VLG9QE,Spain,1790931237.0,1790931237,0.42,45.3093,11285.22,False,207.34,211.4,0.0,,11727.18,7637,False,0
1543,39a2e3,CCM78JG,France,1790931237.0,1790931237,7.5748,42.8783,6957.06,False,213.54,135.49,-18.53,,7360.92,1000,False,0
1544,39a2e1,FPO770,France,1790931236.0,1790931236,-3.1168,41.7774,11582.4,False,240.56,14.36,0.0,,12016.74,1406,False,0
1545,484c5a,TRA38B,Kingdom of the Netherlands,1790931237.0,1790931237,4.6908,52.5306,457.2,False,98.47,153.97,-0.65,,670.56,1000,False,0
1546,34768c,VLG16TX,Spain,1790931236.0,1790931236,-1.8272,42.7927,10066.02,False,219.77,302.57,0.33,,10515.6,3220,False,0
1547,780adc,CES7603,China,1790931237.0,1790931237,100.9977,22.4203,10363.2,False,219.24,157.95,0.0,,,,False,0
1548,40658a,CFE23DB,United Kingdom,1790931236.0,1790931236,0.2879,49.5542,10904.22,False,205.12,166.07,2.6,,11247.12,2153,False,0
1549,347696,VLG563D,Spain,1790931236.0,1790931236,2.9712,40.982,4953.0,False,182.26,278.93,-4.88,,5303.52,1000,False,0
1550,347695,VLG7TW,Spain,1790931236.0,1790931236,3.3861,48.1634,10972.8,False,226.84,340.25,0.0,,11376.66,5355,False,0
1551,484c50,KLC1123,Kingdom of the Netherlands,1790931237.0,1790931237,-5.8722,51.931,10972.8,False,205.36,268.28,0.33,,11209.02,6270,False,0
1552,347692,AEA098,Spain,1790931237.0,1790931237,-9.4406,41.3743,10363.2,False,257.75,86.34,-0.33,,10835.64,1452,False,0
1553,347694,VLG4DX,Spain,1790931236.0,1790931236,1.6964,41.2326,1303.02,False,117.69,157.92,-4.55,,1531.62,1000,False,0
1554,4780c9,SAS43C,Norway,1790931237.0,1790931237,12.6915,55.6409,0.0,False,66.35,221.23,-3.25,,175.26,2512,False,0
1555,a4d9a7,UPS682,United States,1790931237.0,1790931237,-94.5751,41.5284,6286.5,False,197.95,258.46,-11.7,,6545.58,,False,0
1556,34634c,RSC609,Spain,1790931236.0,1790931236,-16.5314,28.5453,1325.88,False,128.74,110.1,-9.1,,1478.28,,False,0
1557,484c54,KLM74A,Kingdom of the Netherlands,1790931237.0,1790931237,4.8619,52.5839,1219.2,False,112.26,252.4,0.0,,1432.56,0745,False,0
1558,485f83,KLM604,Kingdom of the Netherlands,1790931237.0,1790931237,4.3167,52.6248,2270.76,False,134.39,92.41,-5.2,,2491.74,6256,False,0
1559,485f84,KLM615,Kingdom of the Netherlands,1790931237.0,1790931237,4.506,52.5177,4175.76,False,161.0,339.42,11.38,,4389.12,2110,False,0
1560,484c59,TRA65M,Kingdom of the Netherlands,1790931237.0,1790931237,10.5927,49.3835,11582.4,False,237.07,335.1,0.0,,11978.64,1000,False,0
1561,883294,TLM714,Thailand,1790930989.0,1790930989,100.5902,9.5928,10668.0,False,234.65,181.38,0.0,,8770.62,,False,0
1562,abaf47,FDX19,United States,1790931236.0,1790931237,131.9146,33.8524,10972.8,False,217.75,255.08,0.0,,11612.88,,False,0
1563,e48dc2,TAM3657,Brazil,1790931237.0,1790931237,-46.2299,-22.4291,6172.2,False,176.57,187.87,-7.48,,6522.72,,False,0
1564,400ea8,UAA99,United Kingdom,1790931237.0,1790931237,-2.7945,56.245,1310.64,False,58.21,115.66,0.65,,1424.94,,False,0
1565,a1f0d8,N224LA,United States,1790931078.0,1790931161,-118.2295,34.0549,,True,0.0,123.75,,,,1200,False,0
1566,34644e,IBS15MW,Spain,1790931237.0,1790931237,-15.1731,29.9505,10668.0,False,233.45,214.5,0.0,,11292.84,,False,0
1567,484c1b,KLM82Q,Kingdom of the Netherlands,1790931236.0,1790931236,3.0791,50.3406,9144.0,False,249.91,22.13,0.0,,9479.28,1000,False,0
1568,461f9d,FIN5PJ,Finland,1790931229.0,1790931234,24.9611,60.3182,,True,0.0,47.81,,,,,False,0
1569,346456,IBE6117,Spain,1790931237.0,1790931237,-59.6411,-22.3286,12192.0,False,241.22,220.42,0.0,,12793.98,,False,0
1570,a76f87,UAL3752,United States,1790931237.0,1790931237,-122.277,37.5798,457.2,False,82.83,297.36,-4.23,,426.72,2131,False,0
1571,461f6c,FIN8SM,Finland,1790931236.0,1790931236,23.8738,60.1416,3802.38,False,173.5,48.61,-9.75,,4091.94,3737,False,0
1572,461f6a,FIN6RL,Finland,1790931033.0,1790931034,16.5561,48.1202,,True,0.0,115.31,,,,1144,False,0
1573,ad56e0,JBU162,United States,1790931153.0,1790931156,-102.2435,42.5918,10058.4,False,266.67,83.46,0.0,,10492.74,3372,False,0
1574,896598,ETD79H,United Arab Emirates,1790931236.0,1790931237,-5.0613,34.0704,8976.36,False,253.93,53.15,4.23,,9486.9,6416,False,0
1575,896597,ETD8NY,United Arab Emirates,1790931237.0,1790931237,1.2936,48.8736,11277.6,False,264.37,107.91,0.0,,11643.36,5255,False,0
1576,c06aaa,TSC628,Canada,1790931236.0,1790931236,-11.4782,49.5984,10683.24,False,248.7,101.33,0.0,,10942.32,,False,0
1577,c06aab,TSC516,Canada,1790931237.0,1790931237,-0.9449,44.7756,1120.14,False,117.28,137.84,-4.88,,1325.88,1000,False,0
1578,346445,EAX1H,Spain,1790931194.0,1790931194,2.097,41.5254,53.34,False,30.46,127.45,-2.28,,228.6,,False,0
1579,345116,VLG2LX,Spain,1790931182.0,1790931182,-0.8385,39.6004,1988.82,False,137.97,19.38,-4.55,,2308.86,6251,False,0
1580,484c24,KLC26X,Kingdom of the Netherlands,1790931237.0,1790931237,8.1098,55.0384,11582.4,False,210.29,206.13,0.33,,11849.1,0765,False,0
1581,48af0e,LOT5LF,Poland,1790931237.0,1790931237,17.7054,51.5461,10332.72,False,234.88,249.62,4.88,,10721.34,,False,0
1582,600865,AZQ4883,Azerbaijan,1790931209.0,1790931210,22.9513,35.2848,9745.98,False,203.35,304.7,1.63,,9936.48,,False,0
1583,48af0d,LOT224,Poland,1790931237.0,1790931237,19.3831,50.2546,10058.4,False,237.57,17.26,0.0,,10462.26,1000,False,0
1584,740826,RJA267,Jordan,1790931236.0,1790931236,-61.6829,45.5256,10972.8,False,230.58,255.53,0.0,,11490.96,,False,0
1585,48af0b,LOT437,Poland,1790931236.0,1790931236,5.7914,43.3343,10668.0,False,215.67,233.73,0.0,,11148.06,1000,False,0
1586,740825,RJA263,Jordan,1790931237.0,1790931237,34.4621,32.4898,8549.64,False,270.03,353.99,4.88,,8923.02,,False,0
1587,740821,RJA262G,Jordan,1790931236.0,1790931236,21.5837,40.1459,12489.18,False,254.78,129.35,-0.33,,12733.02,2204,False,0
1588,740823,RJA291,Jordan,1790931237.0,1790931237,33.3994,36.6288,10972.8,False,257.29,340.01,0.33,,11269.98,1171,False,0
1589,3009b2,DLA33C,Italy,1790931237.0,1790931237,12.0761,48.6705,9144.0,False,194.76,303.69,-0.33,,9547.86,1000,False,0
1590,48af11,LOT198,Poland,1790931219.0,1790931232,44.1998,40.8227,10972.8,False,215.75,252.52,7.48,,11338.56,3411,False,0
1591,3009b6,DLH5RJ,Italy,1790931237.0,1790931237,10.606,49.3277,7513.32,False,184.06,303.6,-5.2,,7901.94,1000,False,0
1592,345107,VLG6DE,Spain,1790931236.0,1790931236,7.062,45.2239,9319.26,False,204.33,288.34,5.53,,9776.46,1000,False,0
1593,3009b4,DLA3LT,Italy,1790931236.0,1790931237,12.4454,51.0311,9593.58,False,227.47,255.46,-7.15,,10012.68,1000,False,0
1594,e80407,LNE1446,Chile,1790931237.0,1790931237,-79.22,-6.2021,10972.8,False,225.69,348.56,0.0,,11696.7,,False,0
1595,406542,EZY31ND,United Kingdom,1790931237.0,1790931237,1.8491,40.407,8526.78,False,217.39,305.27,5.85,,8976.36,,False,0
1596,600854,AHY121,Azerbaijan,1790931237.0,1790931237,39.2755,39.9434,10363.2,False,206.33,268.86,0.0,,10637.52,2317,False,0
1597,345101,VLG93FF,Spain,1790931236.0,1790931236,2.0776,41.2932,,True,4.37,157.5,,,,1000,False,0
1598,345102,VLG17GU,Spain,1790931237.0,1790931237,0.5496,41.342,11582.4,False,228.97,91.16,0.33,,12047.22,1000,False,0
1599,400ef3,UAX68,United Kingdom,1790931237.0,1790931237,-1.1626,54.4359,1600.2,False,63.58,264.43,0.65,,1760.22,0436,False,0
1600,48af07,LOT6703,Poland,1790931236.0,1790931237,26.3444,37.7037,11049.0,False,231.81,147.97,-5.85,,11262.36,5255,False,0
1601,406540,EZY15JL,United Kingdom,1790931237.0,1790931237,5.4263,47.4748,11582.4,False,214.99,315.48,0.0,,11993.88,5730,False,0
1602,48af05,LOT2161,Poland,1790931237.0,1790931237,-2.558,40.1802,2994.66,False,142.09,280.01,-7.48,,3261.36,1000,False,0
1603,400ee9,UAA96,United Kingdom,1790931237.0,1790931237,-3.1002,56.3393,1348.74,False,42.55,284.71,0.33,,1455.42,7401,False,0
1604,48af01,LOT4HT,Poland,1790931236.0,1790931237,19.1631,51.8672,6941.82,False,215.75,252.52,6.83,,7307.58,,False,0
1605,461f69,FIN8KR,Finland,1790931237.0,1790931237,14.2642,50.5319,11277.6,False,227.93,9.48,0.0,,11696.7,1762,False,0
1606,48af00,LOT2CH,Poland,1790931237.0,1790931237,8.456,47.373,2514.6,False,126.46,85.33,6.5,,2750.82,1000,False,0
1607,44cc43,BEL7FP,Belgium,1790931237.0,1790931237,2.8874,43.8652,11887.2,False,222.34,181.72,0.0,,12352.02,1000,False,0
1608,461f63,FIN1PM,Finland,1790931236.0,1790931236,15.8895,57.5152,11582.4,False,218.23,234.89,0.0,,11932.92,0247,False,0
1609,0d1049,VOI325,Mexico,1790931236.0,1790931236,-110.4049,29.2595,10668.0,False,258.63,130.72,0.0,,11315.7,,False,0
1610,400edb,UAQ01,United Kingdom,1790931237.0,1790931237,-1.3971,54.345,670.56,False,54.74,323.02,0.33,,815.34,0430,False,0
1611,44cc42,BEL8PZ,Belgium,1790931237.0,1790931237,4.7743,51.0879,1501.14,False,120.87,71.64,-5.2,,1722.12,1000,False,0
1612,461f65,FIN2HA,Finland,1790931236.0,1790931237,1.2649,57.9819,11262.36,False,252.39,62.96,0.0,,11399.52,7022,False,0
1613,44cc41,BEL9VN,Belgium,1790931237.0,1790931237,23.5031,37.388,11582.4,False,225.8,320.36,0.0,,11788.14,2037,False,0
1614,a4c6af,AAL1842,United States,1790931236.0,1790931236,-90.762,30.2548,10058.4,False,237.77,121.28,0.0,,10698.48,3262,False,0
1615,8a09a2,BTK6818,Indonesia,1790931235.0,1790931235,105.4705,-5.5321,8526.78,False,231.95,291.33,2.6,,9113.52,,False,0
1616,406531,SHT19S,United Kingdom,1790931237.0,1790931237,-1.8967,52.6387,8374.38,False,194.4,147.87,-5.2,,8633.46,6016,False,0
1617,44cc48,BEL5FJ,Belgium,1790931235.0,1790931235,11.0627,43.7171,701.04,False,74.3,47.81,-2.93,,906.78,1000,False,0
1618,407862,EXS9CX,United Kingdom,1790931237.0,1790931237,1.7381,44.3854,11277.6,False,220.08,169.77,0.0,,11727.18,5254,False,0
1619,44cc47,BEL2AH,Belgium,1790931236.0,1790931236,0.5227,51.6738,3604.26,False,128.51,263.1,-4.88,,3832.86,4426,False,0
1620,44cc46,BEL9PW,Belgium,1790931237.0,1790931237,1.1784,48.4156,10355.58,False,244.07,16.03,0.0,,10751.82,1000,False,0
1621,44cc44,BEL5KF,Belgium,1790931236.0,1790931236,-4.2357,44.5861,11887.2,False,217.04,219.61,0.0,,12298.68,7151,False,0
1622,400ee0,WIT31,United Kingdom,1790931236.0,1790931236,-0.4267,52.8305,76.2,False,44.41,205.38,1.63,,251.46,3723,False,0
1623,600851,AHY022,Azerbaijan,1790931237.0,1790931237,34.4326,32.1858,3985.26,False,194.73,354.85,23.08,,4152.9,,False,0
1624,a7bf22,DAL899,United States,1790931237.0,1790931237,-92.906,34.8335,10675.62,False,259.84,91.02,0.0,,11330.94,2042,False,0
1625,89653a,ETD35Q,United Arab Emirates,1790931237.0,1790931237,13.4895,39.8071,11879.58,False,263.01,121.48,0.0,,12344.4,1412,False,0
1626,ac10d8,FDX5384,United States,1790931237.0,1790931237,41.9454,41.2986,10668.0,False,280.96,80.09,0.0,,10919.46,0662,False,0
1627,400ed1,WIT19,United Kingdom,1790931237.0,1790931237,-0.574,52.4685,1470.66,False,40.75,226.02,-2.6,,1653.54,3722,False,0
1628,7c7800,QFA474,Australia,1790931237.0,1790931237,146.5545,-36.451,11186.16,False,234.05,47.05,2.93,,11414.76,4026,False,0
1629,400ec8,UAQ11,United Kingdom,1790931237.0,1790931237,-1.5444,54.3043,-38.1,False,31.08,155.56,-1.3,,106.68,,False,0
1630,40783d,BHL76A,United Kingdom,1790931237.0,1790931237,-1.0453,57.0433,556.26,False,68.69,286.53,0.0,,685.8,,False,0
1631,7c7806,QFA550,Australia,1790931236.0,1790931236,151.1756,-33.9326,,True,1.29,168.75,,,,,False,0
1632,4b9910,FHY1321,Turkey,1790931237.0,1790931237,30.8304,36.9529,640.08,False,104.1,23.9,4.55,,708.66,3236,False,0
1633,7c7803,QFA768,Australia,1790931237.0,1790931237,118.1441,-32.402,9906.0,False,237.45,87.14,4.88,,10111.74,4205,False,0
1634,896558,ABY700,United Arab Emirates,1790931033.0,1790931033,78.4996,15.1902,11582.4,False,245.48,296.24,0.0,,12275.82,,False,0
1635,896555,FDB64C,United Arab Emirates,1790931236.0,1790931237,20.0459,38.479,12192.0,False,213.17,315.2,0.0,,12435.84,2026,False,0
1636,4b9907,FHY784,Turkey,1790931234.0,1790931236,17.2031,48.1666,,True,5.14,222.19,,,,,False,0
1637,781ebc,CSG2543,China,1790931237.0,1790931237,132.9015,35.4103,9448.8,False,297.88,52.44,0.0,,9951.72,4404,False,0
1638,400eb6,UAT62,United Kingdom,1790931229.0,1790931229,-0.4554,52.6169,-38.1,False,32.87,252.7,-4.23,,137.16,7010,False,0
1639,461f56,FIN79,Finland,1790931237.0,1790931237,125.0079,37.1344,12496.8,False,307.96,85.78,0.0,,12969.24,4536,False,0
1640,461f53,FIN131,Finland,1790931126.0,1790931126,97.7807,8.6082,11887.2,False,244.59,138.67,0.0,,,,False,0
1641,407837,EZY19AL,United Kingdom,1790931235.0,1790931236,17.7706,44.8955,10668.0,False,247.11,131.46,0.0,,11056.62,7317,False,0
1642,4063de,BAW380,United Kingdom,1790931236.0,1790931237,14.8938,44.3998,11277.6,False,243.1,125.44,0.0,,11727.18,2227,False,0
1643,8964b2,UAE216,United Arab Emirates,1790931237.0,1790931237,-1.8237,51.6844,11277.6,False,261.79,96.09,0.0,,11506.2,7314,False,0
1644,461f0c,FIN20,Finland,1790931186.0,1790931186,24.9577,60.3158,,True,4.12,137.81,,,,0244,False,0
1645,461f0d,FIN122,Finland,1790931236.0,1790931236,26.7626,45.3766,11582.4,False,242.31,313.97,0.0,,11849.1,5304,False,0
1646,4ac92a,JON07,Sweden,1790931237.0,1790931237,10.3339,59.3669,12496.8,False,221.69,79.71,0.0,,12733.02,,False,0
1647,0d1005,VOI700,Mexico,1790931236.0,1790931236,-93.5841,31.6695,11277.6,False,250.23,16.24,0.0,,11993.88,,False,0
1648,8964b3,UAE51N,United Arab Emirates,1790931236.0,1790931236,27.7759,43.0888,10355.58,False,252.49,315.99,0.0,,10576.56,5376,False,0
1649,8964b7,UAE83M,United Arab Emirates,1790931236.0,1790931236,26.9794,44.3204,10363.2,False,249.4,322.96,0.0,,10607.04,5374,False,0
1650,750254,MAS389,Malaysia,1790931237.0,1790931237,118.9046,25.2465,11003.28,False,240.83,215.52,0.0,,11780.52,,False,0
1651,8964c3,ETD99P,United Arab Emirates,1790931221.0,1790931222,11.7804,48.3538,,True,1.54,317.81,,,,,False,0
1652,4b991a,FHY1273,Turkey,1790931237.0,1790931237,23.5832,45.2892,10972.8,False,236.49,313.94,0.0,,11292.84,3252,False,0
1653,8964c0,ETD4EA,United Arab Emirates,1790931236.0,1790931236,13.092,55.1024,4503.42,False,191.47,152.13,7.15,,4754.88,7677,False,0
1654,461f39,FIN7PA,Finland,1790931237.0,1790931237,8.7337,59.1861,11178.54,False,227.33,77.85,7.15,,11430.0,,False,0
1655,461f35,FIN9DZ,Finland,1790931237.0,1790931237,24.4636,58.3762,11887.2,False,226.52,10.47,0.0,,12275.82,6033,False,0
1656,ab5f00,SWA3320,United States,1790931236.0,1790931237,-96.2132,44.4244,10668.0,False,264.59,117.06,0.0,,10995.66,,False,0
1657,461f36,FIN4E,Finland,1790931237.0,1790931237,23.8978,60.2934,5295.9,False,181.69,268.22,13.33,,5593.08,0477,False,0
1658,4b990d,FHY1528,Turkey,1790931236.0,1790931237,23.0887,42.6661,10675.62,False,229.48,145.13,-0.33,,10957.56,4450,False,0
1659,461f31,FIN75D,Finland,1790931237.0,1790931237,19.6038,44.7863,11590.02,False,215.23,13.97,0.0,,11932.92,4474,False,0
1660,4076ed,EXS8CW,United Kingdom,1790931237.0,1790931237,9.2664,43.65,11277.6,False,241.82,137.76,-0.65,,11757.66,2251,False,0
1661,750221,MAS620,Malaysia,1790931235.0,1790931236,104.0746,1.2929,2827.02,False,153.15,22.52,12.35,,2987.04,2220,False,0
1662,780c2f,CSC3981,China,1790931235.0,1790931236,120.8244,24.6407,3474.72,False,161.71,47.84,-3.9,,3718.56,,False,0
1663,75020d,MAS2641,Malaysia,1790931236.0,1790931236,103.1963,3.0181,9311.64,False,236.64,247.5,-10.4,,9966.96,,False,0
1664,780c46,CCA145,China,1790931216.0,1790931216,133.1517,33.3003,8846.82,False,256.09,82.03,0.0,,9387.84,3234,False,0
1665,4063c3,CFE736,United Kingdom,1790931232.0,1790931234,1.366,38.8745,,True,0.0,8.44,,,,,False,0
1666,781f76,CQH6581,China,1790931237.0,1790931237,133.2114,33.9195,6766.56,False,229.03,74.5,-9.75,,7178.04,4406,False,0
1667,780c41,CCA1624,China,1790930957.0,1790930957,117.1351,40.7906,3596.64,False,171.94,233.88,-0.33,,3695.7,,False,0
1668,4076dd,EXS1JV,United Kingdom,1790931236.0,1790931236,0.1124,44.9476,11277.6,False,222.5,152.61,0.0,,11696.7,2001,False,0
1669,4076da,EXS18EH,United Kingdom,1790931236.0,1790931237,1.8322,43.8704,11277.6,False,223.29,176.04,0.33,,11727.18,2023,False,0
1670,a15ee6,FDX1497,United States,1790931237.0,1790931237,-88.526,35.5373,7848.6,False,263.99,59.69,5.85,,8313.42,1601,False,0
1671,4ac925,GFM5E,Sweden,1790931237.0,1790931237,13.0865,56.9721,12192.0,False,206.28,225.91,0.0,,12557.76,1000,False,0
1672,75021b,MAS496,Malaysia,1790931225.0,1790931225,100.8856,3.1924,6134.1,False,187.67,127.09,-9.1,,6804.66,,False,0
1673,75021e,MAS1149,Malaysia,1790931236.0,1790931236,101.1803,3.006,2293.62,False,128.71,34.58,-3.9,,2430.78,,False,0
1674,4076e4,BAW379,United Kingdom,1790931232.0,1790931232,-0.4875,51.468,,True,5.66,357.19,,,,2767,False,0
1675,8964a5,UAE5WR,United Arab Emirates,1790931236.0,1790931236,-2.9174,47.1421,10058.4,False,264.41,104.77,0.0,,10447.02,,False,0
1676,8964a4,UAE3U,United Arab Emirates,1790931084.0,1790931089,37.4652,34.9334,9144.0,False,262.79,340.32,0.0,,9509.76,,False,0
1677,750222,MAS2607,Malaysia,1790931237.0,1790931237,114.5117,5.3526,8252.46,False,251.17,256.13,5.85,,8839.2,,False,0
1678,76cc63,SIA721,Singapore,1790931236.0,1790931236,104.0538,1.5298,853.44,False,98.42,203.08,-3.25,,899.16,,False,0
1679,8964a8,UAE64P,United Arab Emirates,1790931237.0,1790931237,28.6669,35.6916,10972.8,False,245.92,323.85,0.0,,11193.78,7230,False,0
1680,8964a6,UAE9J,United Arab Emirates,1790931236.0,1790931236,28.0236,42.722,10972.8,False,251.84,303.33,0.0,,11178.54,5402,False,0
1681,76cc65,SIA276,Singapore,1790931237.0,1790931237,137.6849,-34.2192,6896.1,False,221.78,327.6,4.55,,7018.02,,False,0
1682,76cc67,SIA944,Singapore,1790931187.0,1790931187,105.6863,-0.2092,9258.3,False,237.98,128.51,5.85,,9921.24,2205,False,0
1683,781f7e,CES2399,China,1790931236.0,1790931236,113.7925,22.9214,8107.68,False,243.9,77.58,0.0,,8671.56,,False,0
1684,a2bbc6,UAL2837,United States,1790931236.0,1790931236,-94.2322,40.1061,10668.0,False,251.38,92.93,0.0,,11117.58,,False,0
1685,780c69,CSZ281,China,1790931237.0,1790931237,100.2098,19.3075,10965.18,False,234.18,178.24,0.0,,11696.7,,False,0
1686,76cc71,SIA806,Singapore,1790931230.0,1790931230,103.9972,1.3645,,True,4.37,112.5,,,,,False,0
1687,a45209,N378FJ,United States,1790931237.0,1790931237,-7.3857,43.041,2948.94,False,84.25,79.44,0.0,,3169.92,,False,0
1688,750210,MAS2718,Malaysia,1790931237.0,1790931237,103.0552,3.0033,7010.4,False,225.64,74.66,0.0,,7475.22,,False,0
1689,780c5b,CAO1047,China,1790930471.0,1790931026,46.4656,61.109,10363.2,False,4.12,0.0,0.0,,9403.08,,False,0
1690,76cc6b,SIA634,Singapore,1790931236.0,1790931236,118.8001,12.8699,11772.9,False,247.76,52.68,6.5,,12595.86,,False,0
1691,76cc6f,SIA621,Singapore,1790931237.0,1790931237,135.1688,34.4726,1211.58,False,135.12,236.49,5.53,,1303.02,,False,0
1692,491113,RVP195,Portugal,1790931235.0,1790931235,-8.6322,38.2558,1005.84,False,49.34,230.5,0.33,,1150.62,,False,0
1693,76cc82,SIA601,Singapore,1790931237.0,1790931237,126.1842,37.3747,2766.06,False,156.71,131.54,10.73,,2895.6,4166,False,0
1694,a700ac,DAL391,United States,1790931237.0,1790931237,-96.4319,37.4525,11277.6,False,260.78,108.4,0.0,,11849.1,6431,False,0
1695,76cc83,SIA401,Singapore,1790931237.0,1790931237,104.1131,1.6709,1684.02,False,110.17,203.09,-5.85,,1783.08,,False,0
1696,491117,RVP126,Portugal,1790931236.0,1790931236,-8.5271,38.965,1280.16,False,52.52,299.33,-0.33,,1470.66,,False,0
1697,750206,MAS762,Malaysia,1790931237.0,1790931237,102.2047,3.256,5067.3,False,202.74,20.96,11.7,,5372.1,,False,0
1698,750205,MAS605,Malaysia,1790931237.0,1790931237,103.9031,1.0443,4160.52,False,140.43,85.17,-2.93,,4427.22,2173,False,0
1699,491115,RVP208,Portugal,1790931207.0,1790931207,-8.0517,38.7031,1005.84,False,48.64,246.96,-0.98,,1158.24,,False,0
1700,e06443,ARG1856,Argentina,1790931234.0,1790931236,-58.4562,-35.1172,3230.88,False,147.15,181.0,4.23,,3284.22,1534,False,0
1701,3e5241,ECA2WR,Germany,1790931236.0,1790931236,4.3571,42.5156,12496.8,False,196.98,207.7,0.0,,12976.86,4105,False,0
1702,8a09fa,PKOFI,Indonesia,1790931102.0,1790931102,108.5396,-5.9623,11186.16,False,246.42,270.12,-4.88,,12009.12,,False,0
1703,a690de,FDX1735,United States,1790931237.0,1790931237,-92.0438,35.529,10957.56,False,218.18,229.4,0.0,,11612.88,4047,False,0
1704,ab03a4,DAL1028,United States,1790931237.0,1790931237,-86.5052,40.9939,11887.2,False,272.41,100.89,-0.33,,12443.46,,False,0
1705,ab4c1d,DAL207,United States,1790931236.0,1790931236,-2.1179,45.9902,10363.2,False,231.9,279.19,0.0,,10767.06,5723,False,0
1706,47945c,NOZ53Y,Norway,1790931236.0,1790931236,14.1157,51.4581,9624.06,False,239.36,358.03,8.13,,10020.3,7364,False,0
1707,a8deb4,DAL502,United States,1790931237.0,1790931237,-93.9934,42.6295,11666.22,False,267.14,75.62,-7.8,,12062.46,4641,False,0
1708,4ab566,SAS21M,Sweden,1790931234.0,1790931236,12.6488,55.6195,,True,11.83,33.75,,,,7277,False,0
1709,4ab569,SAS66T,Sweden,1790931236.0,1790931236,14.0444,56.4051,4297.68,False,135.79,211.52,-5.2,,4533.9,1207,False,0
1710,e0b2c4,ARG1958,Argentina,1790931236.0,1790931236,-41.6438,-20.0112,11277.6,False,242.99,29.28,0.0,,11948.16,,False,0
1711,3c48f0,LHX5PN,Germany,1790931203.0,1790931203,11.8248,48.3672,312.42,False,64.71,263.61,-3.58,,525.78,1000,False,0
1712,3c48f1,EWG25A,Germany,1790931237.0,1790931237,9.4635,50.1795,11582.4,False,230.62,4.35,0.0,,11955.78,2741,False,0
1713,4a524f,TOY403,Romania,1790931236.0,1790931236,13.7715,50.104,4213.86,False,147.43,276.01,12.68,,4533.9,,False,0
1714,71dd22,KCGB522,Republic of Korea,1790931178.0,1790931211,129.1829,35.1435,312.42,False,57.4,75.47,-2.93,,403.86,1222,False,0
1715,4d0221,SVW29VM,Luxembourg,1790931236.0,1790931237,4.8576,45.7672,10820.4,False,212.04,237.08,12.68,,11262.36,1000,False,0
1716,3c48ea,EWG9828,Germany,1790931236.0,1790931237,6.8253,51.1161,2910.84,False,150.85,104.42,2.6,,3131.82,1000,False,0
1717,3c48eb,LHX8EU,Germany,1790931237.0,1790931237,11.6999,48.3581,982.98,False,98.8,264.02,6.18,,1196.34,1000,False,0
1718,4b1bcc,HBKNS,Switzerland,1790931236.0,1790931237,9.5765,45.5458,487.68,False,49.24,280.84,-0.98,,685.8,,False,0
1719,a4fbf1,CTA306,United States,1790930944.0,1790930944,-111.7272,33.4556,,True,3.09,236.25,,,,,False,0
1720,4afbdd,132,Sweden,1790931237.0,1790931237,17.9409,59.6559,,True,9.77,255.94,,,,,False,0
1721,4ab56b,SAS073,Sweden,1790931236.0,1790931236,16.3109,60.9044,5181.6,False,122.51,162.4,0.0,,5433.06,1000,False,0
1722,49130d,NJE5EC,Portugal,1790931236.0,1790931236,-0.9715,51.4232,2621.28,False,137.53,195.18,-5.2,,2819.4,6277,False,0
1723,4ab56f,SAS1136,Sweden,1790931237.0,1790931237,18.1591,59.1591,3360.42,False,156.18,3.59,-4.55,,3566.16,1000,False,0
1724,4078ae,EXS17LV,United Kingdom,1790931236.0,1790931236,20.5289,40.8246,11887.2,False,237.97,136.4,0.0,,12146.28,3453,False,0
1725,491312,NJE754L,Portugal,1790931237.0,1790931237,13.8087,57.1608,8542.02,False,141.56,226.62,-0.65,,8862.06,1000,False,0
1726,846444,JAL325,Japan,1790931235.0,1790931235,130.4757,33.5412,198.12,False,66.92,16.07,-3.58,,274.32,4655,False,0
1727,840df8,JAL12,Japan,1790931237.0,1790931237,-135.1942,53.7841,11277.6,False,275.63,117.09,-0.33,,11262.36,,False,0
1728,4078b8,BAW59,United Kingdom,1790931100.0,1790931100,18.598,-33.9659,,True,2.57,163.12,,,,,False,0
1729,484cc3,KLC982,Kingdom of the Netherlands,1790931236.0,1790931236,4.5073,52.5695,769.62,False,136.12,81.96,-8.45,,982.98,2003,False,0
1730,a45233,ASA820,United States,1790931232.0,1790931232,-121.5896,38.6947,,True,3.6,225.0,,,,1464,False,0
1731,4b8587,HMZ2168,Turkey,1790931237.0,1790931237,31.323,33.4251,13716.0,False,247.15,140.74,0.33,,14119.86,5314,False,0
1732,8a090b,SJV965,Indonesia,1790931229.0,1790931230,103.1883,-0.866,10066.02,False,226.33,150.0,0.0,,10782.3,,False,0
1733,84b40d,APJ112,Japan,1790931236.0,1790931237,135.7849,36.4033,10363.2,False,189.89,224.56,0.0,,10881.36,1717,False,0
1734,484cbc,KLM868,Kingdom of the Netherlands,1790931236.0,1790931236,-163.7886,68.5976,10058.4,False,244.33,26.78,0.0,,9532.62,,False,0
1735,507caf,FKH5502,Uzbekistan,1790931236.0,1790931236,37.2491,32.1327,9753.6,False,265.89,37.69,0.33,,10218.42,,False,0
1736,507cae,MFX7624,Uzbekistan,1790931236.0,1790931236,8.6277,50.0541,464.82,False,101.37,72.58,5.85,,670.56,7716,False,0
1737,3463c6,VOE1592,Spain,1790930979.0,1790930979,5.0911,45.7293,,True,9.77,326.25,,,,1000,False,0
1738,484cb4,KLM67E,Kingdom of the Netherlands,1790931228.0,1790931236,16.2713,42.1076,11277.6,False,254.44,137.05,0.0,,11681.46,0154,False,0
1739,38df1c,FJCSF,France,1790931233.0,1790931233,-1.6581,48.6496,601.98,False,56.94,302.83,0.0,,769.62,,False,0
1740,75029e,MAS2616,Malaysia,1790931236.0,1790931236,116.0814,6.0247,487.68,False,76.22,177.29,-3.9,,548.64,,False,0
1741,507cc3,MFX374,Uzbekistan,1790931237.0,1790931237,34.0464,35.6883,10965.18,False,242.75,353.67,-0.33,,11285.22,1761,False,0
1742,4afbd6,ATOS2R,Sweden,1790931236.0,1790931236,17.9138,59.6375,,True,12.35,151.88,,,,,False,0
1743,4ab561,SAS670,Sweden,1790931236.0,1790931236,11.1393,53.6883,5181.6,False,147.94,26.21,-0.65,,5440.68,3754,False,0
1744,4b8573,BKI605,Turkey,1790931237.0,1790931237,3.0333,46.9996,10058.4,False,228.32,164.18,-0.33,,10462.26,1000,False,0
1745,4ab563,SAS4224,Sweden,1790931237.0,1790931237,17.94,59.6562,,True,7.72,247.5,,,,,False,0
1746,4ab565,SAS705,Sweden,1790931237.0,1790931237,20.6147,59.7647,4267.2,False,132.59,251.92,0.0,,4533.9,0257,False,0
1747,750282,MAS2664,Malaysia,1790931237.0,1790931237,116.1097,5.0335,10058.4,False,220.4,80.87,0.0,,10789.92,,False,0
1748,aa8315,AAL785,United States,1790931237.0,1790931237,-3.7421,49.5122,10363.2,False,225.9,281.69,0.0,,10683.24,6660,False,0
1749,76cd08,SIA633,Singapore,1790931237.0,1790931237,136.4474,34.1336,12192.0,False,220.08,224.91,0.33,,12885.42,3602,False,0
1750,a76eb5,N57810,United States,1790931236.0,1790931236,1.6587,60.3966,12184.38,False,249.62,307.3,-0.65,,12283.44,6037,False,0
1751,4078fd,EXS47E,United Kingdom,1790931236.0,1790931236,22.1644,38.2715,11277.6,False,249.55,146.18,0.33,,11490.96,4733,False,0
1752,76cd16,SIA960,Singapore,1790930943.0,1790930943,106.6312,-6.1476,114.3,False,71.55,68.05,-2.93,,137.16,,False,0
1753,76cd15,SIA266,Singapore,1790931236.0,1790931236,151.7314,-26.4783,9692.64,False,246.48,311.11,5.85,,10210.8,1105,False,0
1754,76cd17,SIA917,Singapore,1790931200.0,1790931200,105.7293,1.3182,9075.42,False,204.86,232.76,-2.6,,10363.2,,False,0
1755,7c78ac,QLK1575,Australia,1790931237.0,1790931237,152.8112,-28.7936,6507.48,False,189.16,224.56,6.5,,6896.1,,False,0
1756,7c78aa,QLK1524,Australia,1790931237.0,1790931237,147.5599,-35.9401,8282.94,False,235.21,76.72,-10.4,,8564.88,7174,False,0
1757,76cd0a,SIA245,Singapore,1790931237.0,1790931237,151.9092,-26.0668,8846.82,False,217.61,143.27,-8.78,,9334.5,,False,0
1758,76cd0c,SIA122,Singapore,1790931236.0,1790931236,104.0082,1.1643,1859.28,False,141.76,106.66,-0.65,,1965.96,2276,False,0
1759,76cd0b,SIA916,Singapore,1790931237.0,1790931237,121.112,14.7823,2476.5,False,115.37,150.92,-3.9,,2659.38,,False,0
1760,76cd0d,SIA217,Singapore,1790931236.0,1790931236,136.4572,-33.7767,12496.8,False,283.43,124.87,0.0,,12809.22,,False,0
1761,7c78ae,QLK1284,Australia,1790931225.0,1790931225,142.3848,-33.5553,11277.6,False,271.02,68.16,0.0,,11559.54,,False,0
1762,7c78ad,QLK1506,Australia,1790931237.0,1790931237,151.2509,-33.8108,1386.84,False,138.25,13.78,-8.13,,1539.24,7175,False,0
1763,76cd0f,SIA191,Singapore,1790931237.0,1790931237,103.9848,1.346,,True,5.92,112.5,,,,,False,0
1764,4d0263,FYL31MA,Luxembourg,1790931237.0,1790931237,11.4272,47.6322,10363.2,False,244.56,76.37,0.33,,10789.92,1000,False,0
1765,4d0262,SVW55ND,Luxembourg,1790931237.0,1790931237,3.1003,45.4024,12473.94,False,207.99,173.89,0.0,,12915.9,1000,False,0
1766,8832cf,TLM393,Thailand,1790931232.0,1790931232,138.447,38.1264,10363.2,False,190.74,205.74,0.33,,10751.82,,False,0
1767,750261,MAS70,Malaysia,1790931236.0,1790931236,140.4779,35.667,822.96,False,89.02,329.43,-4.88,,922.02,3615,False,0
1768,7c78a9,QLK1296,Australia,1790931237.0,1790931237,146.473,-39.5111,10972.8,False,211.14,42.83,0.33,,11148.06,,False,0
1769,7c78a8,QLK1555,Australia,1790931236.0,1790931236,152.2276,-26.4812,6507.48,False,183.55,137.73,-8.45,,6911.34,,False,0
1770,4078ef,EZY85TF,United Kingdom,1790931237.0,1790931237,2.702,40.7734,8656.32,False,210.41,179.86,-5.53,,9121.14,2053,False,0
1771,44ccc2,BEL1CP,Belgium,1790931175.0,1790931180,4.5053,50.9107,,True,0.0,354.38,,,,,False,0
1772,a4c872,UPS1216,United States,1790931236.0,1790931236,-80.2488,39.9035,11887.2,False,259.94,105.03,0.0,,12534.9,6271,False,0
1773,44ccc7,BEL5RH,Belgium,1790931235.0,1790931235,4.5019,50.9029,,True,5.66,61.88,,,,,False,0
1774,44ccc6,BEL1NA,Belgium,1790931236.0,1790931236,5.0116,50.5989,3162.3,False,183.71,135.57,12.03,,3390.9,0111,False,0
1775,8965f9,,United Arab Emirates,1790931225.0,1790931225,38.4116,32.4485,8534.4,False,238.22,329.5,0.33,,8968.74,,False,0
1776,7c78b3,QLK1255,Australia,1790931237.0,1790931237,144.8512,-37.6649,,True,6.69,81.56,,,,1055,False,0
1777,7c78b2,QLK1285,Australia,1790931217.0,1790931217,153.1234,-27.3843,,True,0.0,272.81,,,,,False,0
1778,7c78b1,QLK1581,Australia,1790931236.0,1790931236,151.137,-33.7497,1120.14,False,117.54,168.64,-2.6,,1264.92,1156,False,0
1779,4ab594,SEMLT,Sweden,1790931236.0,1790931236,17.2033,59.1062,777.24,False,50.22,307.93,1.95,,937.26,0454,False,0
1780,4d0230,SVW97YX,Luxembourg,1790931236.0,1790931237,1.8279,43.5047,1958.34,False,138.62,260.82,-10.08,,2194.56,6625,False,0
1781,750259,MAS129,Malaysia,1790931236.0,1790931236,143.7845,-36.8077,5699.76,False,181.42,104.12,-6.18,,5836.92,2130,False,0
1782,4d0249,FYL71AN,Luxembourg,1790931237.0,1790931237,2.7944,48.7681,12420.6,False,176.93,193.79,2.6,,12778.74,1000,False,0
1783,4078de,BAW5WB,United Kingdom,1790931234.0,1790931234,-0.4769,51.4722,,True,0.0,87.19,,,,4232,False,0
1784,84640c,JTA8,Japan,1790931236.0,1790931236,127.6958,27.1225,6736.08,False,218.71,9.75,9.1,,7200.9,,False,0
1785,44ccd1,BEL2FU,Belgium,1790931237.0,1790931237,4.4981,50.9016,,True,5.66,61.88,,,,,False,0
1786,75025e,MAS367,Malaysia,1790931236.0,1790931236,120.274,21.4561,10386.06,False,257.1,219.07,2.6,,11125.2,,False,0
1787,8965fb,ADY1611,United Arab Emirates,1790931236.0,1790931236,84.2145,27.6416,6850.38,False,221.35,258.74,5.2,,7246.62,,False,0
1788,76cd41,SIA27,Singapore,1790931207.0,1790931207,106.3445,1.7896,11643.36,False,258.46,232.77,-4.88,,12420.6,,False,0
1789,4d0240,FYL82AC,Luxembourg,1790931204.0,1790931204,4.4547,51.1873,,True,0.0,219.38,,,,,False,0
1790,7c530f,QLK454D,Australia,1790931224.0,1790931233,151.1751,-33.9352,,True,0.0,345.94,,,,,False,0
1791,7c531f,QFA51,Australia,1790931158.0,1790931158,104.9713,1.1737,3337.56,False,133.76,89.78,0.0,,3604.26,1030,False,0
1792,0ac1b4,IP02,Colombia,1790931237.0,1790931237,-74.1639,4.7116,,True,0.0,216.56,,,,,False,0
1793,0ac1b6,IP04,Colombia,1790931229.0,1790931236,-74.1441,4.7021,,True,0.0,216.56,,,,,False,0
1794,0ac1b5,IP03,Colombia,1790931233.0,1790931237,-74.1333,4.6941,,True,0.0,255.94,,,,,False,0
1795,781ee4,CES9148,China,1790931236.0,1790931236,112.9955,23.063,8412.48,False,234.49,129.84,0.0,,8961.12,,False,0
1796,600804,AHY8104,Azerbaijan,1790931237.0,1790931237,39.6679,40.996,11277.6,False,255.68,90.23,0.0,,11529.06,5116,False,0
1797,84b495,APJ929,Japan,1790931237.0,1790931237,121.8094,25.3174,5509.26,False,174.57,284.86,-7.48,,5882.64,,False,0
1798,4911f7,TES251,Portugal,1790931237.0,1790931237,0.4755,41.6781,9441.18,False,209.66,290.39,0.0,,9890.76,1000,False,0
1799,461fa8,FIN84G,Finland,1790931236.0,1790931237,24.3634,40.3798,10347.96,False,216.16,336.73,-0.33,,10530.84,6461,False,0
1800,406687,GCHHI,United Kingdom,1790931236.0,1790931236,-0.9937,52.6051,335.28,False,52.81,35.08,-0.65,,495.3,4572,False,0
1801,461fa9,FIN6DN,Finland,1790931237.0,1790931237,23.4167,43.0832,10965.18,False,211.52,350.9,-0.33,,11231.88,6031,False,0
1802,461fa3,FIN7AV,Finland,1790931235.0,1790931237,23.7726,40.9537,9753.6,False,205.78,0.14,0.33,,9974.58,6476,False,0
1803,461fa4,FIN2AT,Finland,1790931237.0,1790931237,23.3281,60.3682,4815.84,False,185.67,75.23,-9.43,,5113.02,6242,False,0
1804,461fa5,FIN2WC,Finland,1790931224.0,1790931234,8.5584,47.4556,274.32,True,0.0,185.62,,,,3014,False,0
1805,896743,ABY793,United Arab Emirates,1790931237.0,1790931237,28.9689,41.2144,11574.78,False,225.72,303.47,0.0,,11772.9,2332,False,0
1806,896749,ABY321,United Arab Emirates,1790931094.0,1790931201,37.2569,35.411,11582.4,False,234.0,340.21,-0.33,,11955.78,,False,0
1807,e8033f,SKU320,Chile,1790931236.0,1790931236,-71.0003,-33.1869,5981.7,False,172.67,352.81,10.4,,6172.2,,False,0
1808,896746,ABY714,United Arab Emirates,1790931236.0,1790931236,91.4172,16.5874,11887.2,False,231.37,134.46,0.0,,12603.48,1705,False,0
1809,40666b,EZY38CH,United Kingdom,1790931234.0,1790931234,21.1162,42.5894,11277.6,False,229.57,134.0,0.33,,11567.16,4753,False,0
1810,40799c,CFE14K,United Kingdom,1790931237.0,1790931237,0.7983,51.69,2308.86,False,139.31,216.74,-7.15,,2529.84,1454,False,0
1811,c81e22,ANZ112,New Zealand,1790931237.0,1790931237,151.9065,-34.3046,5814.06,False,234.4,106.45,14.31,,6088.38,1414,False,0
1812,7c5307,QLK456D,Australia,1790931237.0,1790931237,150.1599,-34.1763,4572.0,False,149.71,89.61,0.33,,4815.84,4052,False,0
1813,7c662c,UGU,Australia,1790931237.0,1790931237,115.8829,-32.0934,,True,0.0,160.31,,,,,False,0
1814,40666a,EZY93QB,United Kingdom,1790931236.0,1790931236,-0.9735,38.3943,1981.2,False,116.65,162.28,-4.55,,2232.66,0503,False,0
1815,780bd7,CSN6622,China,1790931078.0,1790931078,113.5701,22.771,1211.58,False,102.75,23.61,-0.33,,1264.92,,False,0
1816,406673,EZY81KE,United Kingdom,1790931236.0,1790931236,-2.8893,54.1258,10584.18,False,225.2,151.03,4.55,,10759.44,6370,False,0
1817,c81e2c,ANZ461,New Zealand,1790931237.0,1790931237,174.5259,-37.9218,8039.1,False,213.39,191.12,7.8,,8351.52,5214,False,0
1818,43bff5,WORKS 25,United Kingdom,1790931065.0,1790931065,-0.1852,51.155,,True,5.92,137.81,,,,,False,0
1819,a104c3,FDX1417,United States,1790931236.0,1790931236,-94.7671,35.3131,10980.42,False,223.9,271.84,0.0,,11635.74,1506,False,0
1820,40798e,GCLNB,United Kingdom,1790931236.0,1790931236,0.2007,52.2071,289.56,False,52.7,51.34,-6.18,,472.44,,False,0
1821,461faa,FIN33V,Finland,1790931034.0,1790931034,-22.6152,63.9946,,True,1.29,90.0,,,,,False,0
1822,4d0283,JFA95R,Luxembourg,1790931237.0,1790931237,4.6306,43.5314,8808.72,False,226.3,101.54,-11.05,,9281.16,1000,False,0
1823,a8def1,DAL857,United States,1790931236.0,1790931236,-106.0861,34.6853,11277.6,False,241.64,101.05,0.0,,11849.1,,False,0
1824,8a0987,TNU382,Indonesia,1790931237.0,1790931237,106.3768,-6.2267,1409.7,False,101.82,121.36,-4.23,,1516.38,,False,0
1825,7c6696,UJS,Australia,1790931237.0,1790931237,152.7155,-26.7154,2034.54,False,49.7,143.84,0.33,,2225.04,,False,0
1826,780bf2,CCA104,China,1790930956.0,1790930956,116.8361,38.8071,2682.24,False,146.58,32.24,-5.2,,3101.34,,False,0
1827,aae627,CFS8284,United States,1790931237.0,1790931237,-99.1935,33.2738,5486.4,False,134.91,280.32,-0.33,,5730.24,,False,0
1828,89671d,ABY970,United Arab Emirates,1790931237.0,1790931237,28.2069,42.7691,11582.4,False,234.25,310.55,0.33,,11795.76,2373,False,0
1829,89671c,ABY242,United Arab Emirates,1790931236.0,1790931236,21.1136,45.1502,10965.18,False,234.26,297.75,-0.33,,11308.08,3247,False,0
1830,780bf6,CCA931,China,1790931236.0,1790931236,86.3768,57.2338,10363.2,False,237.65,302.18,0.0,,10431.78,,False,0
1831,8a0974,SJV900,Indonesia,1790930956.0,1790931150,105.7967,-5.5128,6423.66,False,230.88,304.47,9.1,,6979.92,,False,0
1832,896741,ABY668,United Arab Emirates,1790931237.0,1790931237,23.2048,39.5986,11574.78,False,226.88,297.55,0.0,,11780.52,7362,False,0
1833,896740,ABY816,United Arab Emirates,1790931230.0,1790931233,85.7698,18.9543,11277.6,False,219.63,108.86,0.0,,11986.26,,False,0
1834,896707,UAE35,United Arab Emirates,1790931237.0,1790931237,15.5617,47.9349,12192.0,False,240.44,304.54,0.0,,12580.62,3244,False,0
1835,346499,IBE05SE,Spain,1790931237.0,1790931237,1.1597,46.155,10683.24,False,221.54,195.49,0.33,,11102.34,1000,False,0
1836,a2bd48,FDX1410,United States,1790931237.0,1790931237,-87.1086,32.7003,11277.6,False,243.68,130.72,0.0,,11978.64,6223,False,0
1837,a1f1a0,UAL984,United States,1790931237.0,1790931237,-4.1843,58.3955,10370.82,False,265.33,341.46,0.0,,10393.68,7565,False,0
1838,7c5343,MB56G,Australia,1790931237.0,1790931237,116.6239,-30.9722,4876.8,False,118.45,199.54,0.0,,5052.06,4010,False,0
1839,8a0967,LNI033,Indonesia,1790931235.0,1790931235,107.4493,-5.9679,6118.86,False,216.62,271.09,-10.08,,6804.66,,False,0
1840,ac1301,SWA458,United States,1790931237.0,1790931237,-112.2771,39.9162,5814.06,False,205.09,6.63,-10.73,,6172.2,2665,False,0
1841,8a094d,SJV128,Indonesia,1790931236.0,1790931237,110.956,-7.4756,784.86,False,100.61,294.47,-3.9,,845.82,,False,0
1842,896717,ABY824,United Arab Emirates,1790931236.0,1790931237,76.2438,19.3848,10363.2,False,250.71,281.24,0.0,,11026.14,0736,False,0
1843,3cce71,FCK2FT,Germany,1790931236.0,1790931236,10.6407,52.3953,403.86,False,75.42,323.6,0.0,,609.6,7000,False,0
1844,abafe4,AAL54,United States,1790931237.0,1790931237,-0.0247,51.3863,1546.86,False,120.96,84.39,-4.23,,1760.22,7645,False,0
1845,405385,SFU51,United Kingdom,1790931235.0,1790931236,-1.2106,50.6446,160.02,False,33.66,308.8,0.98,,365.76,,False,0
1846,70aa79,HIM678,Nepal,1790931236.0,1790931236,90.0563,24.0512,1584.96,False,148.11,101.62,-7.8,,1645.92,2502,False,0
1847,70aa75,RNA434,Nepal,1790931237.0,1790931237,90.4219,24.0674,12192.0,False,245.08,283.1,0.0,,12976.86,6342,False,0
1848,abafcd,N852LN,United States,1790931236.0,1790931237,-96.8225,40.9786,685.8,False,64.93,335.67,0.0,,739.14,,False,0
1849,0201a2,RAM946B,Morocco,1790931236.0,1790931236,3.349,41.5216,11582.4,False,244.12,77.34,0.0,,12077.7,1000,False,0
1850,40660c,TOM61C,United Kingdom,1790931237.0,1790931237,21.8112,38.6885,11887.2,False,244.84,146.31,0.65,,12092.94,4736,False,0
1851,c07eda,WJA322,Canada,1790931236.0,1790931237,-113.498,53.3925,1158.24,False,71.2,213.8,-3.25,,1150.62,5777,False,0
1852,407944,BAW22E,United Kingdom,1790931237.0,1790931237,-2.1823,51.3876,5974.08,False,179.64,96.41,-4.88,,6225.54,5163,False,0
1853,40792f,BAW639,United Kingdom,1790931237.0,1790931237,-0.189,51.4655,792.48,False,73.05,270.0,-3.58,,998.22,4037,False,0
1854,40792e,,United Kingdom,1790931234.0,1790931236,-18.2381,62.8836,11574.78,False,230.24,292.32,0.0,,11399.52,,False,0
1855,8a08b2,LNI101,Indonesia,1790931223.0,1790931224,100.771,0.6343,11277.6,False,246.44,120.2,0.33,,12047.22,,False,0
1856,345248,VLG29XA,Spain,1790931237.0,1790931237,1.9911,41.2671,281.94,False,71.14,65.66,-3.58,,472.44,1000,False,0
1857,345249,VLG2QR,Spain,1790931236.0,1790931236,-8.4651,38.9818,10980.42,False,237.74,39.03,0.0,,11468.1,6245,False,0
1858,89669c,EFC35P,United Arab Emirates,1790931236.0,1790931236,55.2311,24.8256,457.2,False,67.06,119.91,-1.95,,480.06,,False,0
1859,ac24e4,SWA4643,United States,1790931230.0,1790931230,-115.6484,42.4447,11582.4,False,236.91,340.46,0.0,,12108.18,,False,0
1860,406600,,United Kingdom,1790931138.0,1790931138,-1.5167,52.6491,5486.4,False,181.07,332.78,0.0,,5722.62,,False,0
1861,0201c5,RAM936R,Morocco,1790931237.0,1790931237,-2.9397,40.1209,10972.8,False,247.25,36.37,0.0,,11437.62,6436,False,0
1862,0201c2,RAM718D,Morocco,1790931236.0,1790931237,0.3026,42.9924,11582.4,False,259.75,51.11,0.0,,12047.22,1000,False,0
1863,0201b5,RAM650E,Morocco,1790931237.0,1790931237,1.5913,48.2487,3383.28,False,153.54,51.94,-6.83,,3627.12,1000,False,0
1864,c07eef,WJA1606,Canada,1790931236.0,1790931236,-94.4767,39.7562,11277.6,False,240.33,120.63,-0.33,,11765.28,,False,0
1865,407913,EXS44TJ,United Kingdom,1790931236.0,1790931237,12.4165,41.4195,11887.2,False,239.22,166.95,0.0,,12344.4,2263,False,0
1866,e49fc2,TAM3619,Brazil,1790931236.0,1790931236,-48.8079,-21.6479,10370.82,False,248.78,144.77,0.33,,10949.94,,False,0
1867,a4ea77,AAL2654,United States,1790931237.0,1790931237,-80.9237,25.87,2697.48,False,141.32,112.92,-4.88,,2842.26,2630,False,0
1868,346555,IBE0138,Spain,1790931237.0,1790931237,-3.8746,39.9379,3108.96,False,143.95,53.87,-6.18,,3352.8,4255,False,0
1869,152000,AFL1479,Russian Federation,1790931231.0,1790931231,37.4202,55.9789,,True,3.34,320.62,,,,,False,0
1870,781fb3,CSZ888,China,1790931131.0,1790931131,112.7162,22.4979,3634.74,False,161.15,174.87,-6.18,,3863.34,,False,0
1871,406669,EZY26AP,United Kingdom,1790931237.0,1790931237,17.9967,44.6907,10675.62,False,239.66,130.73,-0.33,,11064.24,4753,False,0
1872,407997,EDGE03,United Kingdom,1790931236.0,1790931236,-1.4523,52.1982,640.08,False,81.8,89.64,-0.33,,838.2,0403,False,0
1873,89667c,UAE81,United Arab Emirates,1790931234.0,1790931234,31.936,40.5874,13106.4,False,247.08,307.9,0.0,,13327.38,,False,0
1874,7501fc,AXM6229,Malaysia,1790931173.0,1790931173,101.6257,2.8156,548.64,False,76.34,145.99,-3.9,,731.52,,False,0
1875,406668,EZY896F,United Kingdom,1790931237.0,1790931237,-1.1905,52.8979,8686.8,False,218.93,330.12,7.48,,8953.5,7726,False,0
1876,896689,FDB1165,United Arab Emirates,1790931236.0,1790931237,56.885,25.0723,7894.32,False,206.85,112.67,4.23,,8382.0,6035,False,0
1877,896688,FDB4GA,United Arab Emirates,1790931236.0,1790931237,27.7564,43.1277,11582.4,False,235.56,312.61,0.0,,11795.76,2363,False,0
1878,45da05,BIO05,Denmark,1790931236.0,1790931236,-0.9416,51.7123,563.88,False,68.98,108.71,0.0,,762.0,3625,False,0
1879,345218,AEA1153,Spain,1790931237.0,1790931237,-5.1742,40.126,9448.8,False,223.75,238.54,0.0,,9890.76,3762,False,0
1880,44cd62,OOSKB,Belgium,1790931237.0,1790931237,4.3739,51.2065,251.46,False,48.66,103.45,-3.58,,457.2,5115,False,0
1881,89667f,UAE386,United Arab Emirates,1790931235.0,1790931237,84.5072,22.9473,11887.2,False,251.66,93.99,0.0,,12618.72,6232,False,0
1882,738603,BDK12,Israel,1790931237.0,1790931237,30.519,33.8126,13578.84,False,248.4,118.58,3.9,,13914.12,2203,False,0
1883,781fc4,CAO1049,China,1790931235.0,1790931235,132.5614,35.1952,8839.2,False,296.66,52.26,0.0,,9296.4,4423,False,0
1884,781fc3,CAO1007,China,1790931185.0,1790931186,-4.6291,55.5213,38.1,False,72.53,121.66,-2.93,,160.02,1467,False,0
1885,4d00c3,LGL84BR,Luxembourg,1790931236.0,1790931236,17.4248,45.7397,11582.4,False,221.3,289.7,0.0,,11978.64,4461,False,0
1886,345207,VLG1WC,Spain,1790931237.0,1790931237,2.9034,45.9942,10668.0,False,225.32,172.26,0.0,,11094.72,1000,False,0
1887,44cd74,OOSKT,Belgium,1790931228.0,1790931231,2.702,50.6256,190.5,False,52.68,31.83,-0.65,,403.86,,False,0
1888,345204,VLG5EK,Spain,1790931237.0,1790931237,10.8994,43.8515,3063.24,False,126.38,137.8,-5.2,,3329.94,1000,False,0
1889,a0f91d,AA0013,United States,1790931234.0,1790931234,-115.1287,36.0803,,True,0.0,0.0,,,,,False,0
1890,a3ca43,UPS1322,United States,1790931236.0,1790931237,-85.7129,38.1347,891.54,False,95.44,168.81,3.58,,906.78,,False,0
1891,400fe3,EZY31TL,United Kingdom,1790931236.0,1790931237,13.9295,41.327,5547.36,False,191.48,312.82,13.0,,5867.4,,False,0
1892,a10611,UPS952,United States,1790931237.0,1790931237,-93.2031,41.6449,10363.2,False,217.98,256.49,0.0,,10782.3,,False,0
1893,896679,UAE167,United Arab Emirates,1790931236.0,1790931236,26.4069,44.7171,12192.0,False,249.55,321.19,0.33,,12405.36,5301,False,0
1894,780cb7,CCA817,China,1790930957.0,1790930957,117.1514,40.0326,3459.48,False,187.9,144.13,5.2,,3550.92,,False,0
1895,781fda,CBJ684,China,1790931236.0,1790931236,89.4391,21.827,12496.8,False,229.47,89.1,0.0,,13281.66,0611,False,0
1896,39a408,FNY55A2,France,1790931237.0,1790931237,5.0444,44.3623,9944.1,False,217.22,133.75,-13.0,,10401.3,1755,False,0
1897,e0b390,ARG1878,Argentina,1790931235.0,1790931235,-59.9424,-38.9759,10972.8,False,216.27,197.01,0.0,,11064.24,1706,False,0
1898,a0e600,UPS1058,United States,1790931236.0,1790931236,-79.5241,40.5401,10050.78,False,276.54,63.24,0.0,,10614.66,6602,False,0
1899,346515,ARK31AI,Spain,1790931233.0,1790931233,2.1158,41.5624,518.16,False,53.23,311.08,,,609.6,,False,0
1900,76cd45,SIA208,Singapore,1790931237.0,1790931237,143.9453,-37.2475,7139.94,False,216.21,298.88,8.45,,7269.48,1433,False,0
1901,8832aa,TLM646,Thailand,1790931237.0,1790931237,100.4279,13.6764,2971.8,False,156.63,170.17,14.63,,3139.44,,False,0
1902,c06c9c,CJT7715,Canada,1790931226.0,1790931227,-74.1355,4.6884,,True,0.32,303.75,,,,,False,0
1903,780d2f,CHH460,China,1790931237.0,1790931237,103.9848,1.57,5326.38,False,160.49,353.56,11.05,,5661.66,0107,False,0
1904,8832b1,TLM361,Thailand,1790931048.0,1790931187,101.583,14.8802,7086.6,False,199.06,226.57,-10.08,,7452.36,,False,0
1905,7c77f9,QFA650,Australia,1790931235.0,1790931235,135.7172,-31.6266,10660.38,False,299.02,95.03,0.0,,11003.28,,False,0
1906,7c77f7,QFA937,Australia,1790931237.0,1790931237,116.3242,-31.832,1737.36,False,135.52,301.34,-4.88,,1828.8,1112,False,0
1907,7c77f5,QFA545,Australia,1790931236.0,1790931236,151.1865,-32.6631,6286.5,False,162.09,358.73,-2.28,,6621.78,1150,False,0
1908,748051,MEA211,Lebanon,1790931237.0,1790931237,5.5175,47.5092,10668.0,False,228.59,303.15,0.0,,11094.72,1000,False,0
1909,780d3f,CSN363,China,1790931102.0,1790931102,112.4352,22.2919,7048.5,False,230.03,218.28,6.83,,7132.32,,False,0
1910,152066,SVR391,Russian Federation,1790930223.0,1790931235,20.4777,56.44,1905.0,False,205.99,177.42,-13.98,,9951.72,4360,False,0
1911,447d21,BLACK71,Austria,1790931177.0,1790931177,14.7851,47.7859,1074.42,False,66.81,240.47,0.33,,,,False,0
1912,a99d89,AAL51,United States,1790931236.0,1790931236,-3.0828,54.7412,9753.6,False,247.03,327.5,0.0,,9906.0,1416,False,0
1913,447d59,LION92,Austria,1790931236.0,1790931237,15.816,48.3348,762.0,False,56.92,173.77,0.0,,975.36,5062,False,0
1914,8832d5,TLM513,Thailand,1790931229.0,1790931229,100.5211,14.6918,3657.6,False,153.98,163.5,-2.93,,3855.72,,False,0
1915,4d00d7,LGL852W,Luxembourg,1790931236.0,1790931236,10.0293,49.5713,7315.2,False,170.94,286.25,0.33,,7711.44,1000,False,0
1916,4d00d9,LGL871B,Luxembourg,1790931237.0,1790931237,3.8992,49.3002,7010.4,False,160.55,237.43,-0.33,,7376.16,1000,False,0
1917,8832d0,TLM757,Thailand,1790931022.0,1790931022,100.6368,13.9697,304.8,False,78.3,209.09,-4.55,,342.9,,False,0
1918,447d53,SIMBA91,Austria,1790931236.0,1790931236,15.5171,47.0781,1950.72,False,42.42,39.09,5.2,,2202.18,1666,False,0
1919,8965b5,FDB5KG,United Arab Emirates,1790931072.0,1790931072,36.3002,37.1364,10972.8,False,232.6,321.74,0.33,,11292.84,,False,0
1920,76cd72,SIA232,Singapore,1790931230.0,1790931230,104.8477,1.0909,3962.4,False,137.87,89.79,0.0,,4213.86,,False,0
1921,76cd74,SIA228,Singapore,1790931237.0,1790931237,135.9967,-29.9761,11277.6,False,211.13,322.82,0.0,,11704.32,1312,False,0
1922,4d00ca,LGL54NG,Luxembourg,1790931035.0,1790931035,11.1027,60.1994,,True,6.17,106.88,,,,,False,0
1923,76cd75,SIA319,Singapore,1790930938.0,1790930938,103.9845,1.3544,,True,0.64,64.69,,,,,False,0
1924,8965b6,FDB9YD,United Arab Emirates,1790931234.0,1790931234,36.9054,36.2014,10972.8,False,236.64,339.91,0.0,,11315.7,,False,0
1925,780d5f,UEA1870,China,1790931237.0,1790931237,113.8193,22.9946,10698.48,False,232.07,70.04,0.33,,11437.62,,False,0
1926,4d00de,LGL3832,Luxembourg,1790931237.0,1790931237,-0.3631,45.564,11582.4,False,244.12,25.86,0.0,,11986.26,1000,False,0
1927,4d00dd,LGL51P,Luxembourg,1790931237.0,1790931237,-1.5744,42.8192,11826.24,False,208.32,227.8,3.58,,12245.34,3504,False,0
1928,8965c1,FDB4MA,United Arab Emirates,1790931234.0,1790931234,38.3949,33.0925,11582.4,False,230.99,332.98,-0.33,,12085.32,,False,0
1929,4d00f1,LGL6552,Luxembourg,1790931236.0,1790931236,9.1724,44.24,11582.4,False,214.61,320.74,-0.33,,12024.36,1000,False,0
1930,75033d,AXM5194,Malaysia,1790931236.0,1790931237,104.2564,3.8469,10233.66,False,224.47,66.78,2.6,,10949.94,,False,0
1931,4d00f5,LGL893,Luxembourg,1790931237.0,1790931237,9.2095,46.9061,11277.6,False,234.28,126.52,0.0,,11711.94,3501,False,0
1932,4d00f4,LGL3770,Luxembourg,1790931237.0,1790931237,-5.5815,44.7876,10972.8,False,234.78,47.04,0.0,,11384.28,1000,False,0
1933,4d00f3,LGL971,Luxembourg,1790931237.0,1790931237,-5.0299,35.9825,11277.6,False,217.11,216.33,0.0,,11803.38,3507,False,0
1934,4d00f2,LGL6MR,Luxembourg,1790931236.0,1790931236,6.4293,48.3788,8275.32,False,219.0,354.88,-13.66,,8679.18,1000,False,0
1935,4d00e8,LGL962,Luxembourg,1790931236.0,1790931236,7.4315,43.5514,11582.4,False,221.0,345.03,0.0,,12062.46,1000,False,0
1936,8965c3,FDB3UM,United Arab Emirates,1790931236.0,1790931236,23.5532,35.4657,11582.4,False,221.09,317.92,0.33,,11811.0,,False,0
1937,4d00dc,LGL766,Luxembourg,1790931237.0,1790931237,1.2206,42.893,11590.02,False,243.36,8.39,-0.33,,12047.22,1000,False,0
1938,4d00db,LGL896,Luxembourg,1790931237.0,1790931237,16.3653,44.9908,10363.2,False,209.55,314.2,-0.33,,10774.68,7217,False,0
1939,89409d,GFA041,Bahrain,1790931224.0,1790931224,38.0291,33.6947,11574.78,False,222.26,332.72,0.0,,12039.6,,False,0
1940,15200f,AFL1866,Russian Federation,1790930644.0,1790931217,37.4277,55.9776,,True,2.06,90.0,,,,,False,0
1941,780d81,CCA2905,China,1790930923.0,1790930923,116.1855,38.6526,4511.04,False,172.43,271.88,0.0,,4671.06,,False,0
1942,15200c,AFL1270,Russian Federation,1790931193.0,1790931193,37.4202,55.9793,,True,0.0,163.12,,,,,False,0
1943,15201c,AFL2166,Russian Federation,1790931236.0,1790931236,31.2277,37.394,4983.48,False,179.38,191.25,-7.48,,5166.36,2432,False,0
1944,748016,,Lebanon,1790931236.0,1790931237,35.3057,33.6805,2705.1,False,123.57,235.52,16.26,,2880.36,,False,0
1945,0201d4,RAM760R,Morocco,1790931236.0,1790931236,-2.566,42.5974,10972.8,False,246.64,36.18,-0.33,,11422.38,6426,False,0
1946,0201d1,RAM777Z,Morocco,1790931005.0,1790931014,-6.8596,33.7232,6126.48,False,220.66,211.17,-13.0,,6537.96,7616,False,0
1947,a0d36d,UP1214,United States,1790931236.0,1790931236,-84.8654,38.0525,6568.44,False,232.53,83.39,8.78,,6903.72,,False,0
1948,152020,AFL630,Russian Federation,1790931234.0,1790931236,28.7314,41.0803,1074.42,False,90.04,359.02,-5.2,,1226.82,,False,0
1949,7c77fa,QFA769,Australia,1790931237.0,1790931237,118.6905,-32.7072,10363.2,False,241.04,291.14,0.0,,10576.56,,False,0
1950,4b1bc6,HBKNM,Switzerland,1790931237.0,1790931237,8.9543,46.017,922.02,False,53.15,332.94,1.95,,1127.76,2000,False,0
1951,15202e,AFL1180,Russian Federation,1790931236.0,1790931236,37.4165,55.976,,True,2.57,115.31,,,,,False,0
1952,15202c,AFL1268,Russian Federation,1790930607.0,1790931233,37.4022,55.9721,99.06,False,83.11,254.93,13.66,,228.6,,False,0
1953,a45316,AAL2996,United States,1790931237.0,1790931237,-80.8458,36.0697,10668.0,False,246.7,56.31,0.0,,11330.94,3272,False,0
1954,7c77fd,QFA146,Australia,1790931237.0,1790931237,151.1908,-33.9686,,True,10.29,348.75,,,,0235,False,0
1955,15202b,AFL801,Russian Federation,1790930534.0,1790931236,42.4401,41.8834,10668.0,False,271.3,66.06,0.0,,10911.84,0766,False,0
1956,152038,AFL627,Russian Federation,1790931236.0,1790931237,76.1785,28.674,10972.8,False,227.03,313.9,0.0,,11612.88,,False,0
1957,152037,AFL634,Russian Federation,1790931237.0,1790931237,100.653,13.8021,12192.0,False,237.51,198.43,0.0,,12969.24,,False,0
1958,8a08e9,SJV855,Indonesia,1790931237.0,1790931237,106.4912,-5.9711,2674.62,False,148.36,247.79,-3.9,,2857.5,,False,0
1959,152032,AFL1188,Russian Federation,1790929921.0,1790931229,37.3964,55.9713,10203.18,False,78.11,255.51,11.7,,228.6,2761,False,0
1960,89408f,GFA004,Bahrain,1790931236.0,1790931236,-2.286,53.3649,,True,2.83,135.0,,,,,False,0
1961,3450d8,AEA1683,Spain,1790931236.0,1790931236,8.8632,40.6699,12192.0,False,251.34,84.13,0.0,,12679.68,1457,False,0
1962,39417b,FWSIX,France,1790931237.0,1790931237,3.9994,43.3276,8275.32,False,225.29,280.93,13.0,,8717.28,2631,False,0
1963,a7ad84,DAL819,United States,1790931237.0,1790931237,-93.2665,32.8483,11277.6,False,252.33,92.57,0.0,,11932.92,2057,False,0
1964,4b8533,PGT771,Turkey,1790931236.0,1790931236,35.3966,38.2749,11582.4,False,223.17,307.32,0.0,,11864.34,,False,0
1965,46bc38,OAL045,Greece,1790931236.0,1790931237,23.7741,37.3257,3649.98,False,144.1,268.36,0.0,,3802.38,7443,False,0
1966,899088,EVA160,Taiwan,1790930945.0,1790930960,122.3421,26.5432,8420.1,False,267.38,38.99,9.1,,9014.46,,False,0
1967,899087,EVA007,Taiwan,1790931236.0,1790931236,121.2402,25.0765,,True,6.69,233.44,,,,,False,0
1968,732543,IRA718,Islamic Republic of Iran,1790931237.0,1790931237,28.9675,41.0088,7033.26,False,208.88,104.55,16.26,,7216.14,5155,False,0
1969,89907c,EVA871,Taiwan,1790931174.0,1790931174,121.22,25.0735,,True,10.8,233.44,,,,,False,0
1970,89907e,EVA765,Taiwan,1790931237.0,1790931237,112.9492,23.5037,9174.48,False,226.29,335.42,0.0,,9791.7,6273,False,0
1971,89907a,EVA716,Taiwan,1790931017.0,1790931025,122.2636,27.4668,11277.6,False,229.84,280.71,0.0,,12054.84,,False,0
1972,899095,,Taiwan,1790931235.0,1790931235,134.7874,34.1559,1744.98,False,112.87,53.34,-3.25,,1866.9,,False,0
1973,899097,EVA025,Taiwan,1790931237.0,1790931237,-123.0555,47.7036,4823.46,False,175.7,302.2,9.43,,4945.38,,False,0
1974,89904e,EVA117,Taiwan,1790931229.0,1790931229,132.2193,32.7168,10363.2,False,218.29,211.7,0.0,,11018.52,6036,False,0
1975,353344,CONDR31,Spain,1790931237.0,1790931237,-0.9345,37.7812,1173.48,False,135.04,340.87,12.35,,1356.36,3432,False,0
1976,040168,ETH3711,Ethiopia,1790931236.0,1790931236,18.4312,39.8722,12496.8,False,258.68,142.51,0.0,,12786.36,3170,False,0
1977,89905e,TTW228,Taiwan,1790931236.0,1790931236,135.59,36.0673,11887.2,False,285.67,57.05,0.0,,12504.42,6255,False,0
1978,00a6ab,LTZ414,South Africa,1790931237.0,1790931237,29.0287,-25.8832,3048.0,False,95.51,250.49,0.0,,3261.36,,False,0
1979,3e2727,DIGAH,Germany,1790931236.0,1790931236,4.6322,47.4127,2743.2,False,77.13,226.08,-0.33,,2979.42,4110,False,0
1980,899077,EVA266,Taiwan,1790931236.0,1790931236,120.3887,24.0355,6118.86,False,183.52,17.62,-6.5,,6553.2,,False,0
1981,899070,EVA165,Taiwan,1790931213.0,1790931213,120.9757,24.9858,967.74,False,137.16,229.26,-8.45,,1363.98,,False,0
1982,89902b,TTW753,Taiwan,1790931235.0,1790931235,134.2586,33.7326,10972.8,False,203.47,236.55,0.0,,11628.12,3663,False,0
1983,4bcd82,SXS6KN,Turkey,1790931236.0,1790931236,22.598,41.5013,10668.0,False,228.01,127.21,0.0,,10934.7,7663,False,0
1984,4bcd81,SXS2VN,Turkey,1790931236.0,1790931236,4.2321,48.7883,10972.8,False,224.08,308.47,0.0,,11376.66,3114,False,0
1985,c07993,TSC422,Canada,1790931237.0,1790931237,3.1282,48.5116,12496.8,False,249.81,101.4,0.0,,12870.18,2216,False,0
1986,a2796f,FDX1492,United States,1790931236.0,1790931236,-89.5494,34.9957,3421.38,False,184.44,84.72,8.78,,3589.02,1657,False,0
1987,3b770d,CTM007,France,1790931236.0,1790931236,10.4894,42.4435,11887.2,False,253.0,147.12,0.0,,12359.64,7627,False,0
1988,c07982,CJT567,Canada,1790931237.0,1790931237,-102.0501,50.3292,10744.2,False,191.29,275.71,5.2,,10774.68,,False,0
1989,4409fc,OEDDD,Austria,1790931237.0,1790931237,16.0421,46.9589,1158.24,False,53.38,349.45,4.23,,1379.22,7000,False,0
1990,4ca4f5,RYR85ZR,Ireland,1790931237.0,1790931237,12.0717,46.9679,10378.44,False,239.32,40.64,4.23,,10797.54,1000,False,0
1991,4ca4f4,RYR9CZ,Ireland,1790931237.0,1790931237,-3.8517,50.2422,11582.4,False,244.37,11.78,0.0,,11841.48,7467,False,0
1992,a874a4,FFT4146,United States,1790931237.0,1790931237,-85.2899,31.5569,10690.86,False,226.33,129.19,0.0,,11346.18,1324,False,0
1993,899055,EVA176,Taiwan,1790931237.0,1790931237,134.1841,34.2581,2415.54,False,145.58,49.44,0.0,,2545.08,,False,0
1994,4ca4f2,RYR2557,Ireland,1790931236.0,1790931237,14.8389,37.5936,3337.56,False,165.94,341.0,4.88,,3566.16,,False,0
1995,899058,TTW212,Taiwan,1790931221.0,1790931221,122.1551,25.5683,5699.76,False,207.71,44.9,8.78,,6057.9,,False,0
1996,4ca4f0,RYR3AF,Ireland,1790931235.0,1790931235,16.6135,42.2852,10972.8,False,209.09,322.4,-0.33,,11353.8,,False,0
1997,899051,MDA791,Taiwan,1790931213.0,1790931214,119.5959,23.4784,502.92,False,52.55,18.26,-3.25,,548.64,,False,0
1998,899053,EVA849,Taiwan,1790931237.0,1790931237,119.6463,22.1881,5204.46,False,213.43,257.47,8.45,,5547.36,,False,0
1999,49d3ac,BOH711,Czech Republic,1790930939.0,1790930939,-9.2009,60.4195,11887.2,False,208.66,148.82,-0.33,,11833.86,,False,0
2000,a91a0e,N686FR,United States,1790931237.0,1790931237,-78.1742,39.0946,3352.8,False,102.22,44.39,0.0,,3459.48,7536,False,0
2001,899050,EVA277,Taiwan,1790931231.0,1790931231,120.6924,20.1985,10363.2,False,253.35,184.43,0.0,,11102.34,,False,0
2002,ab4732,AAL235,United States,1790931236.0,1790931236,8.8666,43.9888,10355.58,False,244.77,320.29,0.0,,10835.64,0436,False,0
2003,89900f,CAL007,Taiwan,1790931237.0,1790931237,-122.8813,35.9666,10668.0,False,242.27,300.92,0.0,,11239.5,6735,False,0
2004,a18cbb,UAL923,United States,1790931236.0,1790931236,-0.2943,51.4653,396.24,False,72.02,270.0,-4.55,,601.98,1413,False,0
2005,70620f,JZR122,Kuwait,1790931236.0,1790931236,50.2676,26.9662,10972.8,False,210.34,301.4,-0.33,,11635.74,6206,False,0
2006,899022,CAL003,Taiwan,1790931237.0,1790931237,-125.1945,37.8099,8740.14,False,220.99,272.94,9.75,,9197.34,3307,False,0
2007,899025,TTW270,Taiwan,1790931235.0,1790931236,130.0204,33.661,2712.72,False,118.61,302.24,-0.65,,2857.5,,False,0
2008,48649a,PHJWK,Kingdom of the Netherlands,1790931237.0,1790931237,4.1658,52.0822,274.32,False,80.1,39.0,0.0,,472.44,,False,0
2009,48649f,PHYLW,Kingdom of the Netherlands,1790931237.0,1790931237,5.345,51.6668,274.32,False,52.1,9.09,0.0,,480.06,7000,False,0
2010,49d3d5,TVS32R,Czech Republic,1790931237.0,1790931237,16.6789,48.2857,9540.24,False,221.32,327.05,-5.2,,9951.72,5530,False,0
2011,49d3d4,TVS4106,Czech Republic,1790931236.0,1790931236,5.3405,46.0451,10668.0,False,221.35,235.13,0.0,,11102.34,3124,False,0
2012,04012a,ETH638,Ethiopia,1790931236.0,1790931236,101.5096,2.6742,3086.1,False,133.32,271.99,-0.33,,3261.36,0155,False,0
2013,c0799e,TSC691,Canada,1790931236.0,1790931236,24.0179,37.9842,967.74,False,81.01,68.0,10.08,,1097.28,,False,0
2014,899036,EVA017,Taiwan,1790931236.0,1790931236,-123.1648,37.7138,4236.72,False,170.18,273.99,10.08,,4442.46,3260,False,0
2015,498489,CEF214,Czech Republic,1790931237.0,1790931237,12.1359,52.7916,6096.0,False,126.97,142.57,0.0,,6400.8,3526,False,0
2016,406f7c,BAW270,United Kingdom,1790931237.0,1790931237,-3.804,53.6437,12489.18,False,250.83,123.62,0.0,,12679.68,7650,False,0
2017,aaab08,FDX1989,United States,1790931237.0,1790931237,-70.98,42.346,106.68,False,66.57,314.69,-3.25,,68.58,1623,False,0
2018,a38682,AAL1542,United States,1790931236.0,1790931237,-92.0765,38.0917,11277.6,False,269.3,76.97,0.0,,11864.34,,False,0
2019,406f86,EXS19G,United Kingdom,1790931158.0,1790931159,-4.6069,36.7326,472.44,False,82.14,117.21,-4.55,,617.22,2047,False,0
2020,406f87,EXS13AK,United Kingdom,1790931235.0,1790931235,15.4797,44.9203,11277.6,False,244.85,146.74,0.0,,11681.46,4751,False,0
2021,86ee7e,ANA829,Japan,1790931236.0,1790931236,92.337,22.3283,12184.38,False,258.93,261.66,-0.33,,12954.0,3103,False,0
2022,3c848f,DBADO,Germany,1790930936.0,1790930936,8.5217,49.4752,,True,6.94,0.0,,,,1336,False,0
2023,486491,KLM58P,Kingdom of the Netherlands,1790931236.0,1790931237,0.4567,53.0884,10668.0,False,225.97,108.31,0.0,,10896.6,7636,False,0
2024,486492,KLM924,Kingdom of the Netherlands,1790931236.0,1790931236,-3.583,55.8208,2430.78,False,135.77,166.86,1.63,,2552.7,,False,0
2025,44819c,,Belgium,1790930972.0,1790930972,4.5057,50.8975,,True,1.54,95.62,,,,,False,0
2026,e4894f,TAM3501,Brazil,1790931083.0,1790931181,-48.7536,-7.6431,11666.22,False,229.03,168.99,0.0,,12367.26,,False,0
2027,486493,KLM1753,Kingdom of the Netherlands,1790931236.0,1790931236,8.866,53.5026,5745.48,False,212.56,59.77,-7.8,,5996.94,0176,False,0
2028,486494,KLM64L,Kingdom of the Netherlands,1790931237.0,1790931237,1.9524,52.9473,8900.16,False,230.25,105.15,-10.08,,9166.86,7625,False,0
2029,406f78,BAW242,United Kingdom,1790931224.0,1790931227,-94.6075,26.511,11277.6,False,240.93,25.42,0.0,,12009.12,,False,0
2030,c07973,ACA794,Canada,1790931236.0,1790931236,-91.2008,43.4402,10668.0,False,267.18,83.48,0.0,,11010.9,,False,0
2031,a32ffe,UPS856,United States,1790931237.0,1790931237,-97.7555,40.0903,12199.62,False,221.44,245.28,0.0,,12687.3,,False,0
2032,aaab1c,N787FZ,United States,1790931236.0,1790931236,34.956,32.1042,617.22,False,97.69,209.67,-7.15,,693.42,7504,False,0
2033,4ca4ee,RYR31VW,Ireland,1790931237.0,1790931237,1.5273,39.0317,3169.92,False,162.15,282.27,12.68,,3429.0,,False,0
2034,7c4d44,PJ516,Australia,1790931236.0,1790931236,116.4916,-31.2919,4457.7,False,112.58,198.93,-4.23,,4594.86,7070,False,0
2035,4ca4ec,RYR50JL,Ireland,1790931237.0,1790931237,-5.4788,37.8942,10972.8,False,229.85,25.88,0.0,,11452.86,6467,False,0
2036,a1dcf2,SWA1672,United States,1790931236.0,1790931236,-82.9177,29.929,8229.6,False,231.03,134.01,0.0,,8740.14,1413,False,0
2037,15069b,KZN9410,Russian Federation,1790931236.0,1790931236,40.4922,41.2326,11887.2,False,268.06,65.99,0.65,,12138.66,0711,False,0
2038,a4095f,UAL82,United States,1790931237.0,1790931237,17.0219,47.7315,11277.6,False,256.99,116.26,0.0,,11704.32,5223,False,0
2039,7c17cd,RSCU500,Australia,1790931236.0,1790931236,152.9164,-27.8324,487.68,False,71.14,220.6,2.28,,655.32,,False,0
2040,7c3a00,QLK227D,Australia,1790931222.0,1790931222,151.1769,-33.9326,,True,0.0,81.56,,,,,False,0
2041,7813df,OKA2938,China,1790931237.0,1790931237,113.5605,22.6682,9227.82,False,230.57,326.1,5.85,,9845.04,3456,False,0
2042,48644a,NCG08,Kingdom of the Netherlands,1790930975.0,1790930988,4.0313,51.9859,-129.54,False,1.15,206.57,-0.98,,83.82,,False,0
2043,7813dd,HXA4134,China,1790930958.0,1790930959,118.3695,39.4963,7025.64,False,188.26,241.96,13.66,,7277.1,,False,0
2044,485123,TRA66K,Kingdom of the Netherlands,1790931235.0,1790931236,-7.0664,33.4981,11887.2,False,220.84,223.96,0.0,,12443.46,3742,False,0
2045,485122,TRA69E,Kingdom of the Netherlands,1790931236.0,1790931237,4.1142,51.039,9883.14,False,216.03,202.84,5.85,,10210.8,2136,False,0
2046,498437,FOTO01,Czech Republic,1790931237.0,1790931237,15.4421,49.9839,693.42,False,66.41,2.22,0.33,,876.3,,False,0
2047,7800d1,CSH9436,China,1790930953.0,1790930956,119.8605,37.7056,9784.08,False,196.45,232.02,0.0,,10134.6,,False,0
2048,4aacaf,SEKEO,Sweden,1790931236.0,1790931236,17.8795,58.5007,167.64,False,52.02,118.34,0.0,,320.04,,False,0
2049,a6492f,DAL1909,United States,1790931237.0,1790931237,-84.4146,42.3324,10058.4,False,262.79,93.25,0.0,,10492.74,6001,False,0
2050,7813fe,CSC3935,China,1790931230.0,1790931230,100.0818,16.5933,10050.78,False,233.97,183.4,0.0,,10728.96,,False,0
2051,3cd43b,HHN169,Germany,1790931237.0,1790931237,7.3703,51.8394,3939.54,False,158.36,219.07,-10.08,,4168.14,1000,False,0
2052,48b412,SPNAT,Poland,1790930481.0,1790931233,18.5762,54.2739,1424.94,False,57.16,177.42,4.55,,1645.92,,False,0
2053,7800e6,,China,1790931059.0,1790931059,118.8016,32.2101,4861.56,False,195.18,337.69,12.68,,5120.64,,False,0
2054,a5bfb0,N47KP,United States,1790931237.0,1790931237,1.25,44.2265,2743.2,False,77.97,110.47,0.0,,2994.66,5101,False,0
2055,4409c0,EJU65KJ,Austria,1790931237.0,1790931237,0.0119,50.7714,5311.14,False,198.65,136.05,14.96,,5585.46,2006,False,0
2056,868b50,ANA427,Japan,1790931234.0,1790931236,131.6518,34.2949,8892.54,False,195.93,259.1,-13.0,,9403.08,,False,0
2057,486426,PH4U9,Kingdom of the Netherlands,1790931237.0,1790931237,5.7948,53.4296,457.2,False,50.67,119.17,0.33,,632.46,7000,False,0
2058,89909c,EVA115,Taiwan,1790931236.0,1790931237,137.4137,37.2404,12184.38,False,200.53,223.23,0.0,,12740.64,,False,0
2059,502dac,AUA962D,Latvia,1790931237.0,1790931237,18.4348,57.7806,10668.0,False,216.69,198.69,0.0,,11010.9,1000,False,0
2060,38e29c,FJDLF,France,1790931217.0,1790931217,-1.2595,44.6804,457.2,False,65.16,5.89,,,,,False,0
2061,47a743,NOZ1JG,Norway,1790931236.0,1790931236,7.1593,43.5057,822.96,False,88.7,356.01,-4.23,,1028.7,0653,False,0
2062,c051e2,ACA867,Canada,1790931237.0,1790931237,-0.7594,51.9261,2918.46,False,150.11,346.73,11.7,,3116.58,4230,False,0
2063,502dae,SWR462F,Latvia,1790931237.0,1790931237,13.8409,50.517,10363.2,False,215.6,244.41,0.0,,10782.3,1000,False,0
2064,502da9,AFR79NB,Latvia,1790931237.0,1790931237,8.7107,50.0019,10668.0,False,230.46,77.89,0.0,,11049.0,1000,False,0
2065,486403,PHHCJ,Kingdom of the Netherlands,1790931237.0,1790931237,5.499,52.4641,167.64,False,45.58,73.61,-0.33,,365.76,,False,0
2066,502db2,SWR9ZA,Latvia,1790931237.0,1790931237,-2.5875,42.3536,10363.2,False,230.48,75.13,0.0,,10805.16,1000,False,0
2067,502db4,SWR1792,Latvia,1790931236.0,1790931237,13.1419,39.0266,10668.0,False,251.05,167.82,0.0,,11117.58,3012,False,0
2068,a17b16,DAL960,United States,1790931237.0,1790931237,-73.5452,40.7959,906.78,False,106.33,305.15,0.98,,914.4,6713,False,0
2069,502db3,BTI9CE,Latvia,1790931237.0,1790931237,24.564,54.3448,3840.48,False,172.46,67.18,-7.8,,4130.04,1000,False,0
2070,845ce4,APJ117,Japan,1790931236.0,1790931236,138.2662,37.4496,11277.6,False,269.15,38.4,0.0,,11818.62,4776,False,0
2071,48c702,SPSVC,Poland,1790930929.0,1790930929,19.041,49.929,251.46,False,58.57,314.64,-3.58,,464.82,7000,False,0
2072,448163,BIRD109,Belgium,1790931228.0,1790931228,4.488,50.9098,,True,1.54,64.69,,,,,False,0
2073,49d528,WEY43H,Czech Republic,1790931236.0,1790931236,-8.6056,38.5817,563.88,False,43.65,351.87,0.0,,693.42,,False,0
2074,502dbc,UAG97Y,Latvia,1790930959.0,1790930959,118.4152,38.4366,12222.48,False,196.27,283.49,-0.33,,12626.34,,False,0
2075,49d51f,OKHHB,Czech Republic,1790931164.0,1790931164,13.3257,50.0255,495.3,False,29.65,51.34,-2.93,,723.9,,False,0
2076,3d06d8,IFJ33U,Germany,1790931231.0,1790931234,-9.4546,38.9831,876.3,False,48.87,180.0,-0.33,,1021.08,1371,False,0
2077,aa6cfa,CKS910,United States,1790931237.0,1790931237,-150.4106,61.102,1356.36,False,114.2,285.41,-4.88,,1318.26,1310,False,0
2078,394a04,AFR091,France,1790931235.0,1790931235,2.5454,48.9918,30.48,False,70.19,85.38,-3.58,,274.32,6305,False,0
2079,394a03,AFR966,France,1790931237.0,1790931237,11.9358,47.0591,10058.4,False,261.33,114.29,0.0,,10500.36,0656,False,0
2080,a50370,DAL71,United States,1790931236.0,1790931237,-10.1861,54.2638,10363.2,False,215.61,276.99,0.0,,10424.16,2117,False,0
2081,49d544,OKADL,Czech Republic,1790931237.0,1790931237,13.949,47.4666,3657.6,False,87.7,189.79,0.0,,3939.54,1434,False,0
2082,394a09,AFR98G,France,1790931236.0,1790931236,0.6449,48.916,8839.2,False,234.79,272.39,0.0,,9220.2,0673,False,0
2083,a4e35f,DAL144,United States,1790931237.0,1790931237,-8.0518,54.71,11887.2,False,253.35,105.31,0.0,,11986.26,6254,False,0
2084,49d53e,NTF678M,Czech Republic,1790931236.0,1790931237,13.3579,47.9536,7924.8,False,142.56,212.77,0.0,,8336.28,1411,False,0
2085,a9e61f,N737M,United States,1790931237.0,1790931237,14.1105,41.0181,3017.52,False,147.32,354.39,15.28,,3268.98,,False,0
2086,4ca570,RYR5533,Ireland,1790931236.0,1790931236,4.5913,50.4999,525.78,False,92.09,245.58,-5.2,,746.76,1000,False,0
2087,4ca565,RYR67RD,Ireland,1790931237.0,1790931237,-3.1345,47.683,11277.6,False,215.74,196.06,0.0,,11628.12,2703,False,0
2088,4ca564,RYR80VE,Ireland,1790931237.0,1790931237,4.3865,42.1266,10972.8,False,239.19,65.47,0.0,,11460.48,1000,False,0
2089,aa6ccb,AAL68,United States,1790931236.0,1790931236,-3.5031,40.4129,861.06,False,82.84,322.06,-3.58,,1036.32,3352,False,0
2090,49d563,TVS3CE,Czech Republic,1790931236.0,1790931236,10.2198,46.3036,10668.0,False,223.87,227.14,0.0,,11117.58,1000,False,0
2091,7814b6,CSN6068,China,1790931237.0,1790931237,91.4045,23.8571,10668.0,False,239.05,102.3,-0.33,,11376.66,2535,False,0
2092,a17b40,FDX1157,United States,1790931237.0,1790931237,-89.6497,40.5444,10355.58,False,299.62,47.3,0.33,,10828.02,1344,False,0
2093,3e017b,CHX31,Germany,1790931237.0,1790931237,13.2725,52.5205,83.82,False,55.12,337.5,-0.33,,274.32,,False,0
2094,49d576,OKAAY,Czech Republic,1790931134.0,1790931135,19.7518,46.4502,883.92,False,59.66,135.0,-2.6,,1097.28,1452,False,0
2095,3cc194,JEI454,Germany,1790931237.0,1790931237,12.1813,43.0589,7399.02,False,232.29,159.52,-13.98,,7818.12,1000,False,0
2096,04021d,ETH873,Ethiopia,1790931237.0,1790931237,36.6042,-0.472,12192.0,False,258.82,190.3,0.0,,12923.52,,False,0
2097,406df5,GSGTS,United Kingdom,1790931083.0,1790931083,-4.4301,55.8683,,True,5.92,137.81,,,,,False,0
2098,780219,CPA039,China,1790931236.0,1790931236,98.6963,21.333,10363.2,False,263.03,284.5,0.0,,11003.28,,False,0
2099,394a42,FGSSC,France,1790931235.0,1790931237,1.5515,48.7635,792.48,False,56.41,245.77,0.33,,1021.08,4410,False,0
2100,3c70ca,GEC8265,Germany,1790930949.0,1790930970,8.5297,50.0369,-53.34,True,1.8,340.31,,,,1000,False,0
2101,5082ef,MGH871,Ukraine,1790930387.0,1790931233,22.616,47.6665,10363.2,False,229.31,317.0,0.0,,10690.86,2375,False,0
2102,3c70cc,GEC8431,Germany,1790931237.0,1790931237,8.3018,49.9901,731.52,False,99.95,69.51,-5.53,,960.12,1000,False,0
2103,3c70cb,GEC8360,Germany,1790931237.0,1790931237,9.6144,49.3728,7292.34,False,238.77,133.08,12.03,,7658.1,6424,False,0
2104,a54b2a,FFT1359,United States,1790931234.0,1790931234,-97.0353,32.8886,,True,2.31,323.44,,,,,False,0
2105,395d6d,BGA134N,France,1790931236.0,1790931236,9.8292,53.5364,,True,0.06,50.62,,,,2000,False,0
2106,aa25c1,BVN8281,United States,1790931237.0,1790931237,-96.9734,32.3593,2430.78,False,79.14,120.9,0.0,,2514.6,,False,0
2107,ab5975,DAL131,United States,1790931236.0,1790931236,8.7742,50.0714,9144.0,False,237.43,289.89,0.0,,9517.38,6662,False,0
2108,04022a,ETH3750,Ethiopia,1790930000.0,1790931237,19.1387,54.3455,11887.2,False,239.48,70.94,0.0,,12245.34,7130,False,0
2109,a3c2d5,UPS946,United States,1790931237.0,1790931237,-92.2432,38.8588,11590.02,False,203.12,275.52,0.0,,12153.9,6745,False,0
2110,899017,CAL5382,Taiwan,1790931061.0,1790931061,121.2239,25.0766,,True,10.29,230.62,,,,,False,0
2111,78021a,CPA2074,China,1790931236.0,1790931236,102.3353,2.1264,9753.6,False,244.59,289.92,0.0,,10393.68,0121,False,0
2112,899014,CAL5706,Taiwan,1790931225.0,1790931226,136.3715,33.4344,11277.6,False,276.09,70.86,0.0,,11971.02,,False,0
2113,4ca59b,EIX21X,Ireland,1790931236.0,1790931236,3.4038,45.8927,12496.8,False,215.92,159.06,0.0,,12923.52,5231,False,0
2114,040239,ETH819,Ethiopia,1790931232.0,1790931234,36.302,-2.1327,11582.4,False,236.83,190.26,0.0,,12298.68,,False,0
2115,899013,CAL068,Taiwan,1790931234.0,1790931234,14.2741,50.1149,,True,1.8,345.94,,,,,False,0
2116,7caeb4,TRACTA,Australia,1790931237.0,1790931237,-0.2798,44.8089,2148.84,False,69.26,121.33,2.28,,2369.82,,False,0
2117,a1de8d,JBU1079,United States,1790931237.0,1790931237,-3.1593,55.8549,1767.84,False,149.4,24.62,-4.55,,1905.0,4220,False,0
2118,780237,CPA377,China,1790931237.0,1790931237,113.9215,22.3312,,True,6.17,160.31,,,,7404,False,0
2119,a43e60,UAL1605,United States,1790931237.0,1790931237,-90.2687,39.6615,11209.02,False,281.05,68.41,2.28,,11750.04,,False,0
2120,780232,CPA094,China,1790931236.0,1790931237,115.0883,21.7433,6431.28,False,250.53,89.88,2.93,,6858.0,,False,0
2121,781564,CSZ9233,China,1790931236.0,1790931236,113.7507,22.8412,4846.32,False,178.11,317.93,8.13,,5135.88,,False,0
2122,4ca56c,RYR14LU,Ireland,1790931237.0,1790931237,9.9645,44.7662,10972.8,False,229.27,23.4,0.0,,11422.38,1000,False,0
2123,78155f,CSH830,China,1790931235.0,1790931235,128.946,35.171,,True,0.0,70.31,,,,,False,0
2124,4ca56b,RYR1HK,Ireland,1790931237.0,1790931237,6.8784,45.0311,7688.58,False,233.57,104.28,-5.2,,8122.92,1000,False,0
2125,47a5ff,ALI03,Norway,1790931236.0,1790931237,5.0892,60.3684,198.12,False,54.5,162.42,0.0,,358.14,,False,0
2126,abefba,SWA2264,United States,1790931237.0,1790931237,-81.5146,39.9123,11277.6,False,264.09,92.12,0.0,,11894.82,1475,False,0
2127,a80e46,UPS197,United States,1790931237.0,1790931237,-130.3022,58.1045,10668.0,False,268.28,109.03,0.0,,10553.7,3447,False,0
2128,341391,LINCE01,Spain,1790931236.0,1790931236,-3.4709,40.2115,1584.96,False,115.31,112.56,-5.2,,1775.46,3430,False,0
2129,780246,CUA2930,China,1790930959.0,1790930959,118.0471,41.0246,7810.5,False,213.93,212.43,-3.25,,8031.48,,False,0
2130,760a0c,FJL843,Pakistan,1790931236.0,1790931236,71.6905,29.5111,10972.8,False,214.86,227.72,0.0,,11590.02,,False,0
2131,3cc0d3,AMB457,Germany,1790931236.0,1790931236,-1.7275,42.9243,13716.0,False,197.49,231.88,0.0,,14119.86,6725,False,0
2132,760a0d,FJL681,Pakistan,1790931236.0,1790931236,70.0164,30.9128,11582.4,False,218.35,197.41,0.0,,12207.24,,False,0
2133,a385e3,N326PD,United States,1790930984.0,1790930984,-117.9797,33.8721,91.44,False,20.71,255.62,-1.95,,22.86,,False,0
2134,395d68,BGA127Y,France,1790931194.0,1790931204,-2.1612,47.314,,True,0.0,343.12,,,,1000,False,0
2135,395d69,BGA123J,France,1790931237.0,1790931237,4.4239,51.4406,10668.0,False,219.05,46.33,0.0,,10995.66,2344,False,0
2136,06a3b6,QTR40T,Qatar,1790931236.0,1790931236,20.6898,42.6017,10363.2,False,238.84,309.93,0.0,,10675.62,2163,False,0
2137,78157f,CES5005,China,1790931199.0,1790931199,122.7818,27.4297,8526.78,False,235.11,90.5,-1.95,,9159.24,,False,0
2138,781595,CES2036,China,1790931237.0,1790931237,92.3338,22.3278,9448.8,False,230.41,81.53,0.0,,10058.4,4741,False,0
2139,acb633,UPS1326,United States,1790931237.0,1790931237,-83.973,33.596,11285.22,False,243.28,162.91,0.0,,12001.5,6671,False,0
2140,760a09,SIF746,Pakistan,1790931237.0,1790931237,51.0819,26.4879,4876.8,False,191.43,240.54,0.0,,5227.32,4040,False,0
2141,acb636,AAL3035,United States,1790931237.0,1790931237,-83.0009,35.79,7917.18,False,231.01,105.37,-4.88,,8404.86,7223,False,0
2142,3c70c5,GEC8225,Germany,1790931101.0,1790931156,-77.9073,48.1302,10668.0,False,318.27,52.22,0.0,,10835.64,4243,False,0
2143,3c70c2,GEC8386,Germany,1790931236.0,1790931237,140.6448,36.3213,3680.46,False,178.9,167.88,-5.53,,3855.72,4260,False,0
2144,a55e46,GTI4608,United States,1790931237.0,1790931237,-84.8296,39.306,1577.34,False,150.6,104.04,-7.48,,1615.44,4173,False,0
2145,3c70c9,GEC8160,Germany,1790931237.0,1790931237,-0.8664,51.7034,10363.2,False,222.25,270.53,0.0,,10629.9,2560,False,0
2146,3c70c8,GEC8410,Germany,1790931237.0,1790931237,10.9019,49.0212,9753.6,False,252.3,114.58,0.0,,10157.46,7714,False,0
2147,34134e,IBE06HR,Spain,1790931236.0,1790931236,12.1558,45.3521,1028.7,False,104.93,41.82,-6.83,,1234.44,1000,False,0
2148,a2a2e6,UAL997,United States,1790931228.0,1790931228,-77.4393,38.9465,,True,4.89,286.88,,,,4072,False,0
2149,a43e7f,,United States,1790931015.0,1790931015,-87.8984,41.9723,,True,5.4,241.88,,,,,False,0
2150,a98386,ASA436,United States,1790931237.0,1790931237,-79.8829,43.7731,10668.0,False,278.11,106.99,0.0,,11094.72,1516,False,0
2151,3f59f3,GAF743,Germany,1790931236.0,1790931236,9.4488,48.8631,7330.44,False,245.34,334.94,0.0,,7726.68,4142,False,0
2152,3cd3c6,PTN87N,Germany,1790931181.0,1790931181,-8.2426,55.1956,906.78,False,86.95,217.55,-0.33,,1219.2,6224,False,0
2153,7caed9,8TN,Australia,1790931237.0,1790931237,144.9121,-37.9972,457.2,False,52.02,81.47,0.65,,525.78,3631,False,0
2154,44d1ba,JAF66L,Belgium,1790931236.0,1790931236,-2.869,42.4317,10972.8,False,242.71,8.16,-0.33,,11422.38,1000,False,0
2155,4984a4,GASTN41,Czech Republic,1790931110.0,1790931110,14.5325,50.1194,144.78,False,4.74,310.6,-0.33,,342.9,,False,0
2156,a0aaa0,FDX1419,United States,1790931237.0,1790931237,-98.6741,36.9796,10363.2,False,233.27,281.71,0.0,,10888.98,5670,False,0
2157,4ba9fa,THY6215,Turkey,1790930191.0,1790931122,38.9263,41.0768,11582.4,False,216.06,276.84,0.0,,11841.48,3437,False,0
2158,44d1a6,JAF5KH,Belgium,1790931237.0,1790931237,26.5062,37.7055,7078.98,False,202.78,319.11,9.1,,7254.24,2074,False,0
2159,89916d,CAL023,Taiwan,1790931209.0,1790931211,-126.8819,37.809,10363.2,False,249.74,292.66,0.0,,10858.5,7306,False,0
2160,c079a1,TSC253,Canada,1790931237.0,1790931237,-12.1294,39.9758,10972.8,False,226.63,295.98,0.0,,11437.62,6014,False,0
2161,71c015,JNA672,Republic of Korea,1790931229.0,1790931230,126.9411,35.1355,6408.42,False,180.88,295.25,11.38,,6713.22,,False,0
2162,71c012,JNA009,Republic of Korea,1790931236.0,1790931236,126.7399,36.1004,8923.02,False,238.19,179.75,7.48,,9326.88,4112,False,0
2163,502d2c,YLPAG,Latvia,1790931202.0,1790931203,20.9892,56.4964,160.02,False,45.28,68.68,-2.28,,358.14,3365,False,0
2164,76e942,R78,Singapore,1790931131.0,1790931131,104.0045,1.3661,,True,13.89,22.5,,,,,False,0
2165,4ba9e8,THY6BZ,Turkey,1790931236.0,1790931237,23.8839,44.5263,11582.4,False,244.98,309.2,0.0,,11856.72,5364,False,0
2166,76e948,CAF1,Singapore,1790930969.0,1790930969,103.9946,1.3653,,True,6.69,196.88,,,,,False,0
2167,71c016,JNA564,Republic of Korea,1790931235.0,1790931236,128.9366,35.1883,-45.72,True,12.35,22.5,,,,5131,False,0
2168,44d1b3,JAF9611,Belgium,1790931237.0,1790931237,14.272,46.8269,11582.4,False,225.15,329.22,0.0,,12024.36,5623,False,0
2169,71c010,KAL006,Republic of Korea,1790931237.0,1790931237,-124.7825,37.8011,9753.6,False,242.54,272.55,0.0,,10271.76,1066,False,0
2170,06a371,QQE210,Qatar,1790931237.0,1790931237,4.8253,46.4534,13106.4,False,250.54,333.54,0.0,,13495.02,4073,False,0
2171,71c011,KAL033,Republic of Korea,1790931237.0,1790931237,-114.0491,52.6496,10668.0,False,278.82,121.73,0.0,,10767.06,,False,0
2172,402917,GGFIG,United Kingdom,1790931054.0,1790931054,-0.5065,51.5909,-60.96,False,33.0,239.04,-2.28,,152.4,7000,False,0
2173,502d24,BTI7EG,Latvia,1790931237.0,1790931237,10.3335,51.0671,8930.64,False,226.37,53.78,5.53,,9311.64,1000,False,0
2174,502d23,BTI60L,Latvia,1790931237.0,1790931237,14.0524,54.5581,11277.6,False,239.86,52.32,0.0,,11658.6,1000,False,0
2175,89917f,CAL186,Taiwan,1790931236.0,1790931236,121.2262,25.0655,,True,3.86,230.62,,,,,False,0
2176,4481ea,TUGG011,Belgium,1790931234.0,1790931234,4.4961,50.9157,,True,1.29,317.81,,,,,False,0
2177,502d0c,ASL38M,Latvia,1790931234.0,1790931234,22.1266,43.3309,10477.5,False,212.43,139.71,3.9,,10767.06,,False,0
2178,502d0f,BTI7ZV,Latvia,1790931236.0,1790931236,24.058,40.1881,11582.4,False,212.63,349.97,0.0,,11788.14,6446,False,0
2179,4ba9da,THY5TP,Turkey,1790931236.0,1790931236,28.2227,41.8843,6050.28,False,204.85,319.99,7.8,,6233.16,5336,False,0
2180,4aac36,SEKAV,Sweden,1790931233.0,1790931233,14.0446,57.7755,304.8,False,55.26,24.18,2.28,,472.44,,False,0
2181,adb0b4,,United States,1790931231.0,1790931236,-111.997,33.4382,,True,0.0,174.38,,,,,False,0
2182,502d29,BTI8ED,Latvia,1790931236.0,1790931236,21.2062,56.8321,10668.0,False,233.48,76.88,0.0,,11056.62,1000,False,0
2183,44d1c2,JAF11G,Belgium,1790931236.0,1790931236,28.0402,36.5052,2567.94,False,145.16,272.03,14.31,,2651.76,,False,0
2184,502d28,BTI2WT,Latvia,1790931236.0,1790931236,14.8778,46.4535,11582.4,False,232.85,229.66,0.0,,12016.74,1157,False,0
2185,78160b,CUA5570,China,1790930959.0,1790930959,118.8006,41.7041,8412.48,False,196.23,232.35,0.0,,8610.6,,False,0
2186,502d27,AUA27PQ,Latvia,1790931237.0,1790931237,12.0476,51.6378,8839.2,False,235.0,123.48,0.0,,9220.2,1000,False,0
2187,89914d,MDA353,Taiwan,1790931237.0,1790931237,120.2231,22.6394,1394.46,False,81.1,330.35,6.18,,1478.28,,False,0
2188,89914c,MDA1272,Taiwan,1790931229.0,1790931235,119.5937,23.8311,4564.38,False,131.2,69.58,0.0,,4846.32,,False,0
2189,06a37c,QTR843,Qatar,1790931230.0,1790931230,51.616,25.2763,,True,8.75,188.44,,,,4022,False,0
2190,89914b,MDA372,Taiwan,1790931074.0,1790931074,121.5574,25.0674,,True,8.75,165.94,,,,,False,0
2191,a2a41e,UAL2222,United States,1790931236.0,1790931237,-74.1471,40.9177,1203.96,False,128.08,109.96,0.33,,1234.44,6026,False,0
2192,a1211d,FDX1404,United States,1790931237.0,1790931237,-99.0221,35.3317,10363.2,False,232.13,268.22,0.0,,10919.46,1510,False,0
2193,06a391,QTR8082,Qatar,1790931236.0,1790931236,112.4055,23.0035,8869.68,False,249.91,81.95,-0.33,,9448.8,,False,0
2194,47a7a8,NOZ17T,Norway,1790931235.0,1790931237,3.9071,55.476,11285.22,False,246.19,17.26,0.0,,11490.96,1442,False,0
2195,502d44,DLH63M,Latvia,1790931237.0,1790931237,-2.088,42.9335,3246.12,False,155.77,306.95,-10.4,,3505.2,1000,False,0
2196,502d46,BEL4QA,Latvia,1790931237.0,1790931237,4.7855,50.9949,868.68,False,86.31,241.91,-2.6,,1089.66,1000,False,0
2197,ab4840,DAL91,United States,1790931237.0,1790931237,9.4281,48.0353,6697.98,False,232.02,353.38,8.13,,7056.12,3016,False,0
2198,38941b,FWZGM,France,1790931231.0,1790931236,1.3534,43.6301,,True,0.0,233.44,,,,,False,0
2199,76e975,R31,Singapore,1790931176.0,1790931176,103.9786,1.3787,,True,14.92,180.0,,,,,False,0
2200,76e978,R36,Singapore,1790931101.0,1790931101,103.9786,1.3792,,True,6.69,174.38,,,,,False,0
2201,502d47,BTI4WA,Latvia,1790931236.0,1790931236,9.4121,45.0623,10241.28,False,231.51,36.23,2.6,,10683.24,3753,False,0
2202,89912e,CAL503,Taiwan,1790931210.0,1790931210,122.1875,26.533,8839.2,False,242.71,33.15,0.0,,9448.8,,False,0
2203,502d79,BTI7KL,Latvia,1790931120.0,1790931120,23.9748,56.9449,-106.68,False,64.6,185.48,-3.25,,129.54,1000,False,0
2204,ab3525,MTN8505,United States,1790931237.0,1790931237,-80.6751,34.5568,3002.28,False,128.99,210.96,0.0,,3147.06,,False,0
2205,781641,CCA1515,China,1790930957.0,1790930957,116.9639,37.6691,11399.52,False,257.78,166.38,3.9,,11772.9,,False,0
2206,89912a,SJX801,Taiwan,1790931236.0,1790931236,121.3363,25.3001,3931.92,False,149.21,229.33,-6.18,,4183.38,,False,0
2207,49d2a8,JBC721C,Czech Republic,1790931237.0,1790931237,9.827,48.9246,12496.8,False,202.23,230.88,0.0,,12908.28,1000,False,0
2208,76e981,R63,Singapore,1790930987.0,1790930993,104.0121,1.3514,,True,9.77,205.31,,,,,False,0
2209,899144,UIA8682,Taiwan,1790931236.0,1790931236,119.6383,23.5955,525.78,False,65.72,18.72,4.23,,556.26,,False,0
2210,899143,UIA8922,Taiwan,1790931236.0,1790931236,120.4926,22.4672,1188.72,False,101.68,41.51,-3.58,,1257.3,,False,0
2211,899146,UIA8736,Taiwan,1790931211.0,1790931223,120.9121,25.1516,4069.08,False,145.91,226.29,-2.6,,4320.54,,False,0
2212,899140,UIA8967,Taiwan,1790931171.0,1790931171,119.5829,23.8477,3048.0,False,136.35,250.61,-0.65,,3238.5,,False,0
2213,899141,UIA8789,Taiwan,1790931236.0,1790931236,121.5416,25.0691,,True,6.94,286.88,,,,,False,0
2214,502d66,UAG65D,Latvia,1790931237.0,1790931237,2.1403,48.789,1363.98,False,101.5,281.99,-0.33,,1584.96,1000,False,0
2215,89913f,EVA049,Taiwan,1790931236.0,1790931236,-125.7485,39.9302,10660.38,False,238.01,277.2,0.0,,11155.68,6543,False,0
2216,89913c,UIA8726,Taiwan,1790931237.0,1790931237,121.3263,25.0319,1135.38,False,90.86,22.64,-3.9,,1211.58,,False,0
2217,49d2b7,EWG60T,Czech Republic,1790931236.0,1790931237,8.6137,50.3753,7452.36,False,212.56,129.89,10.08,,7818.12,7711,False,0
2218,ab4866,DAL309,United States,1790931237.0,1790931237,-87.7812,34.6883,11887.2,False,251.93,100.83,0.0,,12603.48,1520,False,0
2219,4ca3b3,DAA R15,Ireland,1790931236.0,1790931236,-6.2404,53.4314,,True,7.72,95.62,,,,,False,0
2220,4481ae,INSP381,Belgium,1790931229.0,1790931229,4.4927,50.9019,,True,5.92,250.31,,,,,False,0
2221,502d5e,SWR319V,Latvia,1790931237.0,1790931237,8.4007,47.9687,4267.2,False,143.7,7.4,0.0,,4556.76,1000,False,0
2222,502d5d,SWR4CX,Latvia,1790931236.0,1790931236,9.2364,47.6174,5501.64,False,149.92,230.85,-9.43,,5844.54,1000,False,0
2223,502d5c,BTI7701,Latvia,1790931236.0,1790931236,23.9757,55.5704,12192.0,False,222.92,202.96,0.33,,12237.72,5616,False,0
2224,502d5b,SWR2DV,Latvia,1790931237.0,1790931237,7.2676,50.9322,8839.2,False,226.1,139.06,0.0,,9212.58,1000,False,0
2225,8990a5,CAL5162,Taiwan,1790931186.0,1790931186,134.5045,32.7979,9448.8,False,285.34,62.28,0.0,,,,False,0
2226,49d2c8,OKCZG,Czech Republic,1790931233.0,1790931237,17.8807,50.7849,510.54,False,59.73,357.53,0.65,,716.28,,False,0
2227,8990a1,MDA1275,Taiwan,1790931234.0,1790931234,121.5429,25.0684,,True,0.0,300.94,,,,,False,0
2228,a00196,N1SD,United States,1790931237.0,1790931237,-82.7022,27.8795,182.88,False,51.02,183.47,0.98,,182.88,,False,0
2229,4a2821,YRJAA,Romania,1790931237.0,1790931237,25.5239,45.7066,381.0,False,34.88,217.21,4.23,,601.98,,False,0
2230,71c073,ASV728,Republic of Korea,1790931236.0,1790931236,128.4035,35.9824,6705.6,False,209.19,329.4,0.0,,7002.78,7032,False,0
2231,a79dc4,DAL2038,United States,1790931237.0,1790931237,-80.6485,41.9575,10972.8,False,272.61,101.65,0.0,,11513.82,6073,False,0
2232,71c070,TWB235,Republic of Korea,1790931231.0,1790931236,128.9451,35.1726,,True,1.29,115.31,,,,4176,False,0
2233,71c075,KAL207,Republic of Korea,1790931236.0,1790931236,136.4262,36.9892,9448.8,False,312.53,64.87,0.0,,9867.9,,False,0
2234,49d2d6,VAA020,Czech Republic,1790931237.0,1790931237,43.1853,42.0774,3657.6,False,97.16,264.53,0.65,,3771.9,7042,False,0
2235,a3d78d,AJT844,United States,1790931236.0,1790931236,-59.9627,9.4103,10805.16,False,257.97,133.79,6.83,,11430.0,,False,0
2236,7801b2,,China,1790931230.0,1790931230,113.9185,22.3138,,True,4.37,16.88,,,,,False,0
2237,8990ad,MDA1281,Taiwan,1790931228.0,1790931231,119.0096,23.9406,5029.2,False,188.99,298.45,-5.2,,5356.86,,False,0
2238,7801b1,HKE113,China,1790931193.0,1790931234,113.7928,22.1476,1424.94,False,107.3,303.46,-0.65,,1485.9,,False,0
2239,71c062,JJA226,Republic of Korea,1790931236.0,1790931236,126.9603,35.4695,6400.8,False,206.93,1.99,-0.33,,6705.6,5130,False,0
2240,71c060,AAR350,Republic of Korea,1790930986.0,1790931013,126.4387,37.4403,-60.96,True,61.24,324.57,-0.65,,,1060,False,0
2241,0d0724,VTM147,Mexico,1790931235.0,1790931237,-100.9283,24.6473,8305.8,False,230.47,359.87,-13.33,,8854.44,,False,0
2242,39aded,FHLPN,France,1790931237.0,1790931237,8.6529,47.3354,12496.8,False,240.86,73.11,0.0,,12908.28,1000,False,0
2243,a3b140,TPA4158,United States,1790931224.0,1790931229,-91.2232,15.4215,10614.66,False,242.31,313.97,4.23,,11254.74,4676,False,0
2244,7801c7,CPA357,China,1790931237.0,1790931237,113.9261,22.3182,,True,5.14,250.31,,,,,False,0
2245,71c095,TWB331,Republic of Korea,1790931236.0,1790931236,133.918,34.0628,4404.36,False,178.54,85.54,-4.88,,4648.2,4371,False,0
2246,3cc043,MCK303,Germany,1790931236.0,1790931236,7.4424,43.2937,1897.38,False,135.74,207.05,-14.96,,2133.6,1000,False,0
2247,a63794,N5ZY,United States,1790931236.0,1790931236,-1.8789,51.5075,487.68,False,63.09,237.99,0.0,,678.18,3727,False,0
2248,71c091,KAL2155,Republic of Korea,1790931237.0,1790931237,127.8591,36.4201,8229.6,False,257.2,135.57,0.0,,8595.36,4322,False,0
2249,4014c6,GAOSK,United Kingdom,1790931236.0,1790931237,-1.2596,51.3119,1127.76,False,56.81,347.98,-0.33,,1303.02,,False,0
2250,48a231,SPISS,Poland,1790931236.0,1790931236,21.968,57.5487,4457.7,False,101.89,88.55,0.0,,4754.88,3371,False,0
2251,71c089,JJA1328,Republic of Korea,1790931236.0,1790931237,129.0653,36.213,8534.4,False,203.94,304.93,0.33,,8907.78,7047,False,0
2252,71c084,KAL766,Republic of Korea,1790931236.0,1790931236,126.4622,37.414,144.78,False,69.37,324.66,-3.58,,236.22,7026,False,0
2253,008b8f,LNK141A,South Africa,1790931237.0,1790931237,28.1504,-26.286,3268.98,False,142.42,279.56,3.25,,3505.2,,False,0
2254,7801cc,CPA542,China,1790931194.0,1790931194,115.2723,21.7818,7780.02,False,242.93,97.67,6.5,,8267.7,3575,False,0
2255,7801ca,CPA654,China,1790930974.0,1790930974,102.9145,14.8201,11277.6,False,242.29,45.69,0.33,,12039.6,,False,0
2256,7814fc,CSN3033,China,1790931213.0,1790931237,112.8841,23.1827,4869.18,False,211.46,179.16,5.85,,5166.36,,False,0
2257,71c030,TWB206,Republic of Korea,1790931236.0,1790931236,130.3181,33.7551,2118.36,False,140.92,321.37,9.75,,2247.9,,False,0
2258,71c031,JJA126,Republic of Korea,1790931237.0,1790931237,127.1488,36.8745,3825.24,False,190.38,42.92,-11.38,,4000.5,5123,False,0
2259,06a30b,QTR8165,Qatar,1790931216.0,1790931216,5.4699,50.6537,76.2,False,79.67,225.26,-4.23,,304.8,1165,False,0
2260,aca3a0,UPS1084,United States,1790931236.0,1790931236,-82.162,38.0551,10675.62,False,270.1,89.45,0.33,,11315.7,,False,0
2261,06a30a,QTR8906,Qatar,1790931237.0,1790931237,56.2611,25.0505,10363.2,False,248.74,288.32,0.0,,10995.66,3536,False,0
2262,48c873,SPTDU,Poland,1790931237.0,1790931237,13.3021,50.4014,10972.8,False,176.78,245.22,0.0,,11376.66,4570,False,0
2263,3dafb2,GAF525,Germany,1790931237.0,1790931237,8.7903,53.0541,1371.6,False,72.94,244.52,0.0,,1592.58,5074,False,0
2264,48a201,SPIRB,Poland,1790931237.0,1790931237,12.6999,45.0874,3048.0,False,71.49,212.66,0.0,,3284.22,7011,False,0
2265,71c059,AAR340,Republic of Korea,1790931234.0,1790931235,124.928,37.1584,6880.86,False,240.9,84.36,0.0,,7162.8,5716,False,0
2266,ad60b7,JBU1574,United States,1790931237.0,1790931237,-79.992,41.6387,11277.6,False,269.21,94.05,0.0,,11849.1,7201,False,0
2267,71c056,TWB644,Republic of Korea,1790931069.0,1790931069,126.4468,37.4578,,True,0.0,143.44,,,,3165,False,0
2268,04007a,ETH881,Ethiopia,1790931237.0,1790931237,36.4255,-1.4656,10972.8,False,239.45,190.27,0.0,,11681.46,,False,0
2269,71c050,JJA133,Republic of Korea,1790931237.0,1790931237,126.7643,35.709,6705.6,False,218.95,184.99,0.0,,7018.02,7235,False,0
2270,71c046,KAL9575,Republic of Korea,1790931231.0,1790931235,51.8787,22.4266,9753.6,False,253.56,275.0,0.0,,10355.58,4042,False,0
2271,04008c,ETH3731,Ethiopia,1790931237.0,1790931237,14.6119,44.8914,10363.2,False,239.74,302.74,0.0,,10789.92,2056,False,0
2272,48520a,TRA73V,Kingdom of the Netherlands,1790931237.0,1790931237,2.4271,49.5634,11582.4,False,243.88,32.68,0.0,,11925.3,1000,False,0
2273,71c043,KAL9517,Republic of Korea,1790931236.0,1790931237,44.9282,41.6873,10363.2,False,219.64,285.21,0.0,,10614.66,7145,False,0
2274,71c044,KAL8314,Republic of Korea,1790931187.0,1790931223,122.1615,25.7227,10058.4,False,257.76,35.09,0.0,,10759.44,,False,0
2275,71c041,KAL094,Republic of Korea,1790931236.0,1790931236,127.4021,37.1522,4617.72,False,152.27,304.82,-3.58,,4815.84,3136,False,0
2276,485209,TRA94R,Kingdom of the Netherlands,1790931230.0,1790931234,27.9915,36.3776,403.86,False,83.16,70.11,-3.9,,457.2,3174,False,0
2277,503fc5,ELY5031,Lithuania,1790931228.0,1790931228,34.8918,32.0041,,True,6.94,300.94,,,,,False,0
2278,06a2e9,,Qatar,1790931153.0,1790931153,28.7291,41.2671,,True,4.12,258.75,,,,,False,0
2279,06a2e7,QTR92J,Qatar,1790931237.0,1790931237,11.2124,36.6485,10668.0,False,263.21,96.85,-0.33,,11170.92,1417,False,0
2280,06a2e5,QTR94R,Qatar,1790931237.0,1790931237,4.0223,50.7875,11277.6,False,268.79,102.04,0.0,,11612.88,2702,False,0
2281,503fc4,ELY5188,Lithuania,1790931236.0,1790931237,26.1842,39.1698,10668.0,False,231.58,123.13,0.0,,10850.88,1363,False,0
2282,06a2f9,QTR83G,Qatar,1790931237.0,1790931237,15.0351,46.4242,11277.6,False,257.1,128.34,0.0,,11727.18,7652,False,0
2283,06a2f6,QTR839,Qatar,1790931237.0,1790931237,53.6736,25.2928,9144.0,False,235.84,277.02,-9.43,,9730.74,4033,False,0
2284,06a2f3,QTR56E,Qatar,1790931233.0,1790931235,30.3337,41.5961,10972.8,False,248.61,302.41,0.33,,11170.92,,False,0
2285,3cf8be,PTN87U,Germany,1790931233.0,1790931233,2.0742,41.2841,,True,6.17,244.69,,,,,False,0
2286,06a2f2,QTR61L,Qatar,1790931236.0,1790931236,55.0105,24.1189,11582.4,False,242.45,300.76,-0.33,,12275.82,4017,False,0
2287,a67f04,SCX3002,United States,1790931237.0,1790931237,-107.9223,37.2041,11887.2,False,236.7,84.51,0.0,,12519.66,,False,0
2288,502cc6,SWR1TH,Latvia,1790931237.0,1790931237,11.8577,39.9588,10355.58,False,219.28,343.65,-0.33,,10835.64,6573,False,0
2289,06a2eb,QTR057,Qatar,1790931236.0,1790931236,30.6671,33.4835,11574.78,False,249.94,330.53,0.33,,11894.82,2176,False,0
2290,06a2ec,QTR64P,Qatar,1790931237.0,1790931237,10.4747,48.7444,11277.6,False,253.28,118.91,-0.33,,11704.32,2732,False,0
2291,4b8df2,CAI2108,Turkey,1790931185.0,1790931185,8.5594,50.035,,True,7.46,39.38,,,,1000,False,0
2292,3cc09c,PVD424V,Germany,1790931237.0,1790931237,-3.1814,41.2562,10363.2,False,240.43,6.88,-0.98,,10797.54,4522,False,0
2293,3b75dd,MTTE35,France,1790931237.0,1790931237,0.945,45.6758,8686.8,False,193.5,343.15,0.0,,9105.9,6515,False,0
2294,3532cc,MAMUT70,Spain,1790931237.0,1790931237,-5.6027,37.2056,457.2,False,90.29,18.95,2.93,,571.5,5047,False,0
2295,503fd9,LYF468,Lithuania,1790931236.0,1790931236,13.1917,55.4361,2735.58,False,78.82,111.04,3.58,,2964.18,2521,False,0
2296,49d418,TVS4348,Czech Republic,1790930551.0,1790931236,20.6608,47.8881,11277.6,False,528.35,353.29,0.0,,11650.98,1337,False,0
2297,4b8de8,CAI93ZW,Turkey,1790931237.0,1790931237,25.041,43.577,11277.6,False,215.31,146.01,0.0,,11529.06,,False,0
2298,06a2ff,QTR1151,Qatar,1790931237.0,1790931237,51.5072,25.5259,1181.1,False,116.39,159.56,-5.53,,1249.68,3104,False,0
2299,06a2fb,QTR85X,Qatar,1790931065.0,1790931236,19.8183,48.8713,11269.98,False,249.09,130.9,0.0,,11666.22,7603,False,0
2300,ac79b1,SWA1511,United States,1790931236.0,1790931236,-93.3855,39.9608,11269.98,False,282.35,73.05,-1.95,,11772.9,,False,0
2301,502ccd,BTI6RZ,Latvia,1790931237.0,1790931237,5.4864,52.6899,5859.78,False,204.24,65.76,7.15,,6126.48,1000,False,0
2302,502ccf,BTI629,Latvia,1790931237.0,1790931237,17.5153,49.4191,11582.4,False,237.32,235.24,0.0,,12001.5,1000,False,0
2303,502cce,BTI7702,Latvia,1790931237.0,1790931237,17.1392,58.9116,10363.2,False,220.51,306.17,0.0,,10706.1,4316,False,0
2304,a8c759,FFT1157,United States,1790931214.0,1790931214,-84.4253,33.6378,,True,0.0,270.0,,,,,False,0
2305,a2ec35,FDX1188,United States,1790931237.0,1790931237,-97.5751,30.3115,6743.7,False,214.93,210.49,-12.35,,7132.32,2323,False,0
2306,a5adfe,UPS1128,United States,1790931237.0,1790931237,-79.1165,39.7418,10058.4,False,278.2,68.75,0.33,,10614.66,4017,False,0
2307,a30c46,FDX1732,United States,1790931236.0,1790931237,-87.7512,38.029,10370.82,False,220.08,215.1,-0.33,,10957.56,,False,0
2308,a373b7,AAL991,United States,1790931236.0,1790931236,-91.5864,42.5267,11277.6,False,260.83,89.77,0.0,,11681.46,,False,0
2309,502ce6,BTI9TZ,Latvia,1790929605.0,1790931236,23.8622,55.6554,10972.8,False,205.83,190.8,5.53,,8115.3,1000,False,0
2310,502ce5,BTI92L,Latvia,1790931236.0,1790931236,4.2705,49.1332,6583.68,False,225.8,84.64,5.85,,6926.58,3344,False,0
2311,502ce4,BTI65T,Latvia,1790931236.0,1790931236,0.5691,51.7029,5699.76,False,196.95,26.03,9.1,,5951.22,3406,False,0
2312,49d421,TVL5437,Czech Republic,1790931123.0,1790931123,19.2596,47.4312,,True,0.06,42.19,,,,4472,False,0
2313,a43f51,DAL912,United States,1790931237.0,1790931237,-96.7933,37.811,10668.0,False,257.71,109.23,0.0,,11178.54,5153,False,0
2314,4014b1,GAOEI,United Kingdom,1790931237.0,1790931237,-0.3,52.0983,167.64,False,28.96,289.72,-3.9,,365.76,7000,False,0
2315,49d423,TVS6NR,Czech Republic,1790931237.0,1790931237,14.2536,50.11,,True,45.27,244.69,,,,4472,False,0
2316,49d420,TVP7316,Czech Republic,1790931236.0,1790931236,0.7861,43.9135,11285.22,False,212.67,237.85,0.0,,11734.8,3102,False,0
2317,49d41e,TVQ6646,Czech Republic,1790931237.0,1790931237,-2.288,37.2563,10668.0,False,225.61,212.71,0.0,,11178.54,4055,False,0
2318,e48809,TAM3547,Brazil,1790931236.0,1790931236,-47.7682,-22.8513,8397.24,False,248.33,118.05,-5.85,,8846.82,,False,0
2319,502cc7,ASL18A,Latvia,1790931236.0,1790931236,17.0344,46.9863,10668.0,False,230.83,128.12,0.0,,11079.48,7713,False,0
2320,502cd0,BTI8KY,Latvia,1790931236.0,1790931237,4.782,52.2024,1524.0,False,137.13,119.93,14.31,,1737.36,1000,False,0
2321,39ae37,FHLRX,France,1790931237.0,1790931237,0.0419,42.936,13106.4,False,237.17,51.34,0.0,,13540.74,1000,False,0
2322,502cef,YLPAZ,Latvia,1790931236.0,1790931236,21.0783,56.6166,716.28,False,61.24,178.56,0.0,,937.26,3372,False,0
2323,49d42b,TVS2637,Czech Republic,1790931237.0,1790931237,14.5331,50.1935,1310.64,False,102.65,245.1,-4.88,,1531.62,1000,False,0
2324,a43f2a,N373CH,United States,1790931237.0,1790931237,-83.608,41.3565,7315.2,False,176.24,317.6,0.0,,7597.14,6771,False,0
2325,c1e8aa,BUS823,Canada,1790931237.0,1790931237,-79.6333,43.6807,,True,5.66,45.0,,,,,False,0
2326,405d11,EZY801F,United Kingdom,1790931236.0,1790931236,-5.7712,54.6052,2049.78,False,140.88,317.22,-5.2,,2179.32,7722,False,0
2327,7c4e23,PPX,Australia,1790931237.0,1790931237,152.9876,-27.5675,0.0,False,35.48,106.86,-1.63,,137.16,,False,0
2328,3cc086,SCR137,Germany,1790931236.0,1790931236,7.2017,50.8832,876.3,False,83.06,63.91,15.61,,1104.9,1256,False,0
2329,845dcc,ANA1862,Japan,1790931228.0,1790931232,132.5692,34.3797,1478.28,False,116.49,47.15,-5.85,,1592.58,,False,0
2330,7802b1,CES2734,China,1790931191.0,1790931192,115.0009,23.9049,9464.04,False,230.75,34.65,0.0,,10111.74,3114,False,0
2331,781665,CSN6358,China,1790930958.0,1790930959,116.6195,39.301,10698.48,False,241.43,22.69,0.33,,11033.76,,False,0
2332,502d95,BTI69R,Latvia,1790931237.0,1790931237,5.5725,49.4608,8839.2,False,251.24,68.37,0.0,,9220.2,1000,False,0
2333,502d96,SWR44E,Latvia,1790931237.0,1790931237,8.3883,47.5895,1165.86,False,93.14,135.9,-5.2,,1386.84,1000,False,0
2334,4850f5,KLM792,Kingdom of the Netherlands,1790931155.0,1790931185,-15.179,32.8323,10972.8,False,244.16,25.32,0.0,,11590.02,,False,0
2335,899119,CAL852,Taiwan,1790931237.0,1790931237,118.7528,22.8938,10660.38,False,234.81,57.98,0.0,,11422.38,,False,0
2336,899118,CAL835,Taiwan,1790931236.0,1790931236,102.6285,14.4347,10370.82,False,236.65,264.64,0.33,,11079.48,,False,0
2337,899126,SJX803,Taiwan,1790931237.0,1790931237,139.0323,35.1574,9906.0,False,206.66,266.57,6.83,,10485.12,3752,False,0
2338,899123,EVA693,Taiwan,1790931237.0,1790931237,-98.5224,33.7523,10081.26,False,255.09,316.55,7.15,,10622.28,,False,0
2339,040102,ETH681,Ethiopia,1790931237.0,1790931237,90.4451,23.7834,739.14,False,100.32,143.13,9.75,,723.9,,False,0
2340,502d88,BTI4GV,Latvia,1790931237.0,1790931237,19.2085,48.5556,11277.6,False,207.77,27.26,0.0,,11650.98,1000,False,0
2341,89911c,CAL5266,Taiwan,1790931235.0,1790931235,-165.204,59.0148,10668.0,False,250.87,72.09,0.0,,10439.4,,False,0
2342,a43f7d,FFT4683,United States,1790931232.0,1790931232,-115.1352,36.0832,,True,0.0,244.69,,,,,False,0
2343,49c12f,OKQAR24,Czech Republic,1790931235.0,1790931236,17.4228,49.2976,137.16,False,31.82,202.83,,,281.94,,False,0
2344,ac6744,FDX10,United States,1790931236.0,1790931236,-89.9702,34.9975,609.6,False,91.85,170.33,7.15,,624.84,5650,False,0
2345,899139,EVA870,Taiwan,1790931236.0,1790931237,114.3467,21.9698,4876.8,False,201.15,143.42,11.38,,5181.6,5756,False,0
2346,899138,UIA8702,Taiwan,1790931237.0,1790931237,120.3512,22.5771,,True,48.36,272.81,,,,,False,0
2347,502d7c,BEL1ZT,Latvia,1790931237.0,1790931237,12.773,55.6931,426.72,False,85.15,223.53,-5.53,,601.98,7156,False,0
2348,502d7b,AUA313,Latvia,1790931237.0,1790931237,8.2789,51.5602,10363.2,False,207.88,309.68,0.0,,10728.96,1000,False,0
2349,502d7a,ASL71G,Latvia,1790931237.0,1790931237,4.9291,48.6813,8808.72,False,227.46,111.63,5.53,,9189.72,0672,False,0
2350,899130,UIA8652,Taiwan,1790931193.0,1790931193,120.6207,24.042,1310.64,False,104.37,66.47,-3.58,,1394.46,,False,0
2351,a120fe,DAL233,United States,1790931237.0,1790931237,12.4381,41.285,9745.98,False,230.07,311.1,0.0,,10180.32,,False,0
2352,a2a3d2,UAL198,United States,1790931237.0,1790931237,127.9564,32.6134,12192.0,False,213.46,247.02,-0.33,,12915.9,6174,False,0
2353,a17c95,AAL2065,United States,1790931237.0,1790931237,-97.4828,38.0156,10050.78,False,238.92,59.46,0.33,,10523.22,,False,0
2354,78167f,CES206,China,1790931237.0,1790931237,101.2167,19.7746,9448.8,False,244.03,71.18,0.0,,9784.08,,False,0
2355,899105,CAL6651,Taiwan,1790931237.0,1790931237,121.2248,25.0644,,True,1.54,227.81,,,,,False,0
2356,78034a,CES9617,China,1790931237.0,1790931237,98.6575,23.3413,10972.8,False,243.63,250.0,0.0,,,,False,0
2357,781696,CCA877,China,1790931236.0,1790931236,90.712,55.8674,11582.4,False,241.64,295.2,0.0,,11643.36,,False,0
2358,4863dc,KLM33M,Kingdom of the Netherlands,1790931237.0,1790931237,13.5232,48.8479,11277.6,False,224.47,124.64,0.33,,11696.7,0143,False,0
2359,49d47b,OKVOZ,Czech Republic,1790931236.0,1790931236,15.5579,49.4873,914.4,False,68.41,12.15,-0.65,,1120.14,,False,0
2360,845f30,FDA397,Japan,1790931237.0,1790931237,140.6425,41.1614,10668.0,False,267.39,21.68,0.33,,10843.26,,False,0
2361,a8d9c6,N67EC,United States,1790931092.0,1790931097,-19.0295,63.727,5181.6,False,68.85,119.05,0.0,,5006.34,,False,0
2362,502d9f,BTI9UG,Latvia,1790931237.0,1790931237,9.1306,54.3092,10668.0,False,241.2,60.48,0.0,,10957.56,0163,False,0
2363,a13501,AAL971,United States,1790931236.0,1790931236,-109.0314,32.6158,10058.4,False,249.96,105.15,0.33,,10546.08,1067,False,0
2364,4ba9ac,THY5CW,Turkey,1790931237.0,1790931237,29.8875,40.9456,7993.38,False,206.26,131.56,7.48,,8153.4,,False,0
2365,3b75ed,BZAC18,France,1790931236.0,1790931236,-1.0085,45.6879,2141.22,False,78.9,167.96,-0.65,,2354.58,,False,0
2366,4ba9aa,THY7ED,Turkey,1790931237.0,1790931237,26.0355,41.1123,9669.78,False,211.35,86.37,-4.88,,9875.52,4527,False,0
2367,3b75ec,CTM2085,France,1790931171.0,1790931171,9.4185,52.4595,,True,2.31,284.06,,,,7561,False,0
2368,4ba9c9,THY743,Turkey,1790930506.0,1790931236,44.9233,40.5218,11582.4,False,126.76,160.31,0.0,,12542.52,4773,False,0
2369,78036f,CSN8880,China,1790930941.0,1790930941,116.6892,37.4926,7086.6,False,212.72,343.27,-7.15,,7856.22,,False,0
2370,4863db,KLM51T,Kingdom of the Netherlands,1790931237.0,1790931237,9.1623,49.2483,4541.52,False,193.05,152.55,-8.78,,4823.46,0155,False,0
2371,4ba9c2,THY2XR,Turkey,1790931237.0,1790931237,17.8726,48.7718,10363.2,False,219.86,311.11,0.0,,10782.3,5302,False,0
2372,c0407b,ROU2057,Canada,1790931236.0,1790931236,-67.3826,45.4607,9753.6,False,217.27,279.13,0.33,,10203.18,,False,0
2373,4ba9c1,THY847,Turkey,1790931236.0,1790931236,35.0423,35.6415,12192.0,False,220.76,288.48,0.0,,12542.52,,False,0
2374,4ba9c4,THY707,Turkey,1790931003.0,1790931236,37.7075,41.208,11582.4,False,223.88,278.86,0.0,,11833.86,7012,False,0
2375,a9c158,AVA044,United States,1790931237.0,1790931237,-97.0945,19.777,10972.8,False,239.19,283.56,0.0,,11681.46,,False,0
2376,ab7ae4,DAL25,United States,1790931237.0,1790931237,4.041,43.6501,9144.0,False,234.57,281.38,0.0,,9608.82,6751,False,0
2377,405bfe,BAW2LJ,United Kingdom,1790931222.0,1790931222,-0.4804,51.4698,,True,0.06,270.0,,,,1414,False,0
2378,78037c,CSS3094,China,1790931234.0,1790931234,113.2359,22.4496,1645.92,False,130.67,74.71,-5.2,,1706.88,,False,0
2379,4ba9d2,THY727,Turkey,1790931170.0,1790931235,38.221,41.1755,12192.0,False,227.09,278.99,0.0,,12443.46,2533,False,0
2380,a7ef16,DAL458,United States,1790931236.0,1790931236,-97.1551,36.2329,10660.38,False,264.19,71.49,0.0,,11224.26,1001,False,0
2381,46bc53,AEE597,Greece,1790931065.0,1790931065,26.9936,37.0243,1493.52,False,101.84,341.75,6.18,,762.0,,False,0
2382,06a2b5,QTR915,Qatar,1790931237.0,1790931237,143.483,-37.2607,10972.8,False,236.39,290.64,0.0,,11132.82,0237,False,0
2383,06a2b6,VOZ001,Qatar,1790931236.0,1790931236,115.9042,-31.9939,9753.6,False,269.34,299.65,0.0,,9997.44,1361,False,0
2384,06a2b3,QTR809,Qatar,1790931234.0,1790931234,140.3988,35.7711,,True,6.17,157.5,,,,,False,0
2385,e486c3,TAM3149,Brazil,1790931237.0,1790931237,-47.5408,-25.8583,10652.76,False,226.41,35.57,0.0,,11140.44,,False,0
2386,46bc4c,AEE253,Greece,1790931237.0,1790931237,25.1309,38.3426,4876.8,False,151.67,241.87,0.33,,5029.2,7054,False,0
2387,46bc4f,OAL012,Greece,1790931237.0,1790931237,23.9452,37.9491,182.88,False,52.38,38.22,12.35,,304.8,,False,0
2388,06a2c7,QTR21X,Qatar,1790931236.0,1790931236,27.0075,44.178,9753.6,False,254.04,321.41,0.0,,10020.3,5325,False,0
2389,06a2c5,QTR68T,Qatar,1790931237.0,1790931237,5.0991,48.2475,10058.4,False,259.32,108.87,0.0,,10469.88,5204,False,0
2390,c078b2,TSC214,Canada,1790931237.0,1790931237,18.0181,47.1049,11887.2,False,242.94,119.01,0.0,,12283.44,4611,False,0
2391,4ba9b0,THY4EC,Turkey,1790931236.0,1790931236,30.8663,40.8183,8580.12,False,212.0,287.51,-4.88,,8801.1,,False,0
2392,a6cf20,LAE1816,United States,1790931237.0,1790931237,-74.5304,5.0084,4610.1,False,161.71,130.23,-9.43,,4884.42,1456,False,0
2393,46bc50,OAL066,Greece,1790930886.0,1790931232,24.8838,37.1416,1219.2,False,49.77,352.87,-2.28,,1310.64,1411,False,0
2394,a55b7a,SWA2409,United States,1790931155.0,1790931155,-122.3101,47.4453,,True,12.35,151.88,,,,1061,False,0
2395,4ba8cf,TKJ15W,Turkey,1790931237.0,1790931237,28.9207,40.4329,3329.94,False,158.33,313.03,-4.55,,3505.2,,False,0
2396,a4f2ee,QFA7521,United States,1790931237.0,1790931237,149.8524,-32.809,10972.8,False,224.51,327.73,0.0,,11353.8,1436,False,0
2397,7c0831,BWJ,Australia,1790931237.0,1790931237,150.9558,-33.9249,228.6,False,46.07,299.43,-1.95,,320.04,3000,False,0
2398,4b8e46,PGT84R,Turkey,1790931237.0,1790931237,29.0023,40.7655,1104.9,False,102.84,62.92,-3.25,,1249.68,,False,0
2399,781717,CSH896,China,1790931237.0,1790931237,136.432,35.1296,9136.38,False,220.8,257.49,0.0,,9662.16,6103,False,0
2400,86dd08,JAL89,Japan,1790931237.0,1790931237,139.0506,35.4927,7597.14,False,195.27,266.83,9.75,,8016.24,7076,False,0
2401,a07dc8,UAL90,United States,1790931237.0,1790931237,-1.5043,49.2154,11277.6,False,265.85,101.72,-0.33,,11620.5,5252,False,0
2402,4ba8f9,TKJ2NR,Turkey,1790931230.0,1790931236,31.793,40.0088,9944.1,False,228.41,291.54,-11.38,,10157.46,,False,0
2403,4ba8f5,TKJ25A,Turkey,1790931235.0,1790931235,28.8588,40.5781,1638.3,False,120.97,349.22,-2.93,,1783.08,,False,0
2404,4aab04,SEJXD,Sweden,1790931231.0,1790931231,13.8482,59.7518,1257.3,False,78.74,38.37,0.33,,1409.7,,False,0
2405,8511ca,JAL262,Japan,1790931234.0,1790931234,139.7842,35.5446,,True,3.86,67.5,,,,4656,False,0
2406,406d8e,EZY65XP,United Kingdom,1790931237.0,1790931237,-2.0588,53.2819,2232.66,False,139.14,10.44,-6.5,,2430.78,6272,False,0
2407,4aab15,DFL5980,Sweden,1790931236.0,1790931237,18.0599,59.3131,83.82,False,45.81,327.38,2.28,,259.08,5751,False,0
2408,3d5ea4,DFICA,Germany,1790931236.0,1790931236,25.8542,44.3662,1341.12,False,53.71,196.7,6.5,,1554.48,,False,0
2409,406d92,EZY46RQ,United Kingdom,1790931232.0,1790931232,17.5416,42.212,11277.6,False,241.21,131.71,0.0,,11666.22,2721,False,0
2410,4ba8d5,THY3032,Turkey,1790931237.0,1790931237,32.7768,37.2475,9509.76,False,245.19,77.89,7.15,,9745.98,1017,False,0
2411,406d95,EZY85VK,United Kingdom,1790931237.0,1790931237,-3.9192,45.1727,11277.6,False,224.67,183.28,0.0,,11704.32,0551,False,0
2412,407fc7,EZY79QD,United Kingdom,1790931237.0,1790931237,-10.3878,38.5199,11277.6,False,226.94,198.64,-0.33,,11803.38,0522,False,0
2413,407fc5,GCMOC,United Kingdom,1790931237.0,1790931237,-3.3862,56.4523,335.28,False,48.22,39.81,-0.33,,449.58,,False,0
2414,ac50fa,FDX5991,United States,1790930960.0,1790930960,113.9149,22.3034,,True,4.12,239.06,,,,,False,0
2415,48c595,SPSMZ,Poland,1790931237.0,1790931237,16.691,52.907,335.28,False,57.44,173.83,0.33,,525.78,,False,0
2416,407fa0,FLJ64G,United Kingdom,1790931237.0,1790931237,0.1359,49.364,12496.8,False,234.76,162.0,0.0,,12832.08,1161,False,0
2417,a03765,AAL276,United States,1790931237.0,1790931237,-78.3321,41.9893,11277.6,False,266.0,108.96,0.33,,11833.86,3345,False,0
2418,a07dcd,UAL973,United States,1790931237.0,1790931237,4.4993,50.9107,,True,3.6,22.5,,,,,False,0
2419,a01112,AAL10,United States,1790931236.0,1790931237,-76.549,41.4739,11277.6,False,263.47,106.91,0.0,,11864.34,7217,False,0
2420,c07712,CJT1571,Canada,1790931237.0,1790931237,-106.2053,51.1219,12192.0,False,196.95,280.84,0.0,,12291.06,,False,0
2421,486257,KLM35H,Kingdom of the Netherlands,1790931236.0,1790931237,1.5914,44.9295,7284.72,False,216.86,169.89,-9.1,,7673.34,1000,False,0
2422,a0cdff,N151B,United States,1790930911.0,1790930930,-14.2786,51.5614,13106.4,False,244.39,262.5,0.33,,13258.8,0620,False,0
2423,39bdac,AFR1858,France,1790931237.0,1790931237,-4.9199,36.6675,10668.0,False,225.52,177.65,0.0,,11178.54,7621,False,0
2424,39bdae,AFR32KD,France,1790931236.0,1790931236,2.9978,48.8552,4808.22,False,169.91,311.07,-4.23,,5097.78,1000,False,0
2425,39bdaf,AFR79CJ,France,1790931237.0,1790931237,2.3236,48.9795,899.16,False,85.15,85.5,-4.88,,1112.52,1000,False,0
2426,8991d7,SJX315,Taiwan,1790931236.0,1790931236,135.0879,34.1053,10972.8,False,205.21,237.39,0.0,,11635.74,3655,False,0
2427,ad2f18,FDX1442,United States,1790931237.0,1790931237,-88.0456,36.2651,11155.68,False,260.59,49.64,7.48,,11833.86,5626,False,0
2428,8991d9,SJX331,Taiwan,1790931236.0,1790931236,118.2684,22.7925,9753.6,False,241.59,237.26,0.0,,10439.4,,False,0
2429,8991d6,SJX703,Taiwan,1790931236.0,1790931236,119.6185,23.5964,10340.34,False,244.58,226.88,4.23,,11064.24,,False,0
2430,a26454,HBAL815,United States,1790931237.0,1790931237,-99.4136,34.6669,20482.56,False,3.75,74.05,0.0,,21442.68,,False,0
2431,a1314e,AAL2931,United States,1790931237.0,1790931237,-116.8586,34.0482,6484.62,False,202.99,263.45,-9.75,,6850.38,,False,0
2432,3e1215,CHX77,Germany,1790931237.0,1790931237,11.3124,48.1611,541.02,False,69.53,114.48,0.0,,754.38,0020,False,0
2433,3e1210,CHX66,Germany,1790931167.0,1790931169,8.2112,49.6615,30.48,False,8.98,256.76,-2.28,,243.84,0020,False,0
2434,39bda1,AFR32MT,France,1790931237.0,1790931237,6.1337,48.2826,10858.5,False,234.07,112.62,3.58,,11254.74,1000,False,0
2435,39bda2,AFR57FH,France,1790931237.0,1790931237,-1.4394,53.4922,11582.4,False,221.1,328.9,0.0,,11780.52,0657,False,0
2436,a0cdf3,AAL2330,United States,1790931237.0,1790931237,-97.8084,38.4405,10668.0,False,247.17,92.51,0.33,,11148.06,,False,0
2437,39bda8,AFR78HN,France,1790931236.0,1790931237,2.6844,48.4221,6477.0,False,182.69,198.38,8.13,,6819.9,1000,False,0
2438,488895,AMQ3Z,Poland,1790931237.0,1790931237,12.4461,48.5711,1691.64,False,152.82,218.03,-10.4,,1889.76,1000,False,0
2439,4ca2c0,RYR38HN,Ireland,1790931237.0,1790931237,16.3969,39.0843,4404.36,False,179.75,126.74,-10.4,,4686.3,1000,False,0
2440,4407c3,OEDES,Austria,1790931237.0,1790931237,8.2053,47.2966,4572.0,False,89.0,233.46,0.0,,4876.8,7523,False,0
2441,a0cde9,N151AC,United States,1790931236.0,1790931236,-91.3148,41.871,472.44,False,44.99,38.97,1.3,,502.92,,False,0
2442,a19df5,N203JE,United States,1790931237.0,1790931237,-8.4036,42.0662,4244.34,False,189.11,183.27,-4.88,,4526.28,1000,False,0
2443,39bdb2,AFR13SC,France,1790931132.0,1790931132,-2.275,53.3603,,True,0.0,95.62,,,,0657,False,0
2444,8991b6,CAL527,Taiwan,1790931237.0,1790931237,114.2345,22.9658,3177.54,False,131.86,286.31,0.0,,3482.34,2647,False,0
2445,39bdb5,AFR74UP,France,1790931194.0,1790931194,2.531,49.025,-45.72,False,69.17,85.31,-3.58,,198.12,1000,False,0
2446,4ca2cb,EIN66V,Ireland,1790931236.0,1790931237,16.5554,48.1206,,True,2.06,19.69,,,,3434,False,0
2447,48b206,IGA416,Poland,1790931237.0,1790931237,26.46,36.7982,11582.4,False,234.07,336.42,0.0,,11772.9,6444,False,0
2448,4ca2ca,EIN67T,Ireland,1790931237.0,1790931237,14.5671,50.0934,10668.0,False,227.79,125.16,0.0,,11087.1,1000,False,0
2449,39bdb7,AFR98LR,France,1790931237.0,1790931237,3.7378,48.5323,6126.48,False,200.07,315.21,-8.78,,6469.38,1000,False,0
2450,39bdb8,AFR32GL,France,1790931237.0,1790931237,14.4155,47.2198,11277.6,False,218.54,99.48,0.0,,11711.94,1000,False,0
2451,a56ddc,UPS846,United States,1790931236.0,1790931237,-99.2886,42.0164,11582.4,False,215.63,268.5,0.0,,12039.6,,False,0
2452,4ca2d5,RYR217V,Ireland,1790931237.0,1790931237,1.7963,47.777,10363.2,False,226.28,195.43,8.13,,10744.2,7644,False,0
2453,39bdb0,AFR74UC,France,1790931237.0,1790931237,4.8934,59.4944,5753.1,False,211.83,3.48,-8.78,,5928.36,7562,False,0
2454,39bdb1,AFR1284,France,1790931237.0,1790931237,2.6224,46.7839,10668.0,False,218.38,169.96,0.0,,11071.86,7631,False,0
2455,8991af,CAL910,Taiwan,1790931106.0,1790931111,121.2395,25.0805,,True,0.0,320.62,,,,,False,0
2456,4407b3,OEXYO,Austria,1790931236.0,1790931236,14.1763,48.2392,434.34,False,35.21,78.2,3.9,,640.08,7000,False,0
2457,8991b9,CAL116,Taiwan,1790931201.0,1790931201,121.2221,25.0738,,True,3.34,227.81,,,,,False,0
2458,49d1cd,CXI3CA,Czech Republic,1790931236.0,1790931236,27.4329,36.494,5097.78,False,194.76,273.18,12.03,,5234.94,,False,0
2459,4ca2bf,RYR7377,Ireland,1790931236.0,1790931236,17.3622,59.3483,4000.5,False,186.23,221.53,14.63,,4229.1,1000,False,0
2460,ad1c18,TAI521,United States,1790931236.0,1790931236,-115.2596,32.2778,9319.26,False,259.37,118.04,1.63,,9867.9,,False,0
2461,7802fb,CUA5985,China,1790930959.0,1790930959,116.8662,39.247,2804.16,False,144.21,171.18,14.31,,2887.98,,False,0
2462,449261,OODSA,Belgium,1790931236.0,1790931236,4.2953,50.1036,579.12,False,61.84,188.13,-0.33,,731.52,2000,False,0
2463,3b7563,CTM1081,France,1790931237.0,1790931237,28.6543,35.3538,12496.8,False,246.67,136.01,0.33,,12763.5,0206,False,0
2464,406d77,BAW33,United Kingdom,1790931237.0,1790931237,101.7222,3.4014,6065.52,False,186.33,126.81,-8.78,,6477.0,,False,0
2465,405a47,EFW9RZ,United Kingdom,1790931236.0,1790931236,8.4092,44.3497,11269.98,False,235.89,140.93,0.0,,11727.18,2731,False,0
2466,405a49,BAW474K,United Kingdom,1790931237.0,1790931237,2.0212,42.6611,9342.12,False,214.11,181.79,-7.8,,9822.18,7505,False,0
2467,3b7569,FAF4140,France,1790931236.0,1790931237,0.5034,45.2021,10363.2,False,233.18,315.45,0.0,,10797.54,1000,False,0
2468,47a50d,NSZ4505,Norway,1790931236.0,1790931236,15.0266,56.5287,11277.6,False,221.15,197.04,0.0,,11635.74,1000,False,0
2469,7cf3cb,,Australia,1790931110.0,1790931110,151.1713,-33.9453,,True,6.43,25.31,,,,,False,0
2470,c1e5e0,,Canada,1790931234.0,1790931234,-73.7465,45.4594,,True,5.66,118.12,,,,,False,0
2471,3e1204,DHYAE,Germany,1790931228.0,1790931234,7.163,50.767,,True,0.0,208.12,,,,,False,0
2472,39bdca,FHPOK,France,1790931223.0,1790931228,0.1472,44.4772,419.1,False,55.28,104.55,-2.6,,601.98,,False,0
2473,406d4e,CFE48D,United Kingdom,1790931121.0,1790931121,0.0489,51.5043,,True,0.32,267.19,,,,7730,False,0
2474,38e11c,FJDBZ,France,1790931233.0,1790931234,3.6348,48.708,1516.38,False,62.5,110.22,,,,3452,False,0
2475,47a518,NOZ4BJ,Norway,1790931237.0,1790931237,18.2478,53.6718,10668.0,False,233.09,157.96,0.0,,11041.38,6022,False,0
2476,ad83a6,SNC380,United States,1790931236.0,1790931236,-65.5904,18.4213,1493.52,False,84.6,104.8,0.0,,1531.62,,False,0
2477,85120e,JAL239,Japan,1790931236.0,1790931236,139.8513,35.4583,3139.44,False,145.0,274.48,13.66,,3276.6,4665,False,0
2478,4ba959,THY6,Turkey,1790931237.0,1790931237,-4.3947,49.5955,10058.4,False,271.59,97.84,0.0,,10378.44,2240,False,0
2479,4ba954,THY2,Turkey,1790931237.0,1790931237,22.8954,43.1963,10668.0,False,236.98,117.12,0.0,,10949.94,5231,False,0
2480,4ba953,THY8LV,Turkey,1790931236.0,1790931236,0.2032,53.0753,10058.4,False,268.81,107.26,0.0,,10302.24,2212,False,0
2481,4ba950,THY2YR,Turkey,1790931236.0,1790931236,28.7283,40.849,822.96,False,111.6,325.14,0.0,,967.74,5604,False,0
2482,4ba94c,THY198,Turkey,1790931236.0,1790931237,135.427,35.1488,11277.6,False,279.14,111.74,0.0,,11902.44,,False,0
2483,4ba94a,THY8XS,Turkey,1790931236.0,1790931236,30.8055,36.8806,,True,3.34,112.5,,,,,False,0
2484,851230,JAL131,Japan,1790931209.0,1790931209,139.7997,35.5371,,True,4.89,64.69,,,,,False,0
2485,4b3306,RGA04,Switzerland,1790931236.0,1790931236,6.8435,46.8919,510.54,False,68.95,215.59,0.65,,708.66,,False,0
2486,440890,TYW757,Austria,1790931237.0,1790931237,28.6298,35.176,12496.8,False,232.16,136.44,-0.33,,12778.74,7112,False,0
2487,008de8,SFR389,South Africa,1790931106.0,1790931106,28.2603,-26.1253,1615.44,False,83.61,194.98,-5.53,,1798.32,,False,0
2488,008de5,SFR702,South Africa,1790931233.0,1790931236,20.2147,-32.6456,10972.8,False,214.56,228.01,0.0,,11460.48,,False,0
2489,4ba95a,THY84,Turkey,1790931237.0,1790931237,113.6054,22.4983,11003.28,False,251.85,119.76,0.0,,11757.66,,False,0
2490,c829ab,ANZ628,New Zealand,1790931237.0,1790931237,174.4644,-39.043,10668.0,False,241.44,13.68,0.0,,10980.42,5510,False,0
2491,7cf494,BRAVO,Australia,1790931103.0,1790931232,151.1683,-33.9304,,True,5.92,348.75,,,,,False,0
2492,38e03b,FHGDE,France,1790930928.0,1790930928,6.5099,51.2277,-99.06,False,38.81,308.54,-2.93,,114.3,7000,False,0
2493,e485cd,GLO1681,Brazil,1790931236.0,1790931237,-45.4965,-20.6352,11582.4,False,190.83,282.61,0.0,,12245.34,,False,0
2494,503eaa,GJT9NV,Lithuania,1790928351.0,1790931235,29.148,42.1509,10972.8,False,227.27,338.49,0.0,,11155.68,5356,False,0
2495,a2b47f,UAL1959,United States,1790931237.0,1790931237,-142.0603,59.2796,10058.4,False,256.19,122.29,0.0,,9799.32,4102,False,0
2496,008deb,SFR313,South Africa,1790931167.0,1790931185,27.8795,-25.9779,1524.0,False,81.91,47.29,-3.9,,1691.64,,False,0
2497,7cf480,,Australia,1790931208.0,1790931209,151.1788,-33.931,,True,1.29,42.19,,,,,False,0
2498,a7fdf2,DAL547,United States,1790931237.0,1790931237,-96.7135,31.7678,10675.62,False,236.69,110.48,0.0,,11330.94,2064,False,0
2499,8990e8,CAL131,Taiwan,1790930938.0,1790930939,131.0095,32.2829,9761.22,False,217.04,211.43,0.0,,10386.06,,False,0
2500,8990e7,EVA190,Taiwan,1790931048.0,1790931048,121.9559,25.2097,3886.2,False,156.08,65.46,10.4,,4023.36,,False,0
2501,8990e3,EVA051,Taiwan,1790931237.0,1790931237,-110.8302,37.2941,9144.0,False,256.89,289.05,0.0,,9669.78,,False,0
2502,8990e0,EVA392,Taiwan,1790931236.0,1790931236,118.0123,22.0526,11277.6,False,242.16,28.42,0.0,,12054.84,,False,0
2503,8990df,EVA005,Taiwan,1790931237.0,1790931237,121.2904,25.1103,2621.28,False,152.66,265.94,-6.83,,2811.78,,False,0
2504,503ef3,AS70,Lithuania,1790931237.0,1790931237,25.2813,54.6447,,True,4.63,180.0,,,,,False,0
2505,8990da,EVA218,Taiwan,1790931237.0,1790931237,120.6084,21.5863,10668.0,False,257.16,346.46,0.0,,11414.76,,False,0
2506,8990dc,EVA027,Taiwan,1790931236.0,1790931237,-124.4811,37.7803,8397.24,False,230.32,273.2,8.78,,8831.58,3314,False,0
2507,acb470,AAL3282,United States,1790931237.0,1790931237,-89.3758,30.8669,10668.0,False,241.75,121.42,0.0,,11323.32,6046,False,0
2508,ad846f,JBU2120,United States,1790931237.0,1790931237,-72.5952,42.6801,7322.82,False,232.92,99.15,-9.43,,7665.72,1073,False,0
2509,a143c6,SWA4735,United States,1790931237.0,1790931237,-102.3706,35.8103,11582.4,False,221.17,263.32,0.0,,12169.14,1566,False,0
2510,44083c,EJU34MQ,Austria,1790931237.0,1790931237,-5.994,41.0793,11582.4,False,219.35,24.82,-0.33,,12054.84,2257,False,0
2511,44083b,EJU4940,Austria,1790931236.0,1790931237,6.1293,46.7569,10363.2,False,229.24,306.97,0.0,,10812.78,1000,False,0
2512,8990ed,CAL031,Taiwan,1790931141.0,1790931141,-123.1817,49.2001,,True,0.64,281.25,,,,,False,0
2513,8990ec,CAL021,Taiwan,1790931118.0,1790931191,-125.9666,48.1866,9951.72,False,220.66,276.69,8.45,,10172.7,6620,False,0
2514,a276d3,WGN313,United States,1790931237.0,1790931237,-89.3956,42.6081,5562.6,False,215.83,112.71,-8.13,,5745.48,5777,False,0
2515,8990c8,SJX235,Taiwan,1790931237.0,1790931237,121.2403,25.0809,,True,0.64,317.81,,,,,False,0
2516,8990c7,EVA384,Taiwan,1790931235.0,1790931235,121.2433,25.079,,True,5.14,230.62,,,,,False,0
2517,8990c6,DA7012,Taiwan,1790931205.0,1790931205,120.3468,22.5733,,True,0.0,95.62,,,,,False,0
2518,7803c5,CDG7976,China,1790930958.0,1790930958,117.0869,39.1139,9441.18,False,261.69,105.16,-5.53,,9745.98,,False,0
2519,8990bb,SJX902,Taiwan,1790931188.0,1790931221,128.9529,35.056,525.78,False,78.68,353.62,-3.58,,906.78,3103,False,0
2520,8990be,SJX312,Taiwan,1790931236.0,1790931236,121.5541,24.9894,8633.46,False,213.55,80.15,5.53,,9243.06,,False,0
2521,8990d9,EVA015,Taiwan,1790931237.0,1790931237,-122.308,35.8054,9144.0,False,251.27,303.14,0.0,,9654.54,7203,False,0
2522,8990d5,EVA212,Taiwan,1790931237.0,1790931237,118.5362,21.4106,10058.4,False,245.3,76.17,0.0,,10782.3,,False,0
2523,503eea,MEISTRA2,Lithuania,1790931237.0,1790931237,25.2844,54.6355,,True,3.6,39.38,,,,,False,0
2524,7c19d2,FD447,Australia,1790931218.0,1790931218,153.1287,-27.3781,,True,8.75,208.12,,,,,False,0
2525,8990d0,EVA722,Taiwan,1790931236.0,1790931236,121.2832,25.36,2758.44,False,180.07,0.82,15.93,,2956.56,,False,0
2526,a87428,ASA205,United States,1790931237.0,1790931237,-145.8363,60.1748,11582.4,False,216.41,294.43,0.33,,11308.08,3537,False,0
2527,4ca302,RYR96FB,Ireland,1790931236.0,1790931236,10.7411,40.7676,11269.98,False,229.91,261.51,0.0,,11742.42,,False,0
2528,4ca301,RYR249H,Ireland,1790931237.0,1790931237,4.4675,45.9849,10370.82,False,227.41,349.05,0.0,,10797.54,1000,False,0
2529,4ca303,RYR14XK,Ireland,1790931236.0,1790931236,1.3582,44.4257,11277.6,False,234.3,140.61,0.33,,11711.94,5212,False,0
2530,aa7f48,UAL1385,United States,1790931236.0,1790931236,-113.0878,34.6304,10972.8,False,223.57,261.66,0.0,,11574.78,3630,False,0
2531,780459,,China,1790931230.0,1790931230,117.7124,23.9234,7802.88,False,217.61,212.94,0.0,,8328.66,,False,0
2532,3ebd41,GAF637,Germany,1790931237.0,1790931237,10.388,60.357,13098.78,False,263.33,3.36,-0.33,,13388.34,3743,False,0
2533,407ece,NJU642T,United Kingdom,1790931236.0,1790931236,6.5058,47.3855,9806.94,False,234.35,263.95,7.15,,10241.28,1000,False,0
2534,a513b9,UPS996,United States,1790931237.0,1790931237,-116.0647,43.5221,11582.4,False,221.08,288.31,0.0,,12054.84,6754,False,0
2535,a5ac14,ASA2613,United States,1790931237.0,1790931237,-94.744,34.0328,10599.42,False,224.59,249.9,-5.2,,11254.74,1725,False,0
2536,0d08e6,VIV187,Mexico,1790931237.0,1790931237,-93.2834,27.9298,11582.4,False,244.73,204.46,0.0,,12321.54,1313,False,0
2537,7cf40d,,Australia,1790931142.0,1790931142,115.9775,-31.9411,,True,11.83,132.19,,,,,False,0
2538,a899a2,UAL135,United States,1790931237.0,1790931237,9.4339,47.6031,5311.14,False,216.36,10.13,12.68,,5608.32,3020,False,0
2539,780476,CSZ9804,China,1790931144.0,1790931218,113.5158,22.7249,1219.2,False,104.47,19.86,-3.25,,1272.54,,False,0
2540,0d08f3,VIV5018,Mexico,1790931027.0,1790931027,-113.4411,30.2461,10668.0,False,256.33,127.74,0.0,,11330.94,,False,0
2541,44082c,AUA12ST,Austria,1790931237.0,1790931237,10.0454,47.389,10363.2,False,232.57,91.14,0.0,,10782.3,1000,False,0
2542,0d08eb,VOI1703,Mexico,1790931237.0,1790931237,-89.3742,37.5605,10363.2,False,213.89,191.09,-0.33,,10942.32,0116,False,0
2543,780487,CSN8323,China,1790931236.0,1790931236,100.9814,13.9625,2034.54,False,111.64,269.47,-6.83,,2118.36,,False,0
2544,c00e17,ACA1177,Canada,1790931236.0,1790931237,-65.237,46.1085,9753.6,False,210.46,268.74,0.0,,10187.94,,False,0
2545,440825,AUA52HS,Austria,1790931236.0,1790931236,10.6821,45.9432,8610.6,False,211.93,59.51,6.83,,9060.18,1000,False,0
2546,440824,AUA707X,Austria,1790931212.0,1790931234,16.5733,48.1184,,True,0.0,343.12,,,,,False,0
2547,440820,AUA152R,Austria,1790931237.0,1790931237,16.3621,48.1784,807.72,False,103.07,116.05,-5.85,,1013.46,1000,False,0
2548,47a3b0,NOZ302,Norway,1790931151.0,1790931151,11.1032,60.1993,,True,7.72,106.88,,,,,False,0
2549,44081e,AUA353F,Austria,1790931236.0,1790931236,13.9445,47.2668,10363.2,False,216.38,248.38,0.33,,10782.3,1000,False,0
2550,44081d,AUA28L,Austria,1790931236.0,1790931236,14.4214,50.1562,10058.4,False,228.96,132.91,0.0,,10454.64,1000,False,0
2551,a56f93,SNC491,United States,1790931237.0,1790931237,-65.6332,18.3734,1805.94,False,103.69,293.39,-0.98,,1866.9,,False,0
2552,780492,CCA433,China,1790931237.0,1790931237,140.3811,35.8006,,True,7.72,309.38,,,,3671,False,0
2553,48e9f4,RYR400P,Poland,1790931237.0,1790931237,18.8244,49.2131,8999.22,False,233.97,226.34,7.15,,9395.46,1000,False,0
2554,0d08fd,VOI7791,Mexico,1790931237.0,1790931237,-114.0853,30.7113,11277.6,False,249.42,127.63,0.0,,11978.64,3253,False,0
2555,48e9f1,RYR4DB,Poland,1790931236.0,1790931236,-2.2668,53.358,,True,5.66,168.75,,,,,False,0
2556,48e9f0,RYR1CC,Poland,1790931237.0,1790931237,14.175,45.4413,11887.2,False,234.9,206.68,0.0,,12321.54,1000,False,0
2557,45ac4f,SAS86N,Denmark,1790931237.0,1790931237,11.748,45.3612,10378.44,False,234.35,186.05,-4.88,,10835.64,0753,False,0
2558,40123f,BAW88LP,United Kingdom,1790931236.0,1790931237,9.6408,52.5872,1897.38,False,146.87,103.16,-13.0,,2141.22,3413,False,0
2559,84059f,JA01HR,Japan,1790931237.0,1790931237,140.6975,41.8899,640.08,False,45.66,326.49,2.6,,670.56,,False,0
2560,c1e678,STF29,Canada,1790931107.0,1790931107,-123.1924,49.2014,,True,6.17,222.19,,,,,False,0
2561,45ac52,SAS1674,Denmark,1790931237.0,1790931237,13.2081,53.0474,7520.94,False,223.29,3.96,6.18,,7871.46,3753,False,0
2562,45ac54,SAS52R,Denmark,1790931237.0,1790931237,18.0671,53.7351,10965.18,False,214.11,307.09,0.0,,11338.56,6510,False,0
2563,4b8e05,PGT357X,Turkey,1790931237.0,1790931237,3.4538,52.0984,10668.0,False,250.32,106.72,-0.33,,10957.56,3455,False,0
2564,7cf468,,Australia,1790931164.0,1790931164,151.1684,-33.9306,,True,9.77,168.75,,,,,False,0
2565,4b8e04,PGT619,Turkey,1790931235.0,1790931237,29.1583,40.8315,723.9,False,80.07,64.09,-4.55,,861.06,7361,False,0
2566,4b8e03,PGT19T,Turkey,1790931237.0,1790931237,18.5925,51.8125,10972.8,False,214.33,327.15,0.0,,11369.04,3235,False,0
2567,4899ec,SPGPM,Poland,1790931237.0,1790931237,16.842,51.1159,83.82,False,57.06,115.64,-2.93,,274.32,,False,0
2568,401240,EFW76D,United Kingdom,1790931237.0,1790931237,13.0005,47.4911,10668.0,False,236.05,126.05,-0.33,,11102.34,4770,False,0
2569,78049e,CHH7668,China,1790930958.0,1790930958,119.4418,41.4315,10393.68,False,194.49,253.24,0.0,,10599.42,,False,0
2570,7cf451,,Australia,1790930984.0,1790930984,151.1913,-33.9717,,True,6.94,165.94,,,,,False,0
2571,abdaa4,GTI8911,United States,1790931236.0,1790931237,-101.6221,34.471,9753.6,False,252.77,293.38,0.0,,10256.52,,False,0
2572,76e9a7,R88,Singapore,1790931173.0,1790931173,104.0049,1.3605,,True,3.09,289.69,,,,,False,0
2573,aba765,AAL87,United States,1790931237.0,1790931237,-0.4527,51.4751,,True,5.92,87.19,,,,7663,False,0
2574,407eec,EZY79TZ,United Kingdom,1790931236.0,1790931237,-4.1431,46.987,11277.6,False,218.19,203.48,0.0,,11666.22,2174,False,0
2575,406bbb,BAW628,United Kingdom,1790931237.0,1790931237,7.2862,49.516,10668.0,False,242.8,121.13,0.0,,11087.1,7305,False,0
2576,c0506b,ROU2068,Canada,1790931236.0,1790931236,-72.1032,47.0006,3855.72,False,199.64,131.87,-10.08,,3886.2,,False,0
2577,a9f760,N741MM,United States,1790931236.0,1790931236,-120.7454,45.9054,10187.94,False,181.74,257.58,-8.13,,10530.84,2641,False,0
2578,396e7c,FJHLB,France,1790931237.0,1790931237,5.0871,44.0998,990.6,False,73.1,357.98,-0.33,,1165.86,7052,False,0
2579,45ac50,SAS69B,Denmark,1790931237.0,1790931237,14.8546,53.4288,11590.02,False,227.38,314.17,-0.33,,11963.4,3761,False,0
2580,ac5121,N893GT,United States,1790931237.0,1790931237,-112.0421,33.479,396.24,False,0.0,0.0,0.0,,365.76,,False,0
2581,48e9b9,ENT4806,Poland,1790931237.0,1790931237,23.6268,42.3755,10972.8,False,212.49,349.4,0.0,,11239.5,2376,False,0
2582,4b8e0b,PGT93MQ,Turkey,1790931237.0,1790931237,25.0207,42.5767,11277.6,False,213.24,121.08,0.0,,11506.2,7643,False,0
2583,3c81ae,SN1,Germany,1790931237.0,1790931237,12.2146,51.4122,,True,12.86,264.38,,,,,False,0
2584,c1e65b,OPS25,Canada,1790931233.0,1790931236,-123.1808,49.1959,,True,5.92,222.19,,,,,False,0
2585,e4999e,TAM3453,Brazil,1790931236.0,1790931236,-47.685,-25.4205,11887.2,False,219.17,31.56,0.0,,12435.84,0423,False,0
2586,e4999f,TAM3837,Brazil,1790931236.0,1790931236,-47.3598,-23.052,6850.38,False,209.85,117.44,-6.83,,7208.52,,False,0
2587,4b44a4,MARTIN3,Switzerland,1790931074.0,1790931079,13.9467,47.9229,678.18,False,48.73,190.95,-1.63,,883.92,7000,False,0
2588,a7ff6a,UPS32,United States,1790931237.0,1790931237,-92.2594,39.0071,10363.2,False,224.98,278.95,0.0,,10866.12,6630,False,0
2589,a79c67,N59PV,United States,1790931237.0,1790931237,4.8682,48.3598,9144.0,False,154.67,316.75,0.65,,9517.38,2771,False,0
2590,780504,CES583,China,1790931237.0,1790931237,138.6396,34.3632,9448.8,False,294.6,66.21,0.0,,10027.92,4432,False,0
2591,c0656f,WJA18,Canada,1790931236.0,1790931236,-10.8285,54.71,11887.2,False,265.58,120.24,-0.33,,11963.4,,False,0
2592,c1e887,BUS294,Canada,1790931230.0,1790931230,-79.6242,43.684,,True,5.14,320.62,,,,,False,0
2593,49d18d,OKDST,Czech Republic,1790931237.0,1790931237,15.8774,50.2165,426.72,False,58.85,143.53,-0.65,,617.22,,False,0
2594,a2a0ee,FDX1705,United States,1790931237.0,1790931237,-87.934,39.5346,9151.62,False,223.01,274.76,3.58,,9624.06,,False,0
2595,341207,XTX152,Spain,1790931237.0,1790931237,-3.9682,37.2395,7795.26,False,163.51,17.58,7.8,,8237.22,5046,False,0
2596,4aaa19,,Sweden,1790931237.0,1790931237,17.4867,60.1305,205.74,False,57.27,162.22,-1.3,,388.62,,False,0
2597,71c225,JNA254,Republic of Korea,1790931168.0,1790931168,135.2079,34.4275,,True,2.57,250.31,,,,,False,0
2598,781849,CSC3931,China,1790931237.0,1790931237,102.0375,19.6518,9753.6,False,239.69,195.95,0.0,,,,False,0
2599,780513,CUH2508,China,1790930958.0,1790930958,117.0797,39.1635,1440.18,False,94.13,40.57,-5.53,,1531.62,,False,0
2600,71c255,ASV714,Republic of Korea,1790931237.0,1790931237,127.6234,37.029,4709.16,False,177.68,304.98,-10.08,,4914.9,6137,False,0
2601,71c258,AAR133,Republic of Korea,1790931236.0,1790931236,128.2257,36.2296,9144.0,False,198.16,329.24,0.0,,9563.1,7044,False,0
2602,71c252,KAL251,Republic of Korea,1790931237.0,1790931237,-76.2885,35.376,11277.6,False,236.43,17.21,0.0,,11948.16,,False,0
2603,39ac88,FHLEI,France,1790930979.0,1790930979,4.1641,49.2316,266.7,False,31.78,60.95,0.33,,495.3,,False,0
2604,a8e9fc,GTX323,United States,1790931236.0,1790931237,-74.3008,39.9579,1767.84,False,80.87,216.72,0.0,,1805.94,2772,False,0
2605,3fee7c,HSBON,Germany,1790931237.0,1790931237,99.9277,12.9191,502.92,False,40.6,157.66,0.0,,441.96,,False,0
2606,50808f,CVK7114,Ukraine,1790931237.0,1790931237,13.2405,46.8298,6111.24,False,154.4,74.34,-0.33,,6461.76,1000,False,0
2607,780524,CCA763,China,1790931236.0,1790931236,113.9311,22.3159,,True,3.6,255.94,,,,,False,0
2608,71c245,JNA347,Republic of Korea,1790931202.0,1790931206,136.8261,34.7721,396.24,False,83.24,349.32,-4.88,,975.36,4315,False,0
2609,71c246,JNA236,Republic of Korea,1790931236.0,1790931236,126.9007,37.3148,2125.98,False,141.09,250.18,-3.25,,2247.9,3143,False,0
2610,71c247,JNA382,Republic of Korea,1790931236.0,1790931236,127.6537,37.53,4671.06,False,165.18,271.25,-5.2,,4853.94,7052,False,0
2611,71c248,KAL1405,Republic of Korea,1790931237.0,1790931237,127.0275,37.13,6400.8,False,229.25,138.55,0.0,,6652.26,7246,False,0
2612,71c242,JNA312,Republic of Korea,1790931237.0,1790931237,140.6505,41.6874,10972.8,False,180.21,213.83,-0.33,,11148.06,,False,0
2613,503e44,CFG6DW,Lithuania,1790931232.0,1790931233,-12.4092,34.7033,10668.0,False,227.09,216.25,0.0,,11224.26,,False,0
2614,7cf636,,Australia,1790931233.0,1790931237,115.9578,-31.9275,,True,0.0,225.0,,,,,False,0
2615,c05215,CGFCE,Canada,1790931237.0,1790931237,1.5458,50.6768,1188.72,False,78.5,331.42,0.33,,1417.32,,False,0
2616,7cf630,,Australia,1790931089.0,1790931089,115.9731,-31.9285,,True,7.46,42.19,,,,,False,0
2617,744832,RJA165,Jordan,1790931235.0,1790931235,30.3105,39.1736,10317.48,False,238.35,333.32,-2.6,,10530.84,1232,False,0
2618,a3d3f6,DAL2635,United States,1790931228.0,1790931229,-122.3818,37.6149,,True,0.0,292.5,,,,4724,False,0
2619,0d0993,VOI3040,Mexico,1790931237.0,1790931237,-111.8714,29.2734,10668.0,False,251.24,129.1,0.0,,11330.94,,False,0
2620,74482f,RJA151,Jordan,1790931236.0,1790931237,29.5258,35.9824,10355.58,False,231.53,320.05,0.0,,10591.8,5607,False,0
2621,040261,ETH672,Ethiopia,1790931237.0,1790931237,126.3867,37.5428,1188.72,False,119.87,327.26,13.66,,1295.4,4313,False,0
2622,c05218,ROU1907,Canada,1790931237.0,1790931237,-70.1638,46.2232,8549.64,False,217.19,252.21,0.0,,8854.44,3661,False,0
2623,74482d,RJA109,Jordan,1790931236.0,1790931236,31.2504,33.2635,10355.58,False,206.03,294.65,0.0,,10690.86,5614,False,0
2624,74483a,RJA082,Jordan,1790931236.0,1790931237,51.2215,26.4757,10355.58,False,221.61,289.53,-0.33,,10980.42,6224,False,0
2625,48506b,TFL361,Kingdom of the Netherlands,1790931189.0,1790931189,4.7763,52.3041,,True,2.06,219.38,,,,,False,0
2626,4408df,AUA246,Austria,1790931237.0,1790931237,16.546,48.1187,22.86,False,49.7,115.77,0.0,,228.6,6434,False,0
2627,503e1d,LYTZT,Lithuania,1790931236.0,1790931236,25.2453,55.4108,1135.38,False,42.97,328.21,,,1371.6,7000,False,0
2628,0d099a,VIV771,Mexico,1790931174.0,1790931174,-77.0014,6.5061,10363.2,False,237.09,308.83,-0.33,,11109.96,,False,0
2629,503e61,CAI3GV,Lithuania,1790931237.0,1790931237,30.8075,36.8829,,True,24.18,5.62,,,,,False,0
2630,0c605d,BWA551,Trinidad and Tobago,1790931135.0,1790931172,-64.7897,20.8442,11277.6,False,253.91,165.57,0.0,,11902.44,,False,0
2631,0c605e,BWA540,Trinidad and Tobago,1790931237.0,1790931237,-73.4201,40.6994,1211.58,False,140.52,1.89,0.0,,1242.06,3727,False,0
2632,71c210,KAL054,Republic of Korea,1790931227.0,1790931227,126.4384,37.4633,,True,3.86,292.5,,,,7007,False,0
2633,71c217,KAL092,Republic of Korea,1790931021.0,1790931021,126.4523,37.4703,,True,20.58,326.25,,,,3116,False,0
2634,040243,ETH700,Ethiopia,1790928037.0,1790931237,-0.4388,51.4733,,True,0.0,90.0,,,,2000,False,0
2635,744829,RJA129,Jordan,1790931236.0,1790931236,31.9663,33.3615,10363.2,False,216.18,304.33,0.0,,10698.48,1167,False,0
2636,744828,RJA120,Jordan,1790931236.0,1790931237,30.702,36.188,11285.22,False,224.58,146.02,0.0,,11536.68,0672,False,0
2637,71c208,KAL037,Republic of Korea,1790931237.0,1790931237,-151.1951,59.0407,10668.0,False,276.72,93.3,0.0,,10393.68,,False,0
2638,744823,RJA159,Jordan,1790931237.0,1790931237,35.6698,31.7701,3771.9,False,147.67,293.62,8.45,,3954.78,,False,0
2639,744822,RJA125,Jordan,1790931237.0,1790931237,33.2471,36.892,9753.6,False,239.37,318.22,0.33,,10012.68,5612,False,0
2640,744831,RJA117,Jordan,1790931237.0,1790931237,29.2084,34.6427,10980.42,False,225.28,305.61,0.0,,11231.88,5610,False,0
2641,392848,FAF6230,France,1790931236.0,1790931237,5.4541,43.592,2438.4,False,82.37,131.46,0.0,,2674.62,4767,False,0
2642,a6cc45,N537UW,United States,1790931228.0,1790931233,-97.0355,32.8989,,True,0.0,227.81,,,,,False,0
2643,a06bcc,UPS872,United States,1790931236.0,1790931236,-92.4172,37.5876,10363.2,False,214.91,266.57,-0.98,,10942.32,6661,False,0
2644,4bca67,RHH250,Turkey,1790931237.0,1790931237,41.1572,41.2748,1188.72,False,90.47,197.2,-1.3,,1280.16,2064,False,0
2645,4bca64,RHH249,Turkey,1790931237.0,1790931237,8.8619,45.7723,6682.74,False,209.77,245.82,-7.8,,7071.36,1000,False,0
2646,4bca63,RHH242,Turkey,1790931237.0,1790931237,17.3249,55.8363,13106.4,False,216.37,161.13,0.33,,13426.44,4561,False,0
2647,4bca61,RHH246,Turkey,1790931108.0,1790931188,30.7568,37.6773,15819.12,False,213.12,343.88,6.5,,7414.26,3056,False,0
2648,a43bc6,FFT2271,United States,1790931233.0,1790931236,-84.4253,33.6373,,True,0.0,270.0,,,,,False,0
2649,4ca1c9,SAS684,Ireland,1790931237.0,1790931237,12.5178,55.1601,4000.5,False,187.68,24.11,-7.48,,4221.48,7353,False,0
2650,406e66,EZY84AT,United Kingdom,1790931236.0,1790931236,-7.7051,41.2227,11277.6,False,221.81,210.37,0.33,,11757.66,0535,False,0
2651,4408c9,EJU87YF,Austria,1790931237.0,1790931237,13.6464,49.4311,11582.4,False,225.58,343.3,0.0,,12001.5,1000,False,0
2652,7803e2,CSC3357,China,1790930958.0,1790930958,117.3096,37.985,7696.2,False,227.36,183.76,6.18,,7985.76,,False,0
2653,503cf5,EWG7DB,Lithuania,1790931237.0,1790931237,11.0011,51.3423,10050.78,False,228.38,171.45,0.33,,10431.78,1112,False,0
2654,a2c86d,FDX1438,United States,1790931236.0,1790931236,-91.2594,35.0834,8610.6,False,242.66,274.86,8.78,,9121.14,1650,False,0
2655,4ca1cc,SAS106,Ireland,1790931236.0,1790931237,17.9236,59.6513,,True,10.29,11.25,,,,4131,False,0
2656,7c2a3a,IMK,Australia,1790931237.0,1790931237,115.8872,-32.087,0.0,False,28.34,164.2,-0.98,,45.72,3000,False,0
2657,0d0963,VIV0519,Mexico,1790931237.0,1790931237,-115.2694,31.3525,11277.6,False,255.51,130.26,0.0,,11978.64,7366,False,0
2658,a3d568,UPS1070,United States,1790931237.0,1790931237,-74.9609,40.21,2880.36,False,154.32,43.11,-5.53,,2987.04,6616,False,0
2659,503cfe,CAI83BV,Lithuania,1790931237.0,1790931237,12.4836,51.2926,10668.0,False,229.49,114.78,0.33,,11071.86,7634,False,0
2660,a1a87e,MXY849,United States,1790931236.0,1790931236,-81.3161,28.4338,,True,0.0,92.81,,,,,False,0
2661,486363,PHHLC,Kingdom of the Netherlands,1790931237.0,1790931237,5.5232,52.4768,-15.24,False,48.38,45.43,0.65,,190.5,,False,0
2662,a1dbd3,AMF7174,United States,1790931237.0,1790931237,-89.2185,36.5558,6096.0,False,111.47,234.77,-0.33,,6355.08,6641,False,0
2663,44d071,BEL5EN,Belgium,1790931237.0,1790931237,-0.3582,44.6202,10668.0,False,216.55,207.9,0.0,,11109.96,1000,False,0
2664,4aaa6b,DFL5930,Sweden,1790931236.0,1790931237,17.7114,59.8683,106.68,False,69.12,315.0,-1.95,,289.56,,False,0
2665,4aaa6e,DFL5710,Sweden,1790931236.0,1790931236,21.7919,59.2964,777.24,False,74.66,92.37,0.0,,975.36,2132,False,0
2666,485009,TRA62U,Kingdom of the Netherlands,1790931236.0,1790931237,1.4933,43.7475,10972.8,False,238.7,354.68,0.0,,11430.0,1000,False,0
2667,406e9f,EXS22RB,United Kingdom,1790931237.0,1790931237,-7.9516,39.2604,11887.2,False,235.42,192.37,-0.33,,12390.12,1176,False,0
2668,a2b58d,N274CC,United States,1790931237.0,1790931237,-75.6335,39.1439,434.34,False,60.78,177.09,0.33,,434.34,,False,0
2669,4ba913,THY4VR,Turkey,1790931236.0,1790931236,28.8238,41.3936,1783.08,False,131.28,357.75,14.96,,1927.86,,False,0
2670,4ba915,THY8FB,Turkey,1790926857.0,1790931188,25.0122,45.4086,3314.7,False,221.31,143.32,0.0,,10363.2,1175,False,0
2671,4ba910,THY1950,Turkey,1790931070.0,1790931074,28.7279,41.2528,68.58,False,73.07,358.79,-3.9,,205.74,1446,False,0
2672,49d0c6,ABP712,Czech Republic,1790931224.0,1790931224,13.5085,52.3699,,True,11.32,67.5,,,,1000,False,0
2673,4ba912,THY1WR,Turkey,1790931236.0,1790931237,30.3603,40.9499,6873.24,False,202.34,311.19,-10.08,,7078.98,,False,0
2674,405b6a,EZY38LT,United Kingdom,1790931236.0,1790931236,-7.0703,43.6899,11582.4,False,230.96,41.93,-0.33,,12001.5,5466,False,0
2675,4ba90f,THY9NS,Turkey,1790931236.0,1790931236,28.3478,42.4567,8389.62,False,223.16,140.14,-4.88,,8595.36,7612,False,0
2676,ae07d7,RCH538,United States,1790931235.0,1790931236,-12.7157,51.0462,9448.8,False,264.98,89.0,0.0,,9624.06,,False,0
2677,4ba90e,THY7TF,Turkey,1790931236.0,1790931236,34.5595,37.8198,7802.88,False,199.92,148.68,-9.75,,8061.96,,False,0
2678,71c274,KAL713,Republic of Korea,1790931237.0,1790931237,126.9778,37.4233,6362.7,False,243.87,89.27,14.96,,6606.54,4143,False,0
2679,71c272,KAL2133,Republic of Korea,1790931214.0,1790931216,131.0005,35.3309,9456.42,False,281.08,82.74,0.0,,9913.62,7124,False,0
2680,a037b2,DAL2565,United States,1790931234.0,1790931234,-93.2042,44.8829,,True,0.06,210.94,,,,,False,0
2681,405b66,EZY43KY,United Kingdom,1790931237.0,1790931237,-3.7657,38.0704,10363.2,False,219.35,10.68,0.0,,10850.88,4604,False,0
2682,405b65,EZY27XH,United Kingdom,1790931236.0,1790931236,8.6698,45.7451,1897.38,False,123.34,252.77,17.23,,2125.98,0477,False,0
2683,405b67,EZY83AB,United Kingdom,1790931049.0,1790931049,-0.1712,51.1526,,True,1.8,78.75,,,,,False,0
2684,485000,KLM104,Kingdom of the Netherlands,1790931104.0,1790931110,4.7402,52.3335,-137.16,False,73.17,183.22,-2.6,,83.82,1000,False,0
2685,406e92,GCIPY,United Kingdom,1790931236.0,1790931236,-0.2934,51.639,213.36,False,52.5,24.3,-0.98,,388.62,7000,False,0
2686,405b64,EZY16AE,United Kingdom,1790931090.0,1790931090,-0.1665,51.1524,,True,0.64,165.94,,,,,False,0
2687,ae07da,RCH867,United States,1790931236.0,1790931237,4.9329,52.5239,9753.6,False,219.63,288.86,-0.33,,10058.4,3251,False,0
2688,44f684,BAF680,Belgium,1790931236.0,1790931236,1.8822,47.131,8831.58,False,201.61,192.23,-0.65,,9227.82,1000,False,0
2689,abdd4a,SWA4627,United States,1790931237.0,1790931237,-118.1543,33.9607,1127.76,False,117.15,262.94,-5.53,,1143.0,2433,False,0
2690,4ca1cd,SAS662,Ireland,1790931236.0,1790931237,11.2337,50.403,9982.2,False,238.24,3.96,5.2,,10386.06,6452,False,0
2691,e48613,GLO1481,Brazil,1790931237.0,1790931237,-54.2649,-20.6975,4968.24,False,201.65,104.78,14.31,,5181.6,,False,0
2692,e49957,,Brazil,1790931233.0,1790931233,-43.8496,-22.0085,6141.72,False,167.74,154.38,-8.45,,6537.96,,False,0
2693,43c38c,RRR7202,United Kingdom,1790931237.0,1790931237,1.7289,53.2809,4579.62,False,166.36,227.13,-0.65,,4792.98,3310,False,0
2694,e49958,GLO1969,Brazil,1790931237.0,1790931237,-43.4099,-22.7154,967.74,False,92.64,125.28,-4.88,,1013.46,,False,0
2695,4ba904,TKJ8AT,Turkey,1790931097.0,1790931097,5.7076,38.5676,10668.0,False,231.03,224.01,0.0,,11178.54,2303,False,0
2696,3423c3,IBE0613,Spain,1790931237.0,1790931237,-0.1567,42.8158,10972.8,False,251.81,52.05,0.0,,11445.24,1000,False,0
2697,49d0f9,DFC37B,Czech Republic,1790931236.0,1790931236,14.2694,50.1004,,True,9.26,306.56,,,,,False,0
2698,ae07e3,RCH716,United States,1790931237.0,1790931237,33.0693,31.85,10058.4,False,244.19,133.38,0.0,,10462.26,3306,False,0
2699,71c285,KAL318,Republic of Korea,1790931231.0,1790931231,126.4656,37.4554,-38.1,False,64.95,324.67,-3.25,,99.06,0013,False,0
2700,71c284,AAR106,Republic of Korea,1790931237.0,1790931237,140.5531,35.5625,1493.52,False,120.61,329.5,-1.3,,1592.58,7127,False,0
2701,a7424d,LBQ650,United States,1790931236.0,1790931236,-92.5669,40.0286,6713.22,False,125.0,237.09,0.0,,7018.02,,False,0
2702,43e99a,MDADA,United Kingdom,1790931236.0,1790931236,46.3231,41.3562,13106.4,False,233.79,280.4,-0.65,,13426.44,0607,False,0
2703,3424d2,VLG3CY,Spain,1790931237.0,1790931237,3.3099,49.7907,9685.02,False,193.75,202.48,4.88,,10043.16,1000,False,0
2704,aabbef,NCR670,United States,1790931237.0,1790931237,-122.2539,53.1729,10058.4,False,270.15,120.81,0.0,,10134.6,,False,0
2705,3424d1,VLG1AE,Spain,1790931086.0,1790931086,-2.2271,43.0248,3093.72,False,158.67,303.23,-9.75,,3398.52,1000,False,0
2706,0aca5f,AVA020,Colombia,1790931236.0,1790931236,-76.4447,34.7493,11277.6,False,227.9,16.39,0.0,,11971.02,,False,0
2707,3424d5,VLG6ZJ,Spain,1790930922.0,1790930922,-13.2755,31.3989,10363.2,False,236.64,22.5,0.0,,10965.18,,False,0
2708,a037da,FDX5047,United States,1790931237.0,1790931237,-69.3213,42.5576,10363.2,False,218.47,266.76,0.0,,10911.84,,False,0
2709,7817b6,CSN6953,China,1790930958.0,1790930958,119.1863,38.3301,7193.28,False,193.8,275.48,0.0,,7475.22,,False,0
2710,e497fe,PSCEU,Brazil,1790931236.0,1790931236,-40.2826,-20.2518,,True,7.46,50.62,,,,,False,0
2711,7817b4,CSN3095,China,1790931236.0,1790931236,121.6646,25.7223,7139.94,False,187.0,219.87,-5.53,,7642.86,,False,0
2712,a05a25,UAL228,United States,1790931237.0,1790931237,-9.1154,53.8772,8892.54,False,251.3,94.46,-7.48,,9006.84,5152,False,0
2713,a98219,DAL556,United States,1790931237.0,1790931237,-74.1774,40.9061,5791.2,False,233.59,115.15,0.65,,6065.52,6777,False,0
2714,85134a,SFJ26,Japan,1790931236.0,1790931236,137.6469,34.7273,9189.72,False,269.57,90.22,-7.8,,9738.36,2060,False,0
2715,0aca2f,KRE2140,Colombia,1790931191.0,1790931191,-74.1333,4.6877,,True,0.0,126.56,,,,,False,0
2716,7804b3,CES2921,China,1790931230.0,1790931237,125.4605,37.1989,5105.4,False,196.41,84.44,-6.5,,5349.24,6343,False,0
2717,3c09f2,LHX48N,Germany,1790931237.0,1790931237,1.9218,41.4336,2750.82,False,126.08,238.52,-1.3,,3009.9,1000,False,0
2718,0d07f7,VOI7781,Mexico,1790931236.0,1790931236,-112.2712,29.6488,11277.6,False,249.79,129.07,0.0,,11971.02,7277,False,0
2719,7c3d57,MEH,Australia,1790931101.0,1790931101,153.11,-27.3776,-91.44,False,39.8,26.9,-0.33,,45.72,3214,False,0
2720,7804bd,CCA1544,China,1790930957.0,1790930958,116.4836,39.2012,8107.68,False,249.42,165.79,0.0,,8374.38,,False,0
2721,3e377e,PAV631,Germany,1790931236.0,1790931236,-5.9632,46.3155,12192.0,False,215.83,22.71,0.0,,12550.14,4536,False,0
2722,7804d9,CSC6703,China,1790931230.0,1790931232,113.2731,23.2413,762.0,False,84.35,14.12,-4.55,,792.48,,False,0
2723,4a1272,MYJ295,Romania,1790931237.0,1790931237,21.3335,40.2363,11582.4,False,251.57,216.52,-0.65,,11811.0,1733,False,0
2724,8991e8,SJX031,Taiwan,1790931236.0,1790931236,-123.4639,47.1316,6225.54,False,198.71,248.75,7.15,,6408.42,3567,False,0
2725,7817ff,CXA8102,China,1790930959.0,1790930959,116.9913,38.4677,5303.52,False,196.68,173.69,11.38,,5486.4,,False,0
2726,8991e7,SJX001,Taiwan,1790931236.0,1790931236,-123.4036,36.3785,10363.2,False,247.9,302.37,-0.33,,10896.6,5453,False,0
2727,8991e6,SJX851,Taiwan,1790931235.0,1790931237,137.5786,37.6804,12192.0,False,196.77,237.06,0.0,,12694.92,,False,0
2728,a8886d,UAL330,United States,1790931237.0,1790931237,-13.705,51.7887,10370.82,False,270.81,105.2,0.0,,10507.98,,False,0
2729,8991dd,SJX838,Taiwan,1790931223.0,1790931223,122.3606,25.7297,6629.4,False,199.01,45.94,6.5,,7033.26,,False,0
2730,8991db,SJX303,Taiwan,1790931233.0,1790931236,120.8695,24.4019,3131.82,False,163.83,222.71,-4.23,,3337.56,,False,0
2731,86efb0,ANA842,Japan,1790931237.0,1790931237,137.7737,33.5986,10058.4,False,283.67,58.27,0.0,,10683.24,0151,False,0
2732,3c818f,FM3,Germany,1790931036.0,1790931036,12.2208,51.4185,,True,4.37,250.31,,,,,False,0
2733,a7687b,ASA351,United States,1790931236.0,1790931236,-138.8969,61.0552,10972.8,False,224.31,325.65,0.33,,10645.14,,False,0
2734,4ba869,THY6128,Turkey,1790931236.0,1790931236,28.3551,41.0117,5829.3,False,181.88,245.61,6.18,,6019.8,2355,False,0
2735,ad727a,ASA93,United States,1790931148.0,1790931148,-156.0384,21.4944,7360.92,False,234.09,76.79,4.55,,7772.4,,False,0
2736,7804f6,GCR6418,China,1790930948.0,1790930950,119.529,38.7777,6309.36,False,219.5,109.58,0.0,,6545.58,,False,0
2737,ad9811,AAL2775,United States,1790931237.0,1790931237,-103.2744,35.0038,10370.82,False,233.32,292.83,-0.33,,10904.22,,False,0
2738,4ca243,RYR68AB,Ireland,1790931237.0,1790931237,-9.018,52.2601,1996.44,False,109.14,267.84,-3.58,,2125.98,4432,False,0
2739,503e82,EWG10E,Lithuania,1790931237.0,1790931237,9.1488,47.8701,10980.42,False,224.43,4.34,2.28,,11422.38,7527,False,0
2740,a9d286,AAL731,United States,1790931236.0,1790931236,-3.6924,50.9045,9753.6,False,227.43,271.17,0.0,,10050.78,1424,False,0
2741,a8b29f,N66HR,United States,1790931236.0,1790931236,11.7501,53.5774,3817.62,False,90.03,196.26,6.18,,4061.46,7765,False,0
2742,4861d4,PHLGD,Kingdom of the Netherlands,1790931236.0,1790931237,2.8567,49.4244,10668.0,False,221.84,203.65,0.0,,11018.52,2115,False,0
2743,3b73ff,SP3,France,1790931231.0,1790931231,2.3582,48.7235,,True,2.06,253.12,,,,,False,0
2744,406cab,EXS4EQ,United Kingdom,1790931237.0,1790931237,1.0483,38.7462,1089.66,False,110.17,66.91,-0.98,,1280.16,2214,False,0
2745,406caa,EXS29NC,United Kingdom,1790931236.0,1790931237,1.4279,46.152,11277.6,False,220.03,173.56,0.0,,11696.7,2276,False,0
2746,4ca246,RYR209L,Ireland,1790931237.0,1790931237,-6.5668,35.3264,11582.4,False,231.92,27.19,0.0,,12115.8,6454,False,0
2747,4ca245,RYR17UZ,Ireland,1790931237.0,1790931237,10.3761,44.3436,5905.5,False,182.82,78.31,-8.78,,6271.26,7442,False,0
2748,4ca244,RYR40EC,Ireland,1790931237.0,1790931237,1.9334,47.7253,11277.6,False,215.72,198.35,0.0,,11673.84,5655,False,0
2749,780590,CQN2313,China,1790931038.0,1790931038,113.2766,23.2541,685.8,False,80.6,14.04,-4.23,,723.9,,False,0
2750,8418cc,JAL525,Japan,1790931236.0,1790931236,139.802,35.5405,,True,2.06,149.06,,,,,False,0
2751,a7b7c5,DAL696,United States,1790931237.0,1790931237,-81.9513,43.2762,10050.78,False,280.95,88.74,0.0,,10477.5,6013,False,0
2752,383c7a,FWWRL,France,1790931237.0,1790931237,0.2791,43.8812,6065.52,False,124.1,22.42,8.13,,6416.04,2675,False,0
2753,3fef15,DMWNO,Germany,1790931236.0,1790931236,12.1257,49.4015,0.0,False,52.58,306.65,0.0,,198.12,4454,False,0
2754,407fcb,SHT9X,United Kingdom,1790931237.0,1790931237,-1.329,52.1276,5387.34,False,173.06,141.15,-7.48,,5631.18,1417,False,0
2755,a42a07,SNC382,United States,1790931237.0,1790931237,-65.7637,18.4751,1371.6,False,71.89,99.06,3.25,,1394.46,,False,0
2756,407fca,BAW694,United Kingdom,1790931236.0,1790931236,15.8301,44.1382,10058.4,False,243.76,136.03,0.0,,10477.5,7324,False,0
2757,503e9a,EWG5H,Lithuania,1790931233.0,1790931233,10.0009,53.6299,,True,0.0,210.94,,,,,False,0
2758,3926e6,FGJXG,France,1790931068.0,1790931074,5.3285,45.3842,563.88,False,50.99,267.11,1.3,,762.0,,False,0
2759,503e9b,EWG1UG,Lithuania,1790931237.0,1790931237,7.9412,47.4027,9753.6,False,243.53,47.14,0.33,,10195.56,1050,False,0
2760,4ca217,EIN55G,Ireland,1790931237.0,1790931237,1.5054,50.3766,11582.4,False,214.81,305.25,0.0,,11910.06,6750,False,0
2761,4ba88f,THY6317,Turkey,1790931233.0,1790931236,30.5439,41.5952,7231.38,False,208.44,271.7,-5.2,,7459.98,,False,0
2762,4ca215,EIN603,Ireland,1790931236.0,1790931236,-6.1199,53.413,472.44,False,76.48,275.4,-3.58,,601.98,6275,False,0
2763,503e99,GJM3328,Lithuania,1790930457.0,1790931237,22.9996,52.633,7879.08,False,225.83,7.72,0.0,,11971.02,6016,False,0
2764,34258f,VLG6JY,Spain,1790931237.0,1790931237,12.9305,52.2014,3741.42,False,170.51,232.23,13.33,,4015.74,,False,0
2765,a8b296,N66HG,United States,1790931236.0,1790931236,0.6337,51.9631,586.74,False,81.48,327.11,1.3,,777.24,,False,0
2766,44093e,EJU82HA,Austria,1790931236.0,1790931236,11.0522,42.6686,5730.24,False,188.77,123.78,-10.08,,6111.24,1000,False,0
2767,4ca225,RYR484F,Ireland,1790931236.0,1790931236,-1.5398,46.9768,4663.44,False,179.94,165.09,-12.03,,4960.62,6333,False,0
2768,407fc9,BAW706,United Kingdom,1790931237.0,1790931237,0.3725,51.2582,4160.52,False,193.9,95.79,10.4,,4404.36,7310,False,0
2769,4ca226,RYR70FA,Ireland,1790931236.0,1790931236,9.5087,40.3859,9342.12,False,232.02,28.33,10.08,,9806.94,,False,0
2770,4ca280,EIN69X,Ireland,1790931236.0,1790931237,5.9829,51.9207,7025.64,False,194.48,312.21,10.4,,7345.68,2567,False,0
2771,342591,VLG630A,Spain,1790931236.0,1790931236,-6.2773,37.4051,10972.8,False,240.55,69.86,0.0,,11498.58,4411,False,0
2772,34124c,P20,Spain,1790931233.0,1790931233,-3.5746,40.4975,,True,20.58,180.0,,,,,False,0
2773,39ac65,FHLDF,France,1790931225.0,1790931225,24.2547,40.9162,419.1,False,45.38,32.97,-1.63,,594.36,,False,0
2774,ab321c,DAL83,United States,1790931237.0,1790931237,-4.0418,49.2208,10363.2,False,221.11,277.62,0.0,,10675.62,7553,False,0
2775,86dce6,JAL56,Japan,1790931237.0,1790931237,-114.2968,52.5652,12496.8,False,277.69,110.38,-0.33,,12595.86,,False,0
2776,89931c,YC102,Taiwan,1790931179.0,1790931179,121.2318,25.071,,True,2.57,47.81,,,,,False,0
2777,4ca292,EIN6AP,Ireland,1790931237.0,1790931237,4.3795,50.9153,914.4,False,85.82,296.72,7.8,,1127.76,4402,False,0
2778,342582,VLG1869,Spain,1790931237.0,1790931237,8.3951,48.1336,6835.14,False,204.47,215.89,9.43,,7216.14,0121,False,0
2779,4ca27c,RYR63CZ,Ireland,1790931236.0,1790931236,13.541,55.532,11582.4,False,219.0,225.57,0.0,,11925.3,3511,False,0
2780,49d283,TVP7774,Czech Republic,1790930363.0,1790931237,21.8493,47.9272,11277.6,False,216.0,148.24,0.0,,11628.12,4445,False,0
2781,4ca24d,RYR74VJ,Ireland,1790931236.0,1790931236,14.4775,39.124,10949.94,False,209.68,352.39,4.88,,11361.42,1262,False,0
2782,479d40,NOZ1494,Norway,1790931237.0,1790931237,3.1872,49.3487,4602.48,False,173.68,247.54,-4.55,,4876.8,0743,False,0
2783,4ca24c,RYR1281,Ireland,1790931237.0,1790931237,10.9752,54.6299,11582.4,False,250.06,354.69,0.0,,11887.2,7352,False,0
2784,4ca256,RYR76PX,Ireland,1790931237.0,1790931237,17.2814,49.0407,10058.4,False,219.42,54.45,0.0,,10462.26,1000,False,0
2785,49d287,EWG9TB,Czech Republic,1790931237.0,1790931237,12.1985,49.1275,10972.8,False,235.31,323.36,0.0,,11391.9,3553,False,0
2786,4ca259,RYR28JB,Ireland,1790931236.0,1790931236,-4.2595,53.4067,8961.12,False,248.41,93.44,7.8,,9159.24,7724,False,0
2787,a55d31,AAL778,United States,1790931237.0,1790931237,-80.6004,25.8294,1242.06,False,107.94,115.1,-5.2,,1303.02,6753,False,0
2788,46cd38,SEH030,Greece,1790931236.0,1790931237,26.5067,37.0008,2667.0,False,115.21,107.14,-6.83,,2781.3,7452,False,0
2789,4ca25a,RYR44BM,Ireland,1790931236.0,1790931236,4.151,50.447,2240.28,False,146.74,301.96,9.75,,2453.64,4406,False,0
2790,48b06c,SPMDM,Poland,1790931165.0,1790931232,18.4963,54.3615,243.84,False,30.87,216.87,1.63,,464.82,,False,0
2791,a1cdd8,UAL604,United States,1790931237.0,1790931237,-116.4861,36.5626,11277.6,False,282.29,116.75,0.0,,11910.06,3352,False,0
2792,406b90,EZY74VH,United Kingdom,1790931236.0,1790931237,-1.5578,52.9454,3962.4,False,199.59,328.28,-14.96,,4198.62,0666,False,0
2793,49d04d,TVP7029,Czech Republic,1790931237.0,1790931237,28.0919,36.4037,,True,0.0,160.31,,,,,False,0
2794,71c356,AAR334,Republic of Korea,1790931236.0,1790931236,125.9923,37.0949,3063.24,False,162.94,95.98,-3.9,,3208.02,0043,False,0
2795,71c353,JNA360,Republic of Korea,1790931236.0,1790931236,132.6228,35.5899,9144.0,False,193.69,278.86,0.33,,9616.44,,False,0
2796,a2edb4,SWA3907,United States,1790931237.0,1790931237,-85.3975,40.4883,11887.2,False,268.1,98.05,0.0,,12466.32,1117,False,0
2797,3910f5,FGEHV,France,1790930968.0,1790930968,3.4676,50.3516,175.26,False,61.07,150.2,-0.98,,441.96,,False,0
2798,71c357,ABL796,Republic of Korea,1790931236.0,1790931236,121.598,25.6945,8938.26,False,222.66,36.26,6.5,,9570.72,,False,0
2799,406b82,EFW24AD,United Kingdom,1790931237.0,1790931237,10.5412,48.8427,10668.0,False,229.75,126.72,0.65,,11102.34,4766,False,0
2800,406b84,EFW81W,United Kingdom,1790931236.0,1790931236,25.3825,38.5897,9364.98,False,227.97,144.55,-2.28,,9570.72,3452,False,0
2801,71c350,KAL795,Republic of Korea,1790931237.0,1790931237,130.3598,33.5995,579.12,False,92.77,134.33,-2.28,,670.56,4314,False,0
2802,780629,CSN8084,China,1790931236.0,1790931236,112.5787,22.8154,4792.98,False,187.91,137.66,-4.23,,5074.92,,False,0
2803,406b6d,CFE33T,United Kingdom,1790931237.0,1790931237,8.4438,48.9611,11262.36,False,213.32,303.19,3.9,,11628.12,3026,False,0
2804,a28aa4,FDX1435,United States,1790931237.0,1790931237,-85.5527,37.4543,11285.22,False,265.62,57.82,0.0,,11948.16,1625,False,0
2805,71c345,KAL497,Republic of Korea,1790931236.0,1790931236,95.1494,23.5312,11582.4,False,258.85,249.4,-0.33,,12329.16,,False,0
2806,a1244d,UAL8108,United States,1790931237.0,1790931237,-106.4629,43.2758,10058.4,False,265.79,76.8,0.0,,10507.98,,False,0
2807,71c348,KAL1365,Republic of Korea,1790931236.0,1790931237,126.8296,36.6057,7261.86,False,228.56,177.94,8.78,,7581.9,7266,False,0
2808,71c347,KAL036,Republic of Korea,1790931237.0,1790931237,127.9403,36.8507,6530.34,False,197.95,305.05,-7.48,,6812.28,3130,False,0
2809,a11136,UPS1308,United States,1790931236.0,1790931236,-83.8155,34.1125,4351.02,False,204.77,221.74,-10.4,,4594.86,7151,False,0
2810,49d079,OKIBA,Czech Republic,1790931236.0,1790931236,16.3784,49.8368,3352.8,False,82.51,86.07,0.0,,3627.12,3370,False,0
2811,503d00,CAI6ZN,Lithuania,1790931236.0,1790931236,16.7777,47.5595,9753.6,False,221.58,297.52,0.33,,10187.94,3217,False,0
2812,880c49,AIQ3203,Thailand,1790931236.0,1790931237,99.7496,19.3474,3116.58,False,168.82,358.25,-4.88,,3299.46,,False,0
2813,a13767,FDX1450,United States,1790931237.0,1790931237,-89.8125,35.6961,7048.5,False,246.54,1.79,8.78,,7452.36,1612,False,0
2814,880c42,AIQ3520,Thailand,1790931237.0,1790931237,100.594,13.6556,5082.54,False,193.26,63.43,7.15,,5372.1,,False,0
2815,406b5a,EFW33VR,United Kingdom,1790931236.0,1790931236,-6.9697,40.5936,10058.4,False,239.96,193.26,0.0,,10538.46,2171,False,0
2816,406b5b,EFW4GB,United Kingdom,1790931237.0,1790931237,12.7505,39.7446,11277.6,False,246.29,147.11,0.0,,11734.8,7323,False,0
2817,78062a,CSN3256,China,1790931050.0,1790931118,115.4689,22.8575,5090.16,False,167.65,263.83,-5.85,,5379.72,5665,False,0
2818,71c375,ESR608,Republic of Korea,1790931220.0,1790931220,140.3981,35.7668,,True,6.43,222.19,,,,,False,0
2819,a91e9a,LBQ865,United States,1790931205.0,1790931222,-83.9188,33.9595,952.5,False,87.7,350.21,-6.5,,1005.84,1460,False,0
2820,71c379,TWB215,Republic of Korea,1790931236.0,1790931236,129.8675,33.8339,2682.24,False,122.26,6.77,-3.9,,2842.26,4326,False,0
2821,a4d404,N41YY,United States,1790931222.0,1790931232,5.6906,48.6606,1120.14,False,58.76,86.49,-1.63,,1371.6,3603,False,0
2822,78062e,CSN5120,China,1790931091.0,1790931091,113.0233,22.2332,4785.36,False,206.83,217.72,0.0,,5082.54,,False,0
2823,406b62,BAW509,United Kingdom,1790931236.0,1790931236,-0.8389,51.0874,3634.74,False,143.55,48.2,-2.93,,3878.58,7465,False,0
2824,71c371,AAR1153,Republic of Korea,1790931236.0,1790931236,126.6936,37.1985,1851.66,False,105.07,324.36,-4.23,,1958.34,3245,False,0
2825,78062c,CSN5820,China,1790931233.0,1790931233,112.4806,22.2205,5928.36,False,212.77,216.84,-5.85,,6446.52,,False,0
2826,ab3856,AAL962,United States,1790931237.0,1790931237,-84.8134,22.3385,11574.78,False,260.16,304.85,0.0,,12329.16,,False,0
2827,a16aad,N1901G,United States,1790930967.0,1790930967,-157.9338,21.3093,76.2,False,66.47,52.86,-3.25,,91.44,,False,0
2828,407e7b,TOM9AT,United Kingdom,1790931237.0,1790931237,-10.4435,37.4667,11887.2,False,226.76,208.6,0.0,,12405.36,0506,False,0
2829,78063a,CCA858,China,1790931236.0,1790931237,128.163,32.6871,10972.8,False,212.11,247.17,0.0,,11658.6,7003,False,0
2830,a1242d,UAL206,United States,1790931236.0,1790931236,-87.993,21.9276,10972.8,False,257.83,326.72,0.0,,11666.22,,False,0
2831,407e82,RUK2EA,United Kingdom,1790931236.0,1790931236,7.5569,51.9364,11582.4,False,217.71,291.78,-0.33,,11902.44,3543,False,0
2832,a7cb53,DAL709,United States,1790931236.0,1790931236,-84.0201,40.1043,10660.38,False,273.25,67.3,0.0,,11239.5,1007,False,0
2833,e49c08,TAM3775,Brazil,1790931236.0,1790931236,-49.2058,-22.6033,10668.0,False,204.76,0.58,0.0,,11247.12,,False,0
2834,a3778e,UPS1194,United States,1790931237.0,1790931237,-82.1506,39.2233,10675.62,False,277.68,65.71,0.0,,11239.5,4032,False,0
2835,71c313,KAL1268,Republic of Korea,1790931236.0,1790931236,126.9806,37.4046,1150.62,False,109.86,315.0,-7.15,,1264.92,5120,False,0
2836,7c810d,RXA4388,Australia,1790931237.0,1790931237,135.9093,-34.5677,167.64,False,72.91,278.93,-7.8,,281.94,,False,0
2837,78064e,CES5603,China,1790931236.0,1790931237,113.089,22.8812,8122.92,False,233.97,101.29,0.65,,8686.8,,False,0
2838,74494b,JYRJK,Jordan,1790931193.0,1790931227,36.28,32.0442,1501.14,False,67.14,344.9,-2.93,,1592.58,,False,0
2839,7c8101,RXA5745,Australia,1790931226.0,1790931237,151.0904,-26.8961,5791.2,False,125.65,106.65,0.0,,6134.1,,False,0
2840,7c2ab4,MC06,Australia,1790931237.0,1790931237,153.4916,-26.9312,5478.78,False,205.27,359.43,-11.05,,5783.58,1533,False,0
2841,71c309,ABL1615,Republic of Korea,1790931145.0,1790931148,128.9457,35.1739,-45.72,True,0.0,115.31,,,,3233,False,0
2842,71c306,TWB305,Republic of Korea,1790931236.0,1790931237,126.473,37.6631,2819.4,False,156.01,108.26,12.03,,2941.32,4325,False,0
2843,3b71ff,SP2,France,1790931189.0,1790931189,2.3447,48.7188,,True,11.32,73.12,,,,,False,0
2844,a9c2b3,EJA728,United States,1790931237.0,1790931237,-102.024,34.3738,13106.4,False,247.83,94.88,-0.33,,13754.1,1004,False,0
2845,71c301,JJA6256,Republic of Korea,1790931236.0,1790931236,120.3644,22.575,,True,7.2,92.81,,,,,False,0
2846,71c303,JJA6002,Republic of Korea,1790931237.0,1790931237,126.906,35.5031,8839.2,False,239.12,5.06,0.0,,9273.54,3522,False,0
2847,70401f,MMA621,Myanmar,1790931236.0,1790931236,96.1347,17.3201,1577.34,False,134.42,155.1,-2.93,,11346.18,6563,False,0
2848,780676,CSN6756,China,1790931129.0,1790931143,123.8699,38.4604,8869.68,False,225.89,184.05,0.0,,9182.1,1257,False,0
2849,503d47,NGN331,Lithuania,1790931237.0,1790931237,25.5792,42.9731,10972.8,False,243.38,293.15,0.0,,11178.54,3207,False,0
2850,503d41,ISR593,Lithuania,1790931237.0,1790931237,33.4864,34.0312,6903.72,False,161.58,293.05,-10.4,,7178.04,6110,False,0
2851,71c333,JJA2212,Republic of Korea,1790931226.0,1790931227,122.3703,25.7043,10668.0,False,232.73,14.99,0.0,,11407.14,,False,0
2852,71c334,JJA1394,Republic of Korea,1790931236.0,1790931236,130.1162,35.9001,10363.2,False,185.24,278.63,0.0,,10866.12,7056,False,0
2853,71c337,JJA1504,Republic of Korea,1790931236.0,1790931236,133.6366,36.1644,10972.8,False,183.58,262.76,0.0,,11521.44,,False,0
2854,71c335,JJA1407,Republic of Korea,1790931236.0,1790931236,126.6571,37.5452,4221.48,False,200.26,137.5,13.98,,4381.5,7163,False,0
2855,71c336,JJA1109,Republic of Korea,1790931237.0,1790931237,139.993,37.0061,6332.22,False,251.61,91.05,-7.15,,6614.16,7120,False,0
2856,090020,SOR403,Angola,1790931237.0,1790931237,13.2755,-8.3293,2651.76,False,118.17,147.62,-7.48,,2849.88,,False,0
2857,71c328,ABL8821,Republic of Korea,1790931010.0,1790931010,128.9492,35.1695,,True,0.51,25.31,,,,7233,False,0
2858,71c329,TWB682,Republic of Korea,1790931199.0,1790931235,128.5174,35.0058,5646.42,False,181.7,4.71,-10.4,,5920.74,5410,False,0
2859,e49c06,TAM3433,Brazil,1790931237.0,1790931237,-50.1702,-25.9344,11292.84,False,206.92,15.28,0.0,,11795.76,2165,False,0
2860,71c322,JJA1172,Republic of Korea,1790931237.0,1790931237,139.251,35.8683,9593.58,False,195.54,274.38,6.5,,10096.5,3157,False,0
2861,71c326,TWB672,Republic of Korea,1790931237.0,1790931237,120.2959,23.3825,6995.16,False,207.74,18.48,11.05,,7475.22,,False,0
2862,71c327,TWB126,Republic of Korea,1790931153.0,1790931153,126.4267,37.4538,,True,22.64,326.25,,,,2755,False,0
2863,06a069,QTR49Q,Qatar,1790931235.0,1790931236,23.9413,37.9215,38.1,False,62.76,37.34,-3.25,,182.88,2135,False,0
2864,48e97c,LOT2LP,Poland,1790931236.0,1790931236,8.4627,51.4319,11277.6,False,242.53,73.49,0.0,,11643.36,1000,False,0
2865,48e97a,LOT6643,Poland,1790931237.0,1790931237,29.5036,38.0812,11094.72,False,227.01,151.29,-4.55,,11323.32,4430,False,0
2866,39ceb2,TVF80WQ,France,1790931237.0,1790931237,2.2411,48.5056,1280.16,False,119.3,49.37,-3.58,,1501.14,0744,False,0
2867,3420ca,IBE05DP,Spain,1790931237.0,1790931237,-1.1686,44.1658,9738.36,False,248.99,29.32,0.0,,10165.08,1000,False,0
2868,e49aab,TAM4527,Brazil,1790931236.0,1790931237,-46.6772,-22.295,8953.5,False,237.69,171.54,-7.48,,9464.04,,False,0
2869,a91dba,FDX1536,United States,1790931237.0,1790931237,-89.6599,35.4272,6278.88,False,236.34,21.99,11.38,,6621.78,5606,False,0
2870,407e31,EAG81G,United Kingdom,1790931237.0,1790931237,-5.2018,54.5069,2819.4,False,110.46,300.51,-5.2,,2948.94,7676,False,0
2871,47c98d,IGO68N,Norway,1790931237.0,1790931237,57.0413,22.8743,10972.8,False,257.0,242.72,-0.33,,11658.6,,False,0
2872,7448a6,RJA521,Jordan,1790931236.0,1790931237,27.8054,34.5247,10972.8,False,220.91,290.59,-0.33,,11193.78,5606,False,0
2873,7cf5f1,TUG90,Australia,1790931236.0,1790931236,115.9687,-31.9455,,True,0.39,267.19,,,,,False,0
2874,7448a4,RJA131,Jordan,1790931236.0,1790931236,26.3838,36.7274,10972.8,False,220.12,300.94,0.0,,11178.54,5603,False,0
2875,7448a2,RJA402,Jordan,1790931237.0,1790931237,36.5806,33.7014,9448.8,False,211.99,178.89,0.0,,9829.8,,False,0
2876,7448a1,RJA551,Jordan,1790931236.0,1790931237,32.4666,32.7886,10972.8,False,201.14,295.12,0.0,,11315.7,,False,0
2877,47a31a,NOZ1UY,Norway,1790931237.0,1790931237,8.3756,59.4978,10927.08,False,203.04,128.0,7.15,,11170.92,,False,0
2878,48e974,RYR400P,Poland,1790930908.0,1790931021,19.5263,49.6632,5684.52,False,211.46,226.87,11.05,,6057.9,,False,0
2879,48e973,LOT5JB,Poland,1790931236.0,1790931236,19.6225,50.9347,8808.72,False,217.28,223.18,7.15,,9204.96,,False,0
2880,48c310,BNI47,Poland,1790931094.0,1790931094,19.4462,51.7377,281.94,False,48.35,290.56,-0.33,,480.06,,False,0
2881,39ceab,TVF46ST,France,1790931237.0,1790931237,3.2684,46.5788,10668.0,False,218.13,156.22,0.0,,11079.48,1000,False,0
2882,39ceac,TVF62RT,France,1790931237.0,1790931237,6.4874,41.9045,11582.4,False,212.21,312.94,0.0,,12062.46,1000,False,0
2883,407e21,VIR106F,United Kingdom,1790931237.0,1790931237,-5.1654,54.1167,12496.8,False,246.91,113.84,0.0,,12656.82,5165,False,0
2884,48e95d,LOT605,Poland,1790931237.0,1790931237,20.6903,45.1939,11887.2,False,235.2,158.04,0.0,,12207.24,1145,False,0
2885,7cf5ce,CAR 65,Australia,1790930933.0,1790930933,115.9593,-31.9371,,True,0.0,219.38,,,,,False,0
2886,abcf7f,GTI564,United States,1790931236.0,1790931236,10.5717,44.4293,9753.6,False,249.02,266.21,0.0,,10210.8,7214,False,0
2887,e07191,ARG1548,Argentina,1790931236.0,1790931237,-59.9848,-33.4763,10972.8,False,205.18,310.12,0.0,,11224.26,1677,False,0
2888,aaf0c6,AAL723,United States,1790931237.0,1790931237,-10.8263,53.5894,12192.0,False,236.13,269.63,-0.33,,12306.3,3615,False,0
2889,3d165e,DEGSK,Germany,1790931237.0,1790931237,7.2798,51.3034,434.34,False,70.21,304.85,-0.65,,647.7,7742,False,0
2890,39cea1,TRA9006,France,1790931237.0,1790931237,-1.9808,42.8264,11582.4,False,245.95,14.91,-0.33,,12016.74,1000,False,0
2891,39cea4,TVF89WM,France,1790931232.0,1790931233,15.2116,43.4211,11277.6,False,238.59,119.16,0.0,,11696.7,0471,False,0
2892,48e958,LOT61,Poland,1790931236.0,1790931236,20.6348,51.2502,6469.38,False,198.54,193.03,8.13,,6827.52,,False,0
2893,39cea7,TVF57LK,France,1790931237.0,1790931237,2.5496,48.7428,1508.76,False,131.71,90.67,16.26,,1722.12,1000,False,0
2894,47a310,WIF1DK,Norway,1790931236.0,1790931236,8.1926,61.0944,5791.2,False,114.17,128.78,0.0,,6004.56,,False,0
2895,e49aa8,TAM3385,Brazil,1790931237.0,1790931237,-49.0365,-25.3781,11879.58,False,271.35,84.45,0.0,,12435.84,,False,0
2896,47c968,NBT50K,Norway,1790931236.0,1790931236,-9.0435,49.4786,10972.8,False,232.14,300.2,-0.33,,11269.98,5722,False,0
2897,880c4a,AIQ3306,Thailand,1790931100.0,1790931100,100.1547,15.6,6545.58,False,207.62,14.35,-0.33,,7117.08,,False,0
2898,71c395,ABL122,Republic of Korea,1790930937.0,1790930937,135.254,34.4392,,True,4.12,320.62,,,,4312,False,0
2899,71c396,ABL173,Republic of Korea,1790931237.0,1790931237,126.6105,37.292,1150.62,False,90.06,324.77,-4.55,,1257.3,7064,False,0
2900,407e71,EXS321P,United Kingdom,1790931236.0,1790931236,-8.0115,35.1161,11277.6,False,229.52,186.82,0.0,,11811.0,5410,False,0
2901,407e5f,EZY13KM,United Kingdom,1790931236.0,1790931236,4.8616,42.2997,11597.64,False,226.0,17.49,-0.33,,12100.56,1067,False,0
2902,009b06,ZSKFL,South Africa,1790931237.0,1790931237,28.0343,-26.2909,2377.44,False,143.42,235.23,9.75,,2560.32,,False,0
2903,71c389,APZ135,Republic of Korea,1790931236.0,1790931236,-134.2191,59.606,11277.6,False,269.13,103.82,-0.33,,11071.86,,False,0
2904,71c387,APZ3102,Republic of Korea,1790931237.0,1790931237,126.5323,37.3802,495.3,False,81.21,324.8,-4.88,,594.36,3207,False,0
2905,3d6fb7,DFOOD,Germany,1790931237.0,1790931237,11.185,46.2299,6370.32,False,151.94,149.7,-6.5,,6751.32,0136,False,0
2906,a4c104,UPS988,United States,1790931162.0,1790931174,-101.0696,42.6129,11582.4,False,212.37,277.8,0.0,,12047.22,,False,0
2907,aa0533,ABX5214,United States,1790931237.0,1790931237,-81.5409,40.248,11582.4,False,210.13,262.54,0.0,,12176.76,3331,False,0
2908,407e69,EXS579J,United Kingdom,1790931237.0,1790931237,28.1529,37.8831,8191.5,False,184.85,144.63,-8.45,,8397.24,4723,False,0
2909,71c385,EOK324,Republic of Korea,1790931237.0,1790931237,139.7813,37.012,7010.4,False,255.01,81.3,0.0,,7338.06,4341,False,0
2910,407e60,EZY94ZH,United Kingdom,1790931236.0,1790931236,0.6579,48.0761,11277.6,False,220.61,165.41,0.0,,11658.6,0570,False,0
2911,407e61,EZY18FP,United Kingdom,1790931237.0,1790931237,10.7587,52.2784,10614.66,False,216.99,266.47,6.83,,10988.04,1341,False,0
2912,407e4e,EXS34S,United Kingdom,1790931236.0,1790931236,-16.0192,30.1105,11277.6,False,237.28,208.07,0.0,,11894.82,,False,0
2913,a62778,GTI612,United States,1790931236.0,1790931236,122.1438,25.3327,9585.96,False,258.31,44.03,2.6,,10233.66,,False,0
2914,407e53,EXS65MW,United Kingdom,1790931236.0,1790931236,15.9268,43.1435,11277.6,False,249.72,140.77,0.0,,11704.32,3444,False,0
2915,407e54,EXS5UW,United Kingdom,1790931039.0,1790931039,2.4071,39.4292,1402.08,False,112.07,125.66,-10.4,,1798.32,2236,False,0
2916,384bff,M03,France,1790931220.0,1790931220,7.528,47.5988,,True,4.37,135.0,,,,,False,0
2917,781935,CSN5032,China,1790931236.0,1790931236,101.826,2.5784,2042.16,False,141.49,129.25,13.33,,2148.84,,False,0
2918,406b13,TOM2XC,United Kingdom,1790931237.0,1790931237,-10.0698,38.558,12489.18,False,244.46,203.44,0.0,,12992.1,7715,False,0
2919,a48499,UPS928,United States,1790931237.0,1790931237,-98.8856,40.3075,9761.22,False,237.71,250.66,0.0,,10218.42,,False,0
2920,78192a,CXA8479,China,1790931224.0,1790931225,117.959,23.8974,9304.02,False,215.52,245.76,5.2,,9944.1,,False,0
2921,44064a,EJU69BZ,Austria,1790931236.0,1790931236,0.1897,49.3744,11879.58,False,217.75,163.11,1.63,,12199.62,2705,False,0
2922,7805a5,GDC7174,China,1790930951.0,1790930951,116.0117,38.8079,10698.48,False,253.85,39.82,-0.33,,11071.86,,False,0
2923,3cd063,GFD2,Germany,1790931237.0,1790931237,9.3392,52.5148,762.0,False,111.17,7.98,-0.33,,975.36,5071,False,0
2924,86ddb2,JAL128,Japan,1790931237.0,1790931237,139.9597,35.163,2080.26,False,107.76,11.85,-2.93,,2202.18,2205,False,0
2925,3cd061,GFD1,Germany,1790931237.0,1790931237,9.7212,52.4978,449.58,False,80.1,241.62,0.0,,655.32,7757,False,0
2926,a4e6c0,AAL1378,United States,1790931237.0,1790931237,-99.342,33.46,10675.62,False,259.04,92.62,0.0,,11269.98,,False,0
2927,7805ab,CSN3719,China,1790931237.0,1790931237,112.9658,23.373,7010.4,False,224.08,308.47,6.83,,7452.36,,False,0
2928,7c8096,ZOO,Australia,1790931236.0,1790931237,152.4894,-31.2881,1600.2,False,82.45,60.88,-1.63,,1767.84,1200,False,0
2929,ab6c08,DAL24,United States,1790931236.0,1790931237,0.3451,46.4175,10668.0,False,248.46,122.57,0.0,,11079.48,6327,False,0
2930,440668,AUA22D,Austria,1790931236.0,1790931237,8.9189,50.0103,10058.4,False,242.94,104.6,0.0,,10447.02,1000,False,0
2931,851492,JAL497,Japan,1790931237.0,1790931237,135.7741,33.7504,9144.0,False,213.92,232.52,0.33,,9707.88,4603,False,0
2932,440666,AUA207V,Austria,1790931237.0,1790931237,16.5422,48.0268,1104.9,False,131.76,255.53,12.68,,1318.26,1000,False,0
2933,440665,AUA831S,Austria,1790931234.0,1790931237,21.9891,42.3387,10668.0,False,234.72,157.99,0.0,,10957.56,7105,False,0
2934,a506da,,United States,1790931236.0,1790931236,127.7743,26.3551,,True,5.4,42.19,,,,,False,0
2935,a16c3a,DAL205,United States,1790931234.0,1790931234,17.9563,59.6486,,True,0.0,101.25,,,,,False,0
2936,48c1d7,SPROY,Poland,1790931179.0,1790931233,21.3292,50.3331,289.56,False,53.0,181.11,,,472.44,0002,False,0
2937,47a1ef,NSZ5524,Norway,1790931236.0,1790931236,5.5139,58.9689,609.6,False,101.52,96.69,-5.53,,784.86,,False,0
2938,44065b,AUA423M,Austria,1790931234.0,1790931235,4.2251,40.1451,7010.4,False,202.92,233.97,0.0,,7437.12,1000,False,0
2939,7805d9,CES2177,China,1790930943.0,1790930953,117.3642,39.1389,-68.58,False,64.43,154.46,-0.98,,0.0,,False,0
2940,440614,EJU5060,Austria,1790931237.0,1790931237,12.794,49.7149,10668.0,False,239.99,15.29,-4.88,,11094.72,1000,False,0
2941,440612,EJU84QM,Austria,1790931236.0,1790931237,-0.1267,42.839,10355.58,False,251.9,52.22,0.33,,10828.02,1000,False,0
2942,503cb3,ELY5112,Lithuania,1790931236.0,1790931236,21.1497,37.8939,10668.0,False,229.59,110.87,0.0,,10881.36,,False,0
2943,a2a6fe,FDX1754,United States,1790931237.0,1790931237,-89.6471,39.3993,10370.82,False,212.18,258.39,0.0,,10896.6,4042,False,0
2944,3949c4,FGSOE,France,1790931236.0,1790931236,7.0457,43.7726,1104.9,False,34.61,191.14,0.98,,1303.02,,False,0
2945,440608,AUA38TZ,Austria,1790931237.0,1790931237,9.5732,44.8609,10363.2,False,242.41,53.54,0.0,,10812.78,1000,False,0
2946,440605,AUA801C,Austria,1790931236.0,1790931236,22.343,41.5015,10881.36,False,242.1,160.64,-2.6,,11148.06,7117,False,0
2947,440604,AUA57C,Austria,1790931237.0,1790931237,15.5122,46.4886,9448.8,False,228.89,16.32,0.0,,9883.14,1000,False,0
2948,401087,CBM88,United Kingdom,1790931237.0,1790931237,-5.2702,51.1325,8564.88,False,123.99,289.64,0.0,,8801.1,4221,False,0
2949,503cbb,KLJ7287,Lithuania,1790931236.0,1790931236,22.8757,40.5695,1356.36,False,105.94,343.06,11.38,,1531.62,,False,0
2950,48c1a7,RYR5GK,Poland,1790931236.0,1790931237,14.5203,47.0999,11582.4,False,225.29,320.93,0.0,,12009.12,1353,False,0
2951,48c1a5,RYR4TB,Poland,1790931220.0,1790931220,14.4966,35.8436,,True,0.0,163.12,,,,,False,0
2952,48c1a2,RYR7UN,Poland,1790931170.0,1790931206,2.2527,57.6158,11277.6,False,244.76,67.64,0.0,,11422.38,4741,False,0
2953,a230a6,N240GS,United States,1790931236.0,1790931236,-1.7923,51.0459,1775.46,False,66.76,65.41,7.15,,1988.82,0033,False,0
2954,385f2f,FBXZP,France,1790931211.0,1790931211,2.3232,49.1658,182.88,False,40.76,94.34,-2.28,,396.24,,False,0
2955,3cf68e,ADN64E,Germany,1790931237.0,1790931237,7.5296,59.058,12192.0,False,250.29,344.14,0.0,,12420.6,6445,False,0
2956,4b9dec,THY6473,Turkey,1790931237.0,1790931237,17.1599,47.2583,11582.4,False,227.27,294.19,0.0,,11986.26,5311,False,0
2957,44061d,EJU49XA,Austria,1790931237.0,1790931237,5.7557,44.311,9448.8,False,229.87,189.27,-0.33,,9898.38,1000,False,0
2958,44061b,EJU7980,Austria,1790931237.0,1790931237,-1.1322,44.5315,11574.78,False,235.37,26.06,0.0,,11993.88,1000,False,0
2959,ab1122,DAL2789,United States,1790931237.0,1790931237,-111.7398,42.1766,10668.0,False,252.98,71.01,0.0,,11193.78,3245,False,0
2960,7c8032,RXA4632,Australia,1790931235.0,1790931235,138.5417,-34.9417,-68.58,False,55.86,229.86,-2.6,,30.48,,False,0
2961,503d62,ELY5194,Lithuania,1790931237.0,1790931237,25.9159,39.3176,10058.4,False,229.23,136.27,0.0,,10241.28,7107,False,0
2962,3949ea,AFR443,France,1790931236.0,1790931237,-14.0895,29.5533,11582.4,False,242.57,25.1,0.0,,12207.24,,False,0
2963,45aa4f,DTR1712,Denmark,1790931236.0,1790931236,9.2822,45.3973,198.12,False,62.9,356.25,-3.58,,388.62,1000,False,0
2964,7cf676,1EUQ669,Australia,1790931236.0,1790931236,115.9569,-31.9381,,True,6.17,36.56,,,,,False,0
2965,090057,D2ECE,Angola,1790931236.0,1790931236,13.2229,-8.2816,4640.58,False,169.87,143.37,-7.48,,4960.62,,False,0
2966,a25800,FDX1406,United States,1790931236.0,1790931236,-82.6746,38.847,11285.22,False,265.98,57.08,0.0,,11932.92,1651,False,0
2967,4631cd,ABF2,Finland,1790931237.0,1790931237,18.7503,46.7064,13716.0,False,220.85,193.74,-0.33,,14036.04,1140,False,0
2968,155c21,AZO6030,Russian Federation,1790930053.0,1790931135,44.2212,42.1285,8122.92,False,248.67,357.75,0.0,,9936.48,3145,False,0
2969,45aa59,DNU958,Denmark,1790931237.0,1790931237,9.145,51.5504,7010.4,False,121.41,196.75,0.0,,7345.68,3521,False,0
2970,ac5765,SWA1342,United States,1790931236.0,1790931236,-87.2519,41.1654,11277.6,False,274.12,101.04,0.33,,11788.14,,False,0
2971,a613e0,ASA624,United States,1790931237.0,1790931237,-86.2148,39.9351,1318.26,False,150.17,107.75,-4.88,,1333.5,,False,0
2972,06a079,QTR36A,Qatar,1790931039.0,1790931039,51.616,25.2762,,True,10.8,188.44,,,,3504,False,0
2973,45aa4b,SAS68R,Denmark,1790931237.0,1790931237,21.0148,44.5458,10675.62,False,246.75,158.09,0.0,,10721.34,7674,False,0
2974,06a072,QTR65R,Qatar,1790931237.0,1790931237,15.7036,44.9656,10668.0,False,258.65,135.56,0.0,,11087.1,5256,False,0
2975,7c8025,RXA6133,Australia,1790930747.0,1790931219,151.1908,-33.9593,-83.82,False,42.07,168.0,0.0,,30.48,4201,False,0
2976,06a080,QTR8806,Qatar,1790931237.0,1790931237,-5.225,55.1731,9753.6,False,237.05,312.45,0.0,,9867.9,0110,False,0
2977,7c8021,RXA6392,Australia,1790931236.0,1790931236,152.5869,-31.8642,3048.0,False,144.5,27.57,-7.8,,3246.12,1417,False,0
2978,a89c23,FFT1490,United States,1790931214.0,1790931214,-115.1365,36.0832,,True,0.0,137.81,,,,,False,0
2979,78069e,CES7601,China,1790931236.0,1790931236,99.6587,12.7496,10972.8,False,224.71,170.65,-0.33,,11689.08,,False,0
2980,06a089,QTR50P,Qatar,1790931237.0,1790931237,37.4816,34.8935,10972.8,False,235.45,340.34,0.0,,11391.9,,False,0
2981,a6ac43,VOI7879,United States,1790931237.0,1790931237,-118.3191,33.6105,4130.04,False,177.17,117.31,9.75,,4343.4,1036,False,0
2982,49d10f,OKFTR,Czech Republic,1790931237.0,1790931237,12.6236,47.8247,6972.3,False,184.63,78.75,-7.15,,7338.06,1000,False,0
2983,39cf07,AFR935,France,1790931237.0,1790931237,1.5578,48.6449,3131.82,False,153.01,25.7,-3.9,,3368.04,5564,False,0
2984,06a07f,QTR8277,Qatar,1790931236.0,1790931236,51.7303,25.2104,967.74,False,141.12,75.86,5.53,,998.22,2102,False,0
2985,39cf09,AFR934,France,1790931237.0,1790931237,2.8289,48.937,1943.1,False,141.32,200.68,12.03,,2164.08,7647,False,0
2986,06a07e,QTR1007,Qatar,1790931075.0,1790931077,51.6029,25.2681,,True,5.92,157.5,,,,6237,False,0
2987,06a07b,QTR872,Qatar,1790931236.0,1790931236,72.5228,22.9499,10668.0,False,263.3,85.18,0.0,,11353.8,,False,0
2988,39cf01,AFR194,France,1790931237.0,1790931237,2.6978,49.003,883.92,False,90.28,85.75,8.13,,1097.28,7551,False,0
2989,39cf06,AFR53X,France,1790931049.0,1790931049,2.583,49.0001,,True,9.26,267.19,,,,6326,False,0
2990,06a098,QTR34B,Qatar,1790931236.0,1790931236,20.8233,45.3324,10675.62,False,232.85,148.28,0.33,,11026.14,7101,False,0
2991,06a096,QTR1062,Qatar,1790930926.0,1790930926,55.5505,25.3121,144.78,False,76.78,302.41,-4.55,,312.42,2175,False,0
2992,a999df,GTI4312,United States,1790931237.0,1790931237,-94.0778,44.7486,10972.8,False,224.97,321.87,-0.33,,11247.12,2622,False,0
2993,39cf0a,AFR188,France,1790931237.0,1790931237,112.7289,23.279,9425.94,False,237.49,147.65,-5.2,,10050.78,,False,0
2994,503d74,AHY033,Lithuania,1790931237.0,1790931237,23.2395,43.2577,10972.8,False,237.98,276.08,0.0,,11254.74,2367,False,0
2995,503d73,HST785,Lithuania,1790929792.0,1790931236,24.5745,46.805,10668.0,False,214.27,134.32,0.0,,11064.24,4525,False,0
2996,503d72,HST3582,Lithuania,1790931237.0,1790931237,13.4333,42.4818,10972.8,False,213.27,12.96,0.0,,11430.0,6172,False,0
2997,45aa53,NSZ3851,Denmark,1790931237.0,1790931237,1.4362,51.9236,9585.96,False,246.62,69.49,13.98,,9875.52,3412,False,0
2998,7c8007,ZKP,Australia,1790931236.0,1790931236,116.5626,-32.3213,1295.4,False,57.12,226.09,-0.65,,1325.88,6000,False,0
2999,06a08e,QTR80B,Qatar,1790931221.0,1790931221,38.9275,32.2018,10370.82,False,234.9,333.32,0.0,,10881.36,,False,0
3000,06a08d,QTR6U,Qatar,1790931236.0,1790931237,52.8308,24.7924,6096.0,False,197.04,284.98,0.0,,6507.48,1760,False,0
3001,39cf10,AFR511,France,1790931236.0,1790931236,-2.8717,45.489,12809.22,False,262.11,33.47,-4.88,,13167.36,5444,False,0
3002,155c33,AZO6153,Russian Federation,1790931237.0,1790931237,44.8261,41.6029,2514.6,False,148.96,128.69,-7.15,,2628.9,1002,False,0
3003,7cf62e,1GAQ473,Australia,1790931236.0,1790931236,115.9555,-31.9406,,True,0.0,36.56,,,,,False,0
3004,3949f0,AFR836,France,1790931237.0,1790931237,2.0971,48.8952,4869.18,False,195.76,264.87,10.73,,5143.5,5616,False,0
3005,8406e8,JAL919,Japan,1790931237.0,1790931237,127.9642,26.4926,2461.26,False,149.91,204.1,-7.15,,2628.9,,False,0
3006,3949f4,AFR359P,France,1790931237.0,1790931237,-10.7739,51.2494,11277.6,False,263.41,107.62,0.0,,11468.1,6314,False,0
3007,a77c11,UAL978,United States,1790931237.0,1790931237,-6.7369,56.0967,9624.06,False,260.04,74.04,-5.53,,9677.4,,False,0
3008,407ccd,GDDAD,United Kingdom,1790931237.0,1790931237,-0.3529,51.6654,190.5,False,44.74,351.4,2.6,,388.62,,False,0
3009,4404db,GAC370R,Austria,1790931237.0,1790931237,11.4048,48.1717,1059.18,False,95.92,229.13,0.0,,1280.16,1000,False,0
3010,49d13d,EWG8JA,Czech Republic,1790931235.0,1790931235,28.0828,36.4025,,True,8.23,250.31,,,,,False,0
3011,a2450b,UAL2656,United States,1790931236.0,1790931236,-77.3148,42.0497,10652.76,False,273.19,73.82,0.0,,11216.64,3433,False,0
3012,342210,FIN09DM,Spain,1790931237.0,1790931237,-2.8079,41.9283,6812.28,False,243.7,27.81,6.83,,7200.9,4616,False,0
3013,86ddf0,ANA455,Japan,1790931236.0,1790931236,132.4081,33.953,9616.44,False,213.16,219.22,-2.93,,10180.32,2211,False,0
3014,e49b51,GLO2121,Brazil,1790931236.0,1790931236,-44.1012,-15.0821,11582.4,False,234.6,179.37,0.33,,12291.06,,False,0
3015,e4a2b7,AZU4060,Brazil,1790931237.0,1790931237,-47.7707,-24.5028,10020.3,False,233.25,49.74,7.15,,10477.5,,False,0
3016,a89c18,FDX1162,United States,1790931236.0,1790931236,-97.9932,34.6685,10363.2,False,253.33,330.83,0.0,,10934.7,,False,0
3017,407cb4,RUK2242,United Kingdom,1790931237.0,1790931237,7.7927,47.5678,11277.6,False,236.44,124.45,0.0,,11673.84,5213,False,0
3018,407cb3,RUK85XY,United Kingdom,1790931237.0,1790931237,9.1244,58.5194,11582.4,False,202.01,215.67,0.0,,11826.24,,False,0
3019,4010ea,EZY53RY,United Kingdom,1790931237.0,1790931237,-7.9237,38.9599,11582.4,False,215.16,350.09,0.0,,12070.08,2273,False,0
3020,4a35b6,MAI337,Romania,1790931236.0,1790931236,26.5841,44.5348,160.02,False,50.54,85.91,0.33,,358.14,,False,0
3021,4010ee,EZY178J,United Kingdom,1790931236.0,1790931236,-1.0,52.5511,11109.96,False,218.13,332.47,6.83,,11338.56,6364,False,0
3022,4010ed,EZY54DP,United Kingdom,1790931237.0,1790931237,11.6031,45.808,11590.02,False,218.07,302.38,0.0,,12031.98,0252,False,0
3023,4010ec,EZY794E,United Kingdom,1790931237.0,1790931237,-5.9423,54.7304,944.88,False,79.3,247.09,-3.25,,1066.8,7762,False,0
3024,48b191,SPMMS,Poland,1790931236.0,1790931236,12.5752,44.7502,7620.0,False,112.38,209.03,0.0,,8023.86,1000,False,0
3025,39bd91,FHPMR,France,1790931236.0,1790931236,4.33,43.6556,289.56,False,48.4,357.56,-0.33,,472.44,5430,False,0
3026,a16bea,N191AH,United States,1790931236.0,1790931237,-1.1694,51.7357,1379.22,False,74.97,223.33,-0.33,,1562.1,1177,False,0
3027,4010dd,EFW16PH,United Kingdom,1790931236.0,1790931236,-4.9275,45.7367,10660.38,False,222.11,201.75,0.0,,11033.76,0560,False,0
3028,4010dc,EFW461M,United Kingdom,1790931237.0,1790931237,-4.7364,46.4071,10675.62,False,219.18,204.4,0.0,,11041.38,5672,False,0
3029,4010db,EFW79YW,United Kingdom,1790931237.0,1790931237,0.329,49.294,9304.02,False,233.07,165.69,5.53,,9646.92,7705,False,0
3030,4010da,EFW527R,United Kingdom,1790931237.0,1790931237,-8.1052,43.4636,10058.4,False,220.31,211.54,0.0,,10462.26,2077,False,0
3031,a54ed7,HUGIN01,United States,1790929835.0,1790931237,23.011,53.4411,5486.4,False,104.76,4.51,0.0,,5806.44,2651,False,0
3032,4406f0,EJU53FT,Austria,1790931237.0,1790931237,2.7859,49.0549,2209.8,False,142.96,28.59,17.23,,2407.92,5621,False,0
3033,a4d520,N410LF,United States,1790930963.0,1790930963,-117.0972,46.748,746.76,False,2.77,338.2,1.3,,762.0,,False,0
3034,406c81,EXS77TB,United Kingdom,1790931237.0,1790931237,-3.1581,47.4614,11887.2,False,212.08,190.76,0.0,,12237.72,2061,False,0
3035,406c80,EXS3651,United Kingdom,1790931236.0,1790931237,2.297,41.7207,11277.6,False,222.34,165.8,0.0,,11772.9,2060,False,0
3036,3ce0f7,PVD489G,Germany,1790931236.0,1790931236,5.9956,45.8795,7559.04,False,177.61,206.86,10.08,,7970.52,,False,0
3037,a3b557,UPS474,United States,1790931237.0,1790931237,-81.0401,41.4766,10675.62,False,281.37,51.83,0.0,,11209.02,6621,False,0
3038,76b444,SIA736,Singapore,1790931237.0,1790931237,102.1035,2.6187,10195.56,False,239.84,347.99,7.15,,10896.6,2226,False,0
3039,51016a,BRU717,Belarus,1790931237.0,1790931237,55.4985,25.1785,624.84,False,90.2,302.42,-0.98,,655.32,2347,False,0
3040,76b446,SIA138,Singapore,1790931236.0,1790931236,100.9444,4.3379,5661.66,False,213.93,315.97,-8.78,,6027.42,0151,False,0
3041,76b447,SIA115,Singapore,1790931236.0,1790931236,101.9411,2.4344,3025.14,False,145.32,125.49,8.45,,3185.16,,False,0
3042,76b449,SIA113,Singapore,1790931237.0,1790931237,104.2406,1.2924,2263.14,False,134.5,349.42,-2.93,,2400.3,2127,False,0
3043,406c71,,United Kingdom,1790931218.0,1790931229,18.617,42.7284,6118.86,False,190.64,350.05,10.4,,6461.76,,False,0
3044,a35254,DAL925,United States,1790931231.0,1790931236,-149.9826,61.1727,,True,0.06,326.25,,,,6650,False,0
3045,4b9e4f,STW321,Turkey,1790931236.0,1790931236,39.2059,41.5592,10363.2,False,253.18,13.27,0.33,,10576.56,5171,False,0
3046,76b456,SIA135,Singapore,1790931236.0,1790931237,104.2278,1.4919,2179.32,False,109.05,346.36,-5.2,,2316.48,5107,False,0
3047,4b9e4b,STW173,Turkey,1790930701.0,1790931236,27.0,48.0,10668.0,False,562.57,348.61,0.0,,11353.8,2654,False,0
3048,e082d7,ARG1840,Argentina,1790931236.0,1790931237,-60.2138,-37.6333,10972.8,False,210.7,210.2,0.0,,11109.96,1656,False,0
3049,7cf865,DRGN16,Australia,1790931237.0,1790931237,149.1777,-34.1348,10507.98,False,211.02,9.12,5.2,,10888.98,1534,False,0
3050,76b44d,SIA919,Singapore,1790931103.0,1790931103,121.0176,14.5129,,True,5.4,135.0,,,,,False,0
3051,76b44e,SIA158,Singapore,1790931235.0,1790931235,103.9988,1.3619,,True,3.34,132.19,,,,,False,0
3052,c03261,ACA7255,Canada,1790931237.0,1790931237,-75.855,12.5077,10668.0,False,234.27,45.0,0.0,,11346.18,5527,False,0
3053,e082d6,ARG1867,Argentina,1790931234.0,1790931234,-60.043,-39.2709,11277.6,False,246.5,17.49,0.33,,11353.8,,False,0
3054,76b45a,SIA525,Singapore,1790931237.0,1790931237,103.4245,0.973,6614.16,False,156.11,140.75,-7.48,,7056.12,,False,0
3055,8514f8,JAL574,Japan,1790931237.0,1790931237,139.7882,35.5601,,True,7.72,149.06,,,,4773,False,0
3056,a017c9,FDX1711,United States,1790931236.0,1790931236,-86.0616,40.2593,6278.88,False,252.89,46.4,10.73,,6560.82,,False,0
3057,a5f581,UAL8107,United States,1790931236.0,1790931236,-91.9219,44.5949,10058.4,False,273.18,89.57,-0.33,,10363.2,,False,0
3058,7bb0bf,CSN6477,China,1790931222.0,1790931236,113.4192,22.5861,1508.76,False,127.17,69.15,0.0,,1584.96,,False,0
3059,407f42,EAG1KW,United Kingdom,1790931237.0,1790931237,-5.5604,54.7188,1310.64,False,131.38,297.27,-7.48,,1424.94,7623,False,0
3060,407f38,EXS73KS,United Kingdom,1790931236.0,1790931237,-4.3186,41.299,11277.6,False,232.75,184.56,0.0,,11727.18,0515,False,0
3061,3c088d,CFG3KJ,Germany,1790931236.0,1790931236,7.783,47.982,10355.58,False,229.72,199.08,0.33,,10782.3,1000,False,0
3062,407f35,EZY95YJ,United Kingdom,1790931237.0,1790931237,16.2498,46.1185,11277.6,False,237.89,116.73,0.0,,11704.32,3472,False,0
3063,a9c506,ASA259,United States,1790931236.0,1790931237,-156.1527,20.8763,5836.92,False,224.56,357.24,5.2,,6202.68,,False,0
3064,a47244,ASA830,United States,1790931237.0,1790931237,-91.6957,41.5111,12496.8,False,287.2,82.9,0.0,,12984.48,2763,False,0
3065,407f0e,RUK768,United Kingdom,1790931237.0,1790931237,-2.2683,53.3593,,True,3.86,357.19,,,,7721,False,0
3066,c8806f,FJI392,Fiji,1790931034.0,1790931034,113.8975,22.2979,,True,3.34,163.12,,,,,False,0
3067,407f8c,EXS67FW,United Kingdom,1790931235.0,1790931237,2.8606,39.8828,3924.3,False,139.92,195.57,-2.6,,4221.48,0572,False,0
3068,407f8d,EXS1RG,United Kingdom,1790931237.0,1790931237,25.8693,39.3869,11277.6,False,226.66,148.84,0.0,,11468.1,2042,False,0
3069,c0583f,ACA887,Canada,1790931236.0,1790931236,16.3334,48.4657,3848.1,False,201.82,311.9,8.13,,4145.28,4556,False,0
3070,a50894,UPS592,United States,1790931237.0,1790931237,-93.0251,40.4457,10972.8,False,224.29,294.1,0.0,,11422.38,6720,False,0
3071,407f96,TOM2EH,United Kingdom,1790931237.0,1790931237,9.4682,44.0298,11887.2,False,238.99,123.59,0.0,,12344.4,2730,False,0
3072,a7dea2,AXO940,United States,1790931113.0,1790931113,-81.9706,34.9026,251.46,False,47.72,41.94,-2.6,,289.56,1200,False,0
3073,3434ce,GES401V,Spain,1790931236.0,1790931236,9.4721,45.0,1988.82,False,105.26,306.25,-3.58,,2202.18,1000,False,0
3074,44079a,EJU16CF,Austria,1790931236.0,1790931237,14.7817,45.8189,10972.8,False,219.13,350.4,0.0,,11407.14,1000,False,0
3075,3c4ec7,BCS364,Germany,1790931219.0,1790931237,-66.3726,42.8111,11582.4,False,238.38,249.14,0.0,,12184.38,,False,0
3076,780707,CHH7708,China,1790931237.0,1790931237,113.2649,23.2901,6012.18,False,210.09,317.48,2.6,,6400.8,,False,0
3077,407f7b,EXS89WN,United Kingdom,1790931237.0,1790931237,-4.6409,38.5819,10980.42,False,216.86,197.96,-9.1,,11483.34,2040,False,0
3078,c0582b,ACA864,Canada,1790931213.0,1790931213,-0.4537,51.4649,-129.54,False,57.62,270.0,-0.33,,76.2,1251,False,0
3079,407f85,LOG87YU,United Kingdom,1790931237.0,1790931237,-3.6675,56.2196,2286.0,False,114.45,204.15,-4.88,,2400.3,6460,False,0
3080,c0583a,ACA841,Canada,1790931237.0,1790931237,5.7352,51.5043,10363.2,False,233.44,320.28,-0.33,,10698.48,0130,False,0
3081,407f89,GFRGP,United Kingdom,1790931235.0,1790931235,-1.3816,52.3249,,True,0.06,47.81,,,,0010,False,0
3082,510115,BRU957,Belarus,1790931027.0,1790931232,36.1448,54.7702,8115.3,False,27.8,128.99,-5.2,,7155.18,6441,False,0
3083,840944,JJP984,Japan,1790931237.0,1790931237,141.1199,42.3303,8473.44,False,146.41,241.45,4.88,,8442.96,,False,0
3084,7bb0e8,CSN8569,China,1790930958.0,1790930959,118.2481,39.7442,9479.28,False,254.26,56.05,0.0,,9784.08,,False,0
3085,407f5f,EZY57UG,United Kingdom,1790931236.0,1790931236,-7.6429,40.6259,10668.0,False,225.09,196.74,0.0,,11155.68,2170,False,0
3086,c0584f,ACA828,Canada,1790931108.0,1790931108,12.6493,55.6256,,True,0.0,87.19,,,,1444,False,0
3087,a3fbfc,WGN9356,United States,1790931236.0,1790931236,-121.0348,39.09,6225.54,False,216.04,242.95,-15.28,,6560.82,1332,False,0
3088,407f65,EZY61VT,United Kingdom,1790931237.0,1790931237,0.9691,46.889,10660.38,False,231.06,173.22,0.0,,11087.1,7716,False,0
3089,a74871,ATN3337,United States,1790931236.0,1790931236,-122.3086,47.3753,396.24,False,80.25,0.37,-3.9,,403.86,7360,False,0
3090,407f66,EZY19BE,United Kingdom,1790931236.0,1790931236,-0.1188,51.158,121.92,False,65.4,257.28,-3.25,,335.28,4065,False,0
3091,407f63,EZY13ZR,United Kingdom,1790931235.0,1790931236,18.803,44.1881,11269.98,False,231.86,131.22,0.0,,11643.36,3441,False,0
3092,407f64,EZY21YT,United Kingdom,1790931237.0,1790931237,-3.6741,41.4701,7726.68,False,208.9,5.79,7.48,,8122.92,4613,False,0
3093,407f67,EZY53JV,United Kingdom,1790931107.0,1790931140,5.2041,43.4444,731.52,False,94.6,133.68,-5.2,,83.82,6344,False,0
3094,a5e229,ASA2623,United States,1790931237.0,1790931237,-120.5815,39.0641,4572.0,False,193.34,277.03,-9.75,,4831.08,6045,False,0
3095,adfd6d,CNV6301,United States,1790931236.0,1790931237,5.7587,58.7193,2529.84,False,88.04,146.68,9.1,,2712.72,,False,0
3096,407f61,EZY47DZ,United Kingdom,1790931216.0,1790931216,-1.0837,37.5213,1516.38,False,146.93,250.36,-3.25,,1767.84,2715,False,0
3097,407f62,EZY46XP,United Kingdom,1790931235.0,1790931237,20.263,43.1984,11285.22,False,239.41,133.78,0.33,,11620.5,4752,False,0
3098,78071b,HLF9870,China,1790931237.0,1790931237,134.9694,34.8534,10972.8,False,210.77,256.88,0.0,,11597.64,3175,False,0
3099,851580,JAL520,Japan,1790931237.0,1790931237,141.6782,41.8409,9464.04,False,167.85,218.03,10.4,,9532.62,,False,0
3100,7806ab,GCR7457,China,1790930957.0,1790930957,117.3484,39.1269,,True,4.37,334.69,,,,,False,0
3101,7819dd,CES2917,China,1790931220.0,1790931232,113.2006,23.1031,1501.14,False,105.19,13.29,-0.33,,1569.72,,False,0
3102,7806c0,CCA8378,China,1790930959.0,1790930959,116.9764,39.0088,3954.78,False,199.39,174.82,11.38,,4084.32,,False,0
3103,3ce25a,BID52B,Germany,1790931237.0,1790931237,7.2357,50.0851,5791.2,False,145.15,105.42,0.65,,6141.72,4717,False,0
3104,a84298,N631MT,United States,1790931006.0,1790931006,-83.158,36.1244,1173.48,False,78.48,75.96,0.0,,1234.44,,False,0
3105,44075f,OEXPR,Austria,1790931237.0,1790931237,14.1479,48.2593,457.2,False,37.55,131.11,0.0,,670.56,7000,False,0
3106,a53d2c,AAL2301,United States,1790931237.0,1790931237,-95.3042,37.7031,10050.78,False,269.4,71.63,0.0,,10568.94,,False,0
3107,a124d4,FDX1837,United States,1790931231.0,1790931236,-122.2174,37.7204,,True,0.0,219.38,,,,4746,False,0
3108,5100fc,BRU987,Belarus,1790930524.0,1790931237,28.691,54.1039,9281.16,False,167.0,46.12,8.78,,4724.4,6444,False,0
3109,406ae9,TOM456,United Kingdom,1790930953.0,1790931047,-8.344,33.5037,10668.0,False,226.6,220.49,0.0,,11231.88,1156,False,0
3110,406ae3,EFW741W,United Kingdom,1790931235.0,1790931235,19.4293,41.5677,10660.38,False,241.39,148.95,-0.33,,11003.28,3466,False,0
3111,a591a4,UPS634,United States,1790931237.0,1790931237,-89.7644,40.4221,7924.8,False,198.99,195.9,0.0,,8267.7,,False,0
3112,407f0d,RUK65MT,United Kingdom,1790931237.0,1790931237,5.7142,50.5331,11277.6,False,245.19,114.41,0.0,,11620.5,0520,False,0
3113,440735,EJU72MK,Austria,1790931236.0,1790931236,-1.6636,53.8697,,True,2.57,298.12,,,,,False,0
3114,440732,EJU62MY,Austria,1790931237.0,1790931237,4.2682,52.0765,2400.3,False,144.82,17.15,-5.2,,2613.66,1000,False,0
3115,c030bb,ROU1888,Canada,1790931236.0,1790931237,-91.2463,31.5532,11277.6,False,238.71,33.93,-0.65,,11993.88,,False,0
3116,3e353e,FSE1C,Germany,1790931237.0,1790931237,17.8469,49.5727,3596.64,False,123.43,245.89,14.63,,3886.2,,False,0
3117,a9c52e,NCR864,United States,1790931237.0,1790931237,13.649,50.1046,12496.8,False,254.88,28.84,0.0,,12885.42,7355,False,0
3118,c030eb,ROU1704,Canada,1790931237.0,1790931237,-104.5219,41.7388,10668.0,False,255.87,78.28,0.0,,11170.92,,False,0
3119,a2dd59,FDX1750,United States,1790931237.0,1790931237,-90.7358,39.1771,9761.22,False,209.0,265.48,0.0,,10256.52,6631,False,0
3120,48c2af,RYR9113,Poland,1790931236.0,1790931237,31.0558,35.2366,10972.8,False,242.58,346.76,0.0,,11239.5,4266,False,0
3121,48c2ae,RYR88MT,Poland,1790931237.0,1790931237,23.3097,43.5752,10972.8,False,215.92,350.54,0.0,,11262.36,2233,False,0
3122,48c2ab,RYR2021,Poland,1790931236.0,1790931236,7.0395,49.6664,10972.8,False,220.43,276.16,0.0,,11361.42,1000,False,0
3123,48c2ac,RYR9WQ,Poland,1790931237.0,1790931237,18.3772,50.5758,5494.02,False,187.49,92.83,-8.13,,5852.16,4631,False,0
3124,48c2b7,RYR29EN,Poland,1790931237.0,1790931237,-4.2227,36.6215,2552.7,False,142.23,49.11,10.73,,2758.44,,False,0
3125,48c2b8,RYR2655,Poland,1790931237.0,1790931237,-0.7227,39.437,11277.6,False,219.73,225.76,0.0,,11765.28,4032,False,0
3126,48c2b6,RYR29HK,Poland,1790931237.0,1790931237,6.2422,50.0173,11277.6,False,241.72,123.01,0.0,,11650.98,3450,False,0
3127,48c2b1,RYR389U,Poland,1790931237.0,1790931237,14.1349,48.6537,11582.4,False,228.04,291.3,0.0,,12016.74,1000,False,0
3128,40116c,GCDOK,United Kingdom,1790931223.0,1790931235,-1.8302,50.9973,396.24,False,36.28,108.18,0.0,,586.74,,False,0
3129,407dc5,VIR3N,United Kingdom,1790931236.0,1790931236,-12.0642,52.1328,11582.4,False,213.28,266.96,0.0,,11711.94,1411,False,0
3130,503c48,ISR886,Lithuania,1790929950.0,1790931236,41.61,41.6057,7208.52,False,0.39,137.81,,,,6755,False,0
3131,342396,VLG61JC,Spain,1790931237.0,1790931237,-2.3104,40.8515,10675.62,False,222.82,173.1,0.33,,11140.44,1000,False,0
3132,503c43,LYRME,Lithuania,1790929650.0,1790931230,22.7889,54.1333,1973.58,False,51.17,257.22,0.0,,2164.08,7021,False,0
3133,71c517,APZ132,Republic of Korea,1790931111.0,1790931133,-95.7337,65.5188,10363.2,False,255.22,312.63,-0.33,,9906.0,,False,0
3134,71c515,KAL041,Republic of Korea,1790931236.0,1790931236,128.1897,37.3772,7909.56,False,278.3,110.11,6.18,,8237.22,4345,False,0
3135,7c814f,ZTT,Australia,1790931237.0,1790931237,152.9828,-27.5489,190.5,False,52.51,221.03,-2.6,,335.28,,False,0
3136,71c510,AAR124,Republic of Korea,1790930986.0,1790931002,136.8189,34.8021,243.84,False,85.46,348.89,-4.55,,975.36,4305,False,0
3137,407daa,REV991,United Kingdom,1790931196.0,1790931196,-2.1899,49.2069,,True,6.43,261.56,,,,6214,False,0
3138,48c2a8,RYR9GA,Poland,1790931237.0,1790931237,10.6675,51.807,11277.6,False,236.23,96.75,0.33,,11650.98,4645,False,0
3139,48c2a9,RYR9ZE,Poland,1790931236.0,1790931236,23.8209,35.9406,4518.66,False,188.74,340.58,12.03,,4655.82,,False,0
3140,48c2a6,RYR6TT,Poland,1790931237.0,1790931237,16.9277,48.8003,10058.4,False,215.72,51.68,0.0,,10477.5,1233,False,0
3141,48c2a7,RYR43VN,Poland,1790931237.0,1790931237,10.0097,50.6818,11277.6,False,238.08,111.02,0.0,,11658.6,4641,False,0
3142,48c2a5,RYR4VA,Poland,1790931237.0,1790931237,4.3785,52.4841,11277.6,False,249.8,105.9,0.0,,11559.54,3451,False,0
3143,48c2a3,RYR8JY,Poland,1790931181.0,1790931181,-0.6924,38.3009,510.54,False,83.9,99.17,-3.9,,1424.94,1000,False,0
3144,48c2a0,RYR9AB,Poland,1790931237.0,1790931237,18.895,49.7667,3558.54,False,181.63,49.13,-10.4,,3870.96,1273,False,0
3145,48c2a1,RYR11HY,Poland,1790931236.0,1790931236,10.5759,50.0888,11277.6,False,234.99,106.93,0.0,,11673.84,7304,False,0
3146,a3c900,FFT1961,United States,1790931236.0,1790931237,-114.0878,35.7478,4960.62,False,176.28,280.42,-7.48,,5234.94,,False,0
3147,71c504,ABL787,Republic of Korea,1790931237.0,1790931237,126.706,36.3804,7985.76,False,231.15,177.83,6.18,,8351.52,7155,False,0
3148,71c505,KAL2131,Republic of Korea,1790931237.0,1790931237,140.3965,35.7745,,True,8.23,149.06,,,,7111,False,0
3149,a9fa04,AMX014,United States,1790931237.0,1790931237,-56.2212,-14.8328,11887.2,False,283.98,138.75,-0.33,,12611.1,,False,0
3150,71c502,TWB161,Republic of Korea,1790931237.0,1790931237,122.3474,25.5213,11590.02,False,248.67,194.01,-0.33,,12382.5,,False,0
3151,71c501,TWB532,Republic of Korea,1790931237.0,1790931237,-124.88,49.7072,10088.88,False,202.92,301.31,3.25,,10248.9,,False,0
3152,45ab4b,JTD375,Denmark,1790931236.0,1790931237,33.5798,34.8385,3695.7,False,141.75,129.7,-7.48,,3840.48,7424,False,0
3153,45ab4d,JTD659,Denmark,1790930659.0,1790931077,24.361,36.2094,5280.66,False,140.77,140.78,-5.2,,5402.58,4541,False,0
3154,407da5,VIR22Q,United Kingdom,1790931237.0,1790931237,-0.0172,51.5045,1188.72,False,88.63,234.93,-3.25,,1402.08,7666,False,0
3155,7c812c,CFH23,Australia,1790931166.0,1790931166,152.868,-31.4302,,True,2.83,132.19,,,,,False,0
3156,45ab54,JTD213,Denmark,1790931237.0,1790931237,23.9791,37.3623,11620.5,False,235.71,165.21,-4.88,,11826.24,7622,False,0
3157,71c534,AAR114,Republic of Korea,1790931234.0,1790931235,133.5318,35.2609,7673.34,False,244.78,125.16,-9.75,,8069.58,,False,0
3158,49d006,CXI29KM,Czech Republic,1790931237.0,1790931237,2.322,39.454,1447.8,False,118.86,191.99,-2.93,,1668.78,1000,False,0
3159,7bb130,CDG2405,China,1790931236.0,1790931237,140.8912,35.439,2667.0,False,119.57,235.69,-7.48,,2804.16,0114,False,0
3160,4b303a,HBSGW,Switzerland,1790931233.0,1790931233,9.0007,47.5239,,True,3.6,247.5,,,,7000,False,0
3161,8514b4,JAL159,Japan,1790931237.0,1790931237,140.0932,37.3839,9448.8,False,252.63,11.63,0.0,,9898.38,2420,False,0
3162,71c528,KAL2179,Republic of Korea,1790931237.0,1790931237,129.8882,33.4705,8839.2,False,213.28,161.43,0.33,,9372.6,4327,False,0
3163,71c529,KAL2197,Republic of Korea,1790931236.0,1790931236,129.0188,37.2889,10058.4,False,274.4,114.6,0.0,,10477.5,4334,False,0
3164,71c526,ABL8135,Republic of Korea,1790931228.0,1790931233,128.9487,35.1697,,True,0.0,25.31,,,,,False,0
3165,886293,TAX613,Thailand,1790931237.0,1790931237,118.981,21.5131,12192.0,False,247.3,256.28,0.0,,13014.96,,False,0
3166,4b3041,HBSHD,Switzerland,1790931237.0,1790931237,7.4789,47.1237,1028.7,False,61.92,278.6,-2.6,,1219.2,7000,False,0
3167,71c521,AAR761,Republic of Korea,1790931232.0,1790931232,120.6639,19.8511,11582.4,False,239.93,184.43,0.0,,12352.02,,False,0
3168,71c524,JJA1353,Republic of Korea,1790931167.0,1790931176,135.2336,34.4403,,True,0.06,233.44,,,,,False,0
3169,48d5a3,SPZND,Poland,1790931203.0,1790931203,17.9736,53.0965,-91.44,False,30.63,82.28,-0.65,,121.92,,False,0
3170,48d5a0,SPZNA,Poland,1790931236.0,1790931236,18.4956,53.3391,1371.6,False,68.47,2.15,0.33,,1577.34,,False,0
3171,49d00d,CXI98RW,Czech Republic,1790931237.0,1790931237,22.1288,38.235,10363.2,False,214.31,313.74,0.0,,10584.18,5415,True,0
3172,401128,AUR501,United Kingdom,1790931237.0,1790931237,-1.9526,50.0728,2125.98,False,84.01,25.0,-0.65,,2346.96,,False,0
3173,acdbec,ASA328,United States,1790931029.0,1790931029,-109.6939,46.3014,10668.0,False,276.95,101.79,0.0,,11049.0,6655,False,0
3174,7819b8,CDG4086,China,1790931157.0,1790931157,121.2226,25.062,,True,1.54,143.44,,,,,False,0
3175,a3ea54,UPS606,United States,1790931237.0,1790931237,-85.8123,38.0566,2278.38,False,133.05,276.44,16.58,,2354.58,,False,0
3176,ada227,JBU1190,United States,1790931237.0,1790931237,-76.1884,41.4141,10568.94,False,261.92,110.46,-5.2,,11132.82,7207,False,0
3177,4b4394,HBZPK,Switzerland,1790931236.0,1790931236,8.7829,47.3461,891.54,False,60.27,13.32,0.0,,1089.66,7000,False,0
3178,a53d80,DAL3,United States,1790931237.0,1790931237,-0.3942,51.4651,38.1,False,71.51,270.41,-3.9,,243.84,7662,False,0
3179,4b4391,HBZPH,Switzerland,1790931237.0,1790931237,7.4971,46.9098,373.38,False,1.03,90.0,0.0,,563.88,,False,0
3180,a614d7,N491LP,United States,1790931236.0,1790931236,-113.1604,34.0114,1996.44,False,31.29,99.46,0.0,,2087.88,,False,0
3181,343652,P1,Spain,1790931234.0,1790931234,-3.5748,40.4977,,True,20.06,180.0,,,,,False,0
3182,49d045,NTF696T,Czech Republic,1790931237.0,1790931237,14.1305,50.0612,1379.22,False,98.97,183.58,0.33,,1592.58,,False,0
3183,407dd8,GKFCN,United Kingdom,1790931201.0,1790931237,-2.0533,51.6699,-15.24,False,0.0,0.0,0.0,,182.88,,False,0
3184,45ab24,SAS46R,Denmark,1790931236.0,1790931236,5.2677,52.2339,11277.6,False,256.85,44.19,0.0,,11567.16,3343,False,0
3185,45ab21,JTD531,Denmark,1790931237.0,1790931237,-8.5256,37.287,11277.6,False,226.19,207.5,0.0,,11803.38,3733,False,0
3186,86228c,ANA963,Japan,1790931237.0,1790931237,136.8002,35.834,11490.96,False,198.63,271.34,6.83,,12100.56,3263,False,0
3187,e49a2e,AZU6091,Brazil,1790931237.0,1790931237,-45.5714,-20.325,10988.04,False,223.61,215.92,0.0,,11635.74,,False,0
3188,4403a5,OEEEE,Austria,1790931236.0,1790931237,11.9069,48.0647,3352.8,False,130.79,264.36,-0.33,,3627.12,1000,False,0
3189,a8fc73,UAL2486,United States,1790931150.0,1790931150,-87.9082,41.9789,,True,5.4,191.25,,,,,False,0
3190,71c591,KAL2065,Republic of Korea,1790930958.0,1790930959,117.0228,39.3866,4526.28,False,144.8,340.92,-5.53,,4693.92,,False,0
3191,47a185,NOZ183,Norway,1790931237.0,1790931237,11.1898,60.428,1379.22,False,103.44,146.15,-3.25,,1539.24,,False,0
3192,abba93,GTI8228,United States,1790931237.0,1790931237,-155.1126,60.6397,10058.4,False,262.2,77.19,-0.33,,9768.84,,False,0
3193,801406,AIC143,India,1790931237.0,1790931237,70.7481,23.3982,11574.78,False,234.53,241.86,0.0,,12298.68,,False,0
3194,801410,IGO6653,India,1790931159.0,1790931159,73.8621,15.3866,167.64,False,69.62,259.35,-3.58,,137.16,,False,0
3195,789205,HKE631,China,1790931237.0,1790931237,120.7961,24.6116,10363.2,False,235.81,226.59,-0.33,,11087.1,,False,0
3196,801415,IGO9AW,India,1790931237.0,1790931237,77.0213,13.6984,4107.18,False,151.83,139.67,-3.9,,4259.58,,False,0
3197,789202,CPA500,China,1790931182.0,1790931195,122.568,26.0108,12496.8,False,257.22,63.13,0.0,,13312.14,,False,0
3198,71c588,ESR352,Republic of Korea,1790931155.0,1790931234,127.561,33.9505,8542.02,False,259.88,48.61,-5.2,,9022.08,5622,False,0
3199,a0abb2,N142SD,United States,1790931236.0,1790931236,4.8042,46.3257,1981.2,False,91.23,15.37,0.0,,2194.56,,False,0
3200,78085f,CQH6988,China,1790931236.0,1790931237,128.9262,36.545,9753.6,False,190.57,294.9,0.33,,10203.18,6117,False,0
3201,71c580,TWB008,Republic of Korea,1790931236.0,1790931236,126.9988,36.5153,6271.26,False,197.13,358.21,-7.48,,6568.44,3110,False,0
3202,a2551a,UAL892,United States,1790931237.0,1790931237,127.516,37.5094,6697.98,False,246.45,80.14,4.23,,6979.92,4331,False,0
3203,4033ca,GBXAB,United Kingdom,1790931237.0,1790931237,-2.6666,53.6623,335.28,False,36.38,135.0,2.6,,464.82,,False,0
3204,510077,BRU949,Belarus,1790931236.0,1790931236,28.563,59.1963,10363.2,False,221.0,355.06,0.0,,9403.08,6237,False,0
3205,789206,HKE558,China,1790931237.0,1790931237,114.1047,22.0801,2926.08,False,188.96,177.66,10.73,,3063.24,5330,False,0
3206,aabfa6,NCR8819,United States,1790931237.0,1790931237,23.2802,40.6156,12192.0,False,238.25,328.06,0.0,,12405.36,5532,False,0
3207,78086b,CCD1535,China,1790930956.0,1790930958,117.1237,37.1433,10698.48,False,243.94,166.46,0.0,,11125.2,,False,0
3208,789216,CPA875,China,1790931235.0,1790931237,-93.8348,64.197,10972.8,False,252.02,354.96,0.0,,10515.6,,False,0
3209,48c12f,RYR55EG,Poland,1790931237.0,1790931237,11.2803,53.278,11277.6,False,243.38,74.55,0.0,,11612.88,2012,False,0
3210,7c3fcb,FD248,Australia,1790931237.0,1790931237,140.9287,-32.6284,5013.96,False,141.78,37.04,-7.48,,5158.74,,False,0
3211,48c12d,RYR7139,Poland,1790931236.0,1790931236,6.6179,52.9892,11277.6,False,251.18,76.62,0.0,,11567.16,1000,False,0
3212,48c12e,RYR7KN,Poland,1790931237.0,1790931237,14.6975,46.9122,10058.4,False,223.27,173.25,0.0,,10485.12,1000,False,0
3213,48c12b,RYR252D,Poland,1790931181.0,1790931189,17.2031,48.1698,,True,0.51,216.56,,,,,False,0
3214,e4a234,AZU2971,Brazil,1790931237.0,1790931237,-47.2036,-25.8256,11750.04,False,206.48,17.4,2.93,,12260.58,,False,0
3215,48c139,RYR94CD,Poland,1790931236.0,1790931237,13.1999,49.1538,8374.38,False,230.3,206.11,7.15,,8778.24,1000,False,0
3216,48c138,RYS488B,Poland,1790931237.0,1790931237,9.6358,44.3089,10972.8,False,231.53,39.95,0.0,,11430.0,1000,False,0
3217,48c135,RYR12HZ,Poland,1790931235.0,1790931235,15.3707,40.8105,10972.8,False,206.48,8.45,0.0,,11391.9,6576,False,0
3218,48c133,RYR3TR,Poland,1790931234.0,1790931235,22.1082,43.2325,11582.4,False,212.74,326.04,0.0,,11856.72,4601,False,0
3219,48c134,RYR924,Poland,1790931236.0,1790931236,5.9328,52.6256,11277.6,False,246.24,92.99,0.0,,11567.16,3447,False,0
3220,48c132,RYR871V,Poland,1790931237.0,1790931237,16.9717,47.7955,11582.4,False,208.67,312.3,0.0,,11993.88,2660,False,0
3221,48c130,RYR94CC,Poland,1790931237.0,1790931237,-0.3802,53.1647,9166.86,False,254.48,99.42,7.48,,9403.08,6015,False,0
3222,80142b,IGO92KC,India,1790931226.0,1790931230,78.0372,11.6883,9395.46,False,202.18,56.31,4.55,,9951.72,,False,0
3223,48c128,RYR18EG,Poland,1790931236.0,1790931237,16.5967,52.3304,11277.6,False,234.46,163.95,0.0,,11666.22,1000,False,0
3224,78921c,CPA458,China,1790931236.0,1790931236,114.0262,22.3372,982.98,False,118.07,77.42,11.05,,1021.08,,False,0
3225,48c129,RYR21HR,Poland,1790931237.0,1790931237,7.2724,43.8921,11277.6,False,220.41,243.97,0.0,,11750.04,1000,False,0
3226,48c126,RYR44PQ,Poland,1790931237.0,1790931237,14.3072,49.7752,4404.36,False,187.04,141.36,12.68,,4693.92,,False,0
3227,48c127,RYR45ER,Poland,1790931236.0,1790931236,2.074,41.2825,,True,4.89,174.38,,,,,False,0
3228,48c125,RYR24FF,Poland,1790931237.0,1790931237,10.3731,51.9398,11277.6,False,230.06,98.75,-0.33,,11628.12,1000,False,0
3229,789229,HKE824,China,1790931237.0,1790931237,119.7244,23.2673,9441.18,False,235.75,45.88,-0.33,,10096.5,,False,0
3230,48c122,RYR69UA,Poland,1790931237.0,1790931237,13.4157,44.8388,11582.4,False,232.31,227.51,0.0,,12016.74,2660,False,0
3231,48c123,RYS3069,Poland,1790931236.0,1790931236,24.3908,41.0981,10668.0,False,231.9,157.02,0.65,,10866.12,6727,False,0
3232,48c121,RYR6VR,Poland,1790931237.0,1790931237,15.5515,42.0447,11582.4,False,204.95,12.47,0.0,,11993.88,1267,False,0
3233,78088e,CSN3795,China,1790931234.0,1790931234,114.0816,23.2396,5044.44,False,189.49,56.74,12.68,,5341.62,,False,0
3234,71c554,JJA2661,Republic of Korea,1790931236.0,1790931236,128.2851,34.6567,5494.02,False,195.08,228.96,7.48,,5775.96,7145,False,0
3235,801444,AXB1390,India,1790931206.0,1790931208,81.7097,26.8457,11582.4,False,222.99,295.26,0.0,,12313.92,,False,0
3236,78088c,CSN6318,China,1790930959.0,1790930959,117.756,40.8571,11003.28,False,204.97,209.14,0.0,,11254.74,,False,0
3237,71c557,KAL770,Republic of Korea,1790931237.0,1790931237,136.3446,37.1288,10965.18,False,178.67,239.74,0.33,,11468.1,,False,0
3238,789237,CPA421,China,1790931233.0,1790931237,121.2389,25.0789,,True,1.29,317.81,,,,,False,0
3239,a7ef5c,TEK610,United States,1790931237.0,1790931237,-78.1488,38.0185,7315.2,False,116.46,210.53,0.0,,7757.16,1621,False,0
3240,ab8fd0,DAL264,United States,1790931236.0,1790931236,-9.5199,50.992,10668.0,False,255.09,108.58,0.0,,10896.6,6304,False,0
3241,aa01e7,FDX1770,United States,1790931236.0,1790931236,-91.0411,40.0124,10355.58,False,202.64,279.06,0.0,,10812.78,,False,0
3242,80143a,AIC7NY,India,1790931214.0,1790931236,88.4446,22.6453,,True,60.56,6.34,0.0,,,0503,False,0
3243,ab8fcb,AAL135,United States,1790931237.0,1790931237,-3.3388,54.9873,10363.2,False,248.58,327.17,-0.33,,10507.98,7626,False,0
3244,a0abee,UPS1384,United States,1790931236.0,1790931237,-86.9498,37.0334,7924.8,False,225.6,229.81,-1.63,,8389.62,4022,False,0
3245,71c549,ESR752,Republic of Korea,1790931237.0,1790931237,126.9493,35.8967,5913.12,False,201.95,5.12,-10.08,,6202.68,5454,False,0
3246,789244,CPA844,China,1790931237.0,1790931237,-79.2828,42.2204,12504.42,False,285.75,104.81,0.0,,13060.68,1730,False,0
3247,71d873,KNP973,Republic of Korea,1790931230.0,1790931236,126.4966,37.5181,-22.86,False,0.51,0.0,0.0,,30.48,3121,False,0
3248,71c543,ESR820,Republic of Korea,1790931236.0,1790931236,126.2414,37.0962,2194.56,False,145.37,76.7,-6.18,,2316.48,4752,False,0
3249,78089d,B8136,China,1790931236.0,1790931236,-154.2603,61.3338,10713.72,False,257.12,106.98,-11.7,,10355.58,,False,0
3250,71c540,EOK342,Republic of Korea,1790931237.0,1790931237,127.694,36.8069,2026.92,False,127.44,111.8,16.91,,2141.22,4153,False,0
3251,71c546,ESR284,Republic of Korea,1790931237.0,1790931237,127.0017,36.446,4876.8,False,157.5,358.13,0.0,,5090.16,5115,True,0
3252,71c547,TWB225,Republic of Korea,1790931234.0,1790931237,130.274,33.6614,723.9,False,91.13,131.34,-2.28,,822.96,7114,False,0
3253,71c545,ESR944,Republic of Korea,1790931236.0,1790931236,128.9432,35.1775,,True,5.4,115.31,,,,7073,False,0
3254,48f9cd,SPSMON,Poland,1790931232.0,1790931232,21.1283,49.9475,472.44,False,41.24,326.71,0.33,,708.66,7000,False,0
3255,704282,,Myanmar,1790931237.0,1790931237,96.1493,17.0793,3535.68,False,0.0,0.0,,,,,False,0
3256,71c575,KAL023,Republic of Korea,1790931236.0,1790931237,140.0932,37.79,10668.0,False,310.57,74.24,-0.33,,11186.16,,False,0
3257,71c574,KAL076,Republic of Korea,1790931207.0,1790931209,-128.3435,50.4655,10363.2,False,217.3,309.91,-0.33,,10523.22,,False,0
3258,789254,HGB337,China,1790931228.0,1790931228,113.9005,22.3145,,True,12.35,250.31,,,,6055,False,0
3259,51009b,BRU9328,Belarus,1790931237.0,1790931237,38.2932,40.1921,10668.0,False,257.09,54.53,0.0,,10919.46,6176,False,0
3260,71c570,KAL072,Republic of Korea,1790931237.0,1790931237,127.1201,37.2657,2987.04,False,137.32,250.75,-1.63,,3124.2,6171,False,0
3261,a0157e,N104VU,United States,1790931089.0,1790931089,-81.6845,30.4974,15.24,False,14.33,68.96,-1.3,,38.1,,False,0
3262,80141e,AIC2276,India,1790931237.0,1790931237,76.6558,11.8158,11277.6,False,231.15,151.27,0.33,,11948.16,,False,0
3263,801432,IGO6011,India,1790931237.0,1790931237,77.2551,11.1695,10271.76,False,229.57,56.24,5.53,,10873.74,,False,0
3264,789266,CPA955,China,1790931216.0,1790931216,115.4384,22.42,7033.26,False,223.91,252.9,-5.53,,7589.52,,False,0
3265,71c562,EOK5133,Republic of Korea,1790931236.0,1790931236,122.0635,26.0548,7353.3,False,188.65,235.44,-8.78,,7924.8,,False,0
3266,407c89,LOG57GR,United Kingdom,1790931163.0,1790931163,-4.4332,55.8679,,True,6.17,101.25,,,,6227,False,0
3267,801431,IGO967,India,1790931236.0,1790931237,88.2269,22.8662,4259.58,False,171.27,277.59,14.31,,4465.32,1420,False,0
3268,789265,CPA396,China,1790931183.0,1790931183,113.9301,22.3156,,True,1.03,70.31,,,,,False,0
3269,801434,IGO6339,India,1790931236.0,1790931236,91.0255,23.3868,11650.98,False,229.28,72.91,7.8,,12397.74,1421,False,0
3270,71c560,TWB155,Republic of Korea,1790931143.0,1790931147,120.6156,19.2546,10363.2,False,247.11,184.3,0.0,,11109.96,,False,0
3271,8622ae,ANA865,Japan,1790931237.0,1790931237,130.1017,36.149,10226.04,False,195.0,294.47,-7.48,,10698.48,7036,False,0
3272,71c561,TWB264,Republic of Korea,1790931217.0,1790931217,126.45,37.4634,,True,10.8,146.25,,,,,False,0
3273,44048c,OEFNB,Austria,1790931237.0,1790931237,3.642,40.9304,8229.6,False,141.87,201.26,0.33,,8679.18,1000,False,0
3274,ac54b1,FDX1402,United States,1790931237.0,1790931237,-81.9362,37.2252,11277.6,False,264.14,74.18,0.0,,11955.78,1602,False,0
3275,440498,OEATC,Austria,1790931197.0,1790931200,13.7852,47.8128,1310.64,False,49.32,210.04,,,,7000,False,0
3276,a2b89f,UAL1769,United States,1790931236.0,1790931236,-104.8968,38.3172,10058.4,False,247.82,98.84,0.0,,10584.18,3736,False,0
3277,4bda47,TCVRG,Turkey,1790931236.0,1790931237,21.9024,38.6961,12192.0,False,225.81,302.06,0.0,,12412.98,2333,False,0
3278,3444da,VLG33CT,Spain,1790931237.0,1790931237,-0.3994,39.4454,891.54,False,120.41,134.48,18.86,,1074.42,1000,False,0
3279,a2b89e,UAL2111,United States,1790931236.0,1790931236,-101.896,42.2012,10668.0,False,264.57,88.11,0.0,,11132.82,2606,False,0
3280,440484,EJU72XR,Austria,1790931237.0,1790931237,12.2247,41.9339,434.34,False,85.75,162.54,-4.23,,624.84,7000,False,0
3281,801492,IGO1037,India,1790931236.0,1790931236,77.9202,13.1721,2499.36,False,144.45,99.43,10.4,,2552.7,0641,False,0
3282,a00291,N10CD,United States,1790931237.0,1790931237,-0.4458,51.3066,320.04,False,67.35,288.71,-1.63,,518.16,7010,False,0
3283,a42bd4,UPS844,United States,1790931236.0,1790931236,-95.8292,39.5147,11590.02,False,219.89,277.26,0.0,,12092.94,6701,False,0
3284,3444d1,VLG4YF,Spain,1790931236.0,1790931237,3.4178,42.0171,6141.72,False,188.62,246.02,-7.15,,6537.96,1000,False,0
3285,a43eec,UAL8208,United States,1790931236.0,1790931236,-96.5229,40.7637,11277.6,False,242.56,71.83,0.0,,11757.66,,False,0
3286,80145d,IGO301P,India,1790931237.0,1790931237,82.4591,26.361,11277.6,False,247.32,107.3,0.0,,12001.5,,False,0
3287,80145e,IGO2516,India,1790931236.0,1790931236,91.1425,23.478,9761.22,False,230.7,217.66,0.0,,10408.92,2611,False,0
3288,3444c8,VOE8UQ,Spain,1790931237.0,1790931237,3.0584,50.0575,4785.36,False,176.21,176.82,16.58,,5044.44,1000,False,0
3289,80145a,,India,1790931208.0,1790931209,77.8894,29.8596,3558.54,False,164.53,216.22,8.13,,3726.18,,False,0
3290,801470,IGO1427,India,1790931236.0,1790931236,68.5218,22.9497,10972.8,False,227.29,273.5,0.0,,11666.22,,False,0
3291,407c2d,EXM63,United Kingdom,1790931237.0,1790931237,-0.6615,52.1403,571.5,False,69.63,287.63,-2.93,,769.62,7000,False,0
3292,00b7d4,GBB214V,South Africa,1790931237.0,1790931237,28.2783,-26.0674,1950.72,False,80.63,195.54,-3.9,,2125.98,,False,0
3293,45cdd3,OYSNS,Denmark,1790931236.0,1790931237,8.4167,54.6061,-83.82,False,50.16,334.49,0.33,,114.3,0021,False,0
3294,780823,CDG8086,China,1790931237.0,1790931237,126.0311,37.4079,9784.08,False,188.3,269.22,0.33,,10149.84,3172,False,0
3295,407c0b,TOM51T,United Kingdom,1790931231.0,1790931236,18.4531,40.4211,9182.1,False,226.06,140.08,-9.43,,9532.62,3442,False,0
3296,80148e,IGO753P,India,1790930961.0,1790930985,81.1435,27.378,9753.6,False,227.35,283.34,0.0,,10363.2,2636,False,0
3297,80148f,IGO273W,India,1790931237.0,1790931237,90.5866,23.2619,9441.18,False,212.34,72.66,0.33,,10058.4,1430,False,0
3298,407c0a,TOM73L,United Kingdom,1790931236.0,1790931236,20.7981,37.5574,1440.18,False,115.24,110.38,-2.93,,1592.58,,False,0
3299,440480,OEAEU,Austria,1790931236.0,1790931236,13.2653,45.6561,1112.52,False,56.67,273.12,0.33,,1303.02,7615,False,0
3300,44046d,EJU73FG,Austria,1790931237.0,1790931237,5.9058,43.7687,6103.62,False,222.97,140.62,-13.0,,6537.96,6322,False,0
3301,440469,EJU924T,Austria,1790931237.0,1790931237,2.5852,43.4646,5204.46,False,188.42,272.19,-15.93,,5593.08,1000,False,0
3302,80149a,IGO5251,India,1790931236.0,1790931236,81.0063,26.7624,617.22,False,78.2,269.62,-0.33,,586.74,,False,0
3303,469dc1,SEH5AT,Greece,1790931236.0,1790931236,23.495,37.4485,2179.32,False,126.14,36.54,-4.55,,2331.72,,False,0
3304,39364a,NAK721E,France,1790931237.0,1790931237,3.5239,45.8211,1790.7,False,67.52,262.12,-3.25,,2004.06,,False,0
3305,a29d37,FDX1721,United States,1790931237.0,1790931237,-85.5447,39.7967,5257.8,False,238.34,70.98,11.38,,5471.16,,False,0
3306,407ae2,GICEZ,United Kingdom,1790931236.0,1790931236,-1.003,51.8077,320.04,False,46.57,343.97,1.95,,518.16,3627,False,0
3307,873006,ANA807,Japan,1790931237.0,1790931237,140.3177,35.8444,1203.96,False,101.46,329.53,12.35,,1287.78,6070,False,0
3308,a04a49,DAL1555,United States,1790931235.0,1790931235,-93.2095,44.8854,,True,0.06,250.31,,,,,False,0
3309,06a1c0,QTR410,Qatar,1790931197.0,1790931197,39.0951,31.9164,9753.6,False,248.47,333.17,0.0,,10256.52,,False,0
3310,407ac6,TOM8AE,United Kingdom,1790931237.0,1790931237,16.1591,42.9794,11277.6,False,242.65,142.06,0.0,,11681.46,2723,False,0
3311,06a1d3,QQE224,Qatar,1790931237.0,1790931237,-74.3494,41.1962,1211.58,False,140.3,125.15,-9.75,,1234.44,0707,False,0
3312,873028,ANA889,Japan,1790931237.0,1790931237,151.0289,-32.3528,8862.06,False,225.86,179.35,-9.75,,9281.16,7440,False,0
3313,407ac1,TOM6AK,United Kingdom,1790931236.0,1790931236,3.1103,41.5757,8625.84,False,216.55,144.57,-2.6,,9090.66,2260,False,0
3314,06a1e9,QTR87J,Qatar,1790931237.0,1790931237,21.4483,46.0932,10363.2,False,258.95,305.46,0.0,,10713.72,3276,False,0
3315,440428,OEFFL,Austria,1790931237.0,1790931237,14.0687,42.2114,2811.78,False,66.15,285.33,0.98,,3055.62,,False,0
3316,06a1dd,QQE902,Qatar,1790931237.0,1790931237,11.9275,43.5733,8549.64,False,243.14,159.95,-9.43,,8976.36,1000,False,0
3317,4bb849,PGT37PD,Turkey,1790931167.0,1790931167,16.56,48.1185,,True,0.64,123.75,,,,2373,False,0
3318,4bb846,PGT81G,Turkey,1790931237.0,1790931237,21.5595,43.271,11582.4,False,225.48,304.78,0.0,,11871.96,5334,False,0
3319,4bb844,PGT1500,Turkey,1790931235.0,1790931236,27.9455,43.4952,11582.4,False,231.15,325.89,0.0,,11795.76,1000,False,0
3320,4bb845,PGT81WP,Turkey,1790931237.0,1790931237,17.2414,47.533,11582.4,False,214.63,314.61,0.0,,11986.26,3233,False,0
3321,4bb843,PGT66MT,Turkey,1790931236.0,1790931236,17.8542,49.026,10972.8,False,217.77,298.5,0.0,,11376.66,3253,False,0
3322,a92eef,FDX1755,United States,1790931236.0,1790931236,-84.7648,39.7241,9311.64,False,272.18,90.97,9.1,,9814.56,,False,0
3323,4bb850,PGT54YG,Turkey,1790931237.0,1790931237,30.3902,40.3481,6393.18,False,184.85,267.61,-18.21,,6598.92,,False,0
3324,a254da,UAL6,United States,1790931077.0,1790931077,144.7159,36.5907,10058.4,False,301.13,51.17,0.0,,10637.52,7040,False,0
3325,8a020e,GIA899,Indonesia,1790931087.0,1790931087,113.5233,22.0435,7010.4,False,214.21,154.23,0.0,,7459.98,,False,0
3326,4bb855,PGT541A,Turkey,1790931236.0,1790931236,18.5913,47.2596,11285.22,False,244.83,144.41,0.0,,11673.84,4354,False,0
3327,4bb853,PGT77BA,Turkey,1790931237.0,1790931237,13.7146,51.0988,10972.8,False,233.53,324.59,0.0,,11384.28,3210,False,0
3328,4bb861,PGT71PZ,Turkey,1790931090.0,1790931235,37.4264,41.1992,10972.8,False,222.46,274.64,0.0,,11186.16,5070,False,0
3329,008a8d,ZSOHK,South Africa,1790931237.0,1790931237,27.9979,-25.6939,1821.18,False,46.47,333.72,-0.65,,1981.2,,False,0
3330,4bb84f,PGT82HM,Turkey,1790931016.0,1790931016,30.7941,36.904,,True,11.83,33.75,,,,6640,True,0
3331,342059,IBE06YE,Spain,1790930939.0,1790930942,12.257,41.8567,-30.48,False,76.48,162.78,-3.9,,137.16,1000,False,0
3332,4bb84d,PGT52X,Turkey,1790931236.0,1790931236,16.0415,49.6132,11590.02,False,225.61,308.33,0.0,,12009.12,3241,False,0
3333,4bb84e,PGT71QT,Turkey,1790931237.0,1790931237,22.6855,41.0487,10972.8,False,232.86,273.04,0.0,,11216.64,2326,False,0
3334,4bb84b,PGT60NC,Turkey,1790931237.0,1790931237,16.3729,45.7209,10668.0,False,245.77,132.54,0.0,,11087.1,7704,False,0
3335,4bb84a,PGT51MR,Turkey,1790931237.0,1790931237,29.4222,39.5255,9144.0,False,198.62,214.02,0.0,,9349.74,,False,0
3336,34469a,VLG37ZV,Spain,1790931236.0,1790931236,6.0359,42.8257,9151.62,False,222.39,51.01,0.0,,9616.44,1000,False,0
3337,a98539,DAL507,United States,1790931236.0,1790931236,-75.709,42.7267,11887.2,False,274.81,88.5,0.0,,12420.6,2022,False,0
3338,a92ee2,PXG691,United States,1790931237.0,1790931237,-84.0254,31.9359,11277.6,False,203.07,151.23,0.33,,11932.92,5622,False,0
3339,a30d38,,United States,1790931003.0,1790931003,-71.0223,42.3717,,True,6.17,42.19,,,,,False,0
3340,407af5,BAW4LV,United Kingdom,1790931232.0,1790931232,-99.9568,42.8938,11818.62,False,261.15,64.19,1.63,,12260.58,1073,False,0
3341,a8b539,N660LF,United States,1790931236.0,1790931236,-120.9952,47.7539,4678.68,False,115.37,272.81,-5.53,,4815.84,,False,0
3342,344696,VLG76XU,Spain,1790931236.0,1790931236,1.2823,47.7385,5593.08,False,199.97,20.95,-9.1,,5951.22,1000,False,0
3343,344698,VLG574K,Spain,1790931237.0,1790931237,0.3126,39.9964,10431.78,False,237.84,13.25,3.58,,10934.7,5341,False,0
3344,4bb87a,PGT18LA,Turkey,1790931237.0,1790931237,11.0342,48.5699,9083.04,False,233.9,98.22,4.88,,9509.76,6431,False,0
3345,344693,VLG65YA,Spain,1790931052.0,1790931059,-0.1692,51.1529,,True,0.0,75.94,,,,,False,0
3346,46a5e1,SEH7AG,Greece,1790931234.0,1790931236,20.3162,40.979,11590.02,False,213.32,324.13,0.0,,11879.58,2007,False,0
3347,46a5e4,SEH8BR,Greece,1790931236.0,1790931237,20.9781,40.0789,11582.4,False,221.67,316.97,0.0,,11841.48,2046,False,0
3348,46a5e3,SEH6MA,Greece,1790931236.0,1790931236,23.7998,38.057,3268.98,False,165.39,277.15,6.83,,3421.38,7740,False,0
3349,344691,VLG19WL,Spain,1790930954.0,1790930954,2.0763,41.2923,,True,8.23,154.69,,,,5023,False,0
3350,46a5e7,SEH920,Greece,1790931179.0,1790931179,19.0878,38.5117,10980.42,False,224.87,275.65,0.0,,11269.98,5531,False,0
3351,4bb886,TKJ35Z,Turkey,1790931237.0,1790931237,15.3659,51.8162,5996.94,False,199.34,302.99,-10.73,,6355.08,1000,False,0
3352,acb82e,AVA261,United States,1790931216.0,1790931216,-43.6631,-22.3676,3528.06,False,146.11,154.34,-6.83,,3710.94,,False,0
3353,4cc52c,ICE536,Iceland,1790931230.0,1790931230,-1.9293,60.583,10668.0,False,222.83,129.75,0.0,,10675.62,,False,0
3354,4bb885,TKJ5492,Turkey,1790931232.0,1790931232,38.1508,32.6947,10066.02,False,225.24,153.55,0.65,,10530.84,2365,False,0
3355,789277,HGB8235,China,1790931237.0,1790931237,121.4907,13.4676,11277.6,False,230.75,112.96,0.33,,12085.32,,False,0
3356,4402f1,EJU14BW,Austria,1790931237.0,1790931237,1.9592,49.1496,10668.0,False,224.89,138.62,-0.33,,11033.76,7311,False,0
3357,c1e9d7,ES243,Canada,1790931188.0,1790931188,-114.0109,51.1274,,True,6.94,151.88,,,,,False,0
3358,78926a,BLXQ,China,1790930801.0,1790931236,113.9275,22.3118,,True,0.0,295.31,,,,,False,0
3359,789288,HGB341,China,1790931179.0,1790931179,117.7617,22.4896,10972.8,False,232.75,237.36,-0.33,,11742.42,,False,0
3360,789289,HGB321,China,1790931148.0,1790931150,133.1469,33.0823,10972.8,False,204.35,237.23,0.0,,11650.98,6044,False,0
3361,4402ea,OEFID,Austria,1790931236.0,1790931237,12.5291,42.1078,1744.98,False,134.27,200.17,-3.58,,1958.34,1000,False,0
3362,789286,HKE675,China,1790931198.0,1790931198,114.3316,21.9461,2339.34,False,137.76,247.84,-2.6,,2484.12,4110,False,0
3363,4cc53a,ICE532,Iceland,1790931236.0,1790931236,-6.9933,58.7106,11277.6,False,239.31,117.67,0.33,,11277.6,,False,0
3364,789280,HKE694,China,1790931070.0,1790931070,115.196,21.9061,7635.24,False,223.53,87.23,4.88,,7985.76,3551,False,0
3365,4bb88f,TKJ15J,Turkey,1790931237.0,1790931237,12.6587,42.0484,3025.14,False,139.94,300.24,-4.23,,3284.22,2304,False,0
3366,789285,HKE646,China,1790931237.0,1790931237,140.5145,34.824,4564.38,False,173.08,33.36,0.0,,4800.6,3505,False,0
3367,78927e,HKE899,China,1790931235.0,1790931235,135.2243,34.4377,,True,6.43,320.62,,,,,False,0
3368,4cc50f,ICE520,Iceland,1790931236.0,1790931237,-5.2313,60.4389,11277.6,False,234.64,135.44,0.33,,11254.74,,False,0
3369,78927c,CRK238,China,1790931236.0,1790931236,119.9796,26.0438,11917.68,False,232.47,18.72,0.0,,12710.16,,False,0
3370,4bb864,PGT74ER,Turkey,1790931237.0,1790931237,25.0666,38.4458,10896.6,False,227.47,286.02,3.9,,11071.86,2353,False,0
3371,4bb865,PGT44GF,Turkey,1790931236.0,1790931236,32.6373,37.1785,11277.6,False,237.6,120.73,0.0,,11544.3,0726,False,0
3372,789299,HGB309,China,1790931237.0,1790931237,113.9148,22.3126,,True,4.89,163.12,,,,6056,False,0
3373,4bb872,PGT5049,Turkey,1790931237.0,1790931237,26.3299,44.7436,10972.8,False,233.31,319.92,0.33,,11254.74,3220,False,0
3374,789297,CRK216,China,1790931051.0,1790931174,119.6343,26.0178,9471.66,False,217.99,3.38,0.33,,10142.22,,False,0
3375,4bb870,PGT276N,Turkey,1790931237.0,1790931237,9.0461,47.3952,4853.94,False,216.58,89.73,13.0,,5166.36,3041,False,0
3376,789298,HGB881,China,1790931234.0,1790931234,138.8918,38.8433,9753.6,False,187.97,206.14,0.0,,10081.26,,False,0
3377,789291,CPA962,China,1790931041.0,1790931041,115.4329,21.9,9075.42,False,226.47,88.18,4.55,,9578.34,3351,False,0
3378,c066f0,ACA510,Canada,1790931207.0,1790931213,-79.6125,43.6793,,True,0.0,90.0,,,,3125,False,0
3379,4cc516,ICE16Y,Iceland,1790931236.0,1790931237,-22.3901,65.2238,5189.22,False,146.75,351.33,0.33,,5029.2,,False,0
3380,789295,HKE687,China,1790931237.0,1790931237,120.0606,22.0292,11574.78,False,235.15,277.67,0.0,,12390.12,,False,0
3381,4bb86a,PGT28RL,Turkey,1790931237.0,1790931237,19.869,45.4615,11277.6,False,228.91,138.64,0.0,,11643.36,7635,False,0
3382,78928f,CPA598,China,1790931184.0,1790931184,135.2454,34.4339,,True,0.0,320.62,,,,,False,0
3383,504e65,FIE872,Republic of Moldova,1790931236.0,1790931236,35.3816,37.1208,11277.6,False,259.16,41.38,0.0,,11590.02,6031,False,0
3384,4bb879,PGT92GW,Turkey,1790931237.0,1790931237,28.4683,41.7841,8465.82,False,221.93,306.9,7.15,,8679.18,5302,False,0
3385,4bb873,PGT15UE,Turkey,1790931235.0,1790931237,27.7462,41.266,7696.2,False,180.25,108.12,-4.55,,7894.32,7715,False,0
3386,78928b,CRK609,China,1790931236.0,1790931236,138.254,33.1264,11582.4,False,213.83,241.71,0.0,,12321.54,3255,False,0
3387,c82a85,TNZ51,New Zealand,1790931233.0,1790931233,175.6643,-40.3198,137.16,False,63.79,270.0,-3.9,,274.32,5212,False,0
3388,4bb86c,PGT274C,Turkey,1790931237.0,1790931237,12.8487,50.0637,10972.8,False,233.77,307.4,0.0,,11391.9,1000,False,0
3389,40474e,GEEGU,United Kingdom,1790931236.0,1790931237,1.2418,52.7059,464.82,False,57.77,8.71,0.0,,655.32,,False,0
3390,78929b,CRK018,China,1790931236.0,1790931236,119.4004,12.2411,11582.4,False,242.95,333.33,0.33,,12412.98,,False,0
3391,504e92,FIE874,Republic of Moldova,1790931237.0,1790931237,35.0612,36.578,10668.0,False,262.84,30.33,0.33,,10957.56,4570,False,0
3392,4402ac,EJU529H,Austria,1790931236.0,1790931236,2.3552,48.7264,,True,6.43,163.12,,,,,False,0
3393,78929e,CRK629,China,1790931237.0,1790931237,114.4158,21.9783,2369.82,False,136.33,247.6,-2.6,,2506.98,7142,False,0
3394,78929d,CRK615,China,1790931235.0,1790931237,120.0286,23.9443,10972.8,False,240.13,226.04,0.0,,11757.66,,False,0
3395,469e41,SEH7WA,Greece,1790931236.0,1790931236,20.4278,39.5136,10957.56,False,214.88,304.07,0.0,,11224.26,2075,False,0
3396,4cc576,ICE948,Iceland,1790931214.0,1790931214,-19.6908,62.2509,9845.04,False,244.97,139.86,6.5,,9608.82,,False,0
3397,469e42,SEH9DG,Greece,1790931232.0,1790931236,23.9375,37.9366,,True,12.86,216.56,,,,,False,0
3398,469e45,SEH790,Greece,1790931224.0,1790931235,19.8522,43.3013,11574.78,False,219.36,323.1,0.33,,11910.06,2001,False,0
3399,c079a6,TSC251,Canada,1790931236.0,1790931236,-6.317,49.9897,11452.86,False,222.85,283.62,1.3,,11742.42,0660,False,0
3400,a3c4d0,TPA4218,United States,1790931216.0,1790931216,-78.6398,23.3035,11582.4,False,237.4,348.37,0.0,,12352.02,,False,0
3401,4cc57e,ICE31R,Iceland,1790931236.0,1790931237,-21.1232,64.6268,4716.78,False,135.1,233.83,-4.88,,4579.62,,False,0
3402,504e7e,HYM346,Republic of Moldova,1790931237.0,1790931237,30.9585,34.2834,9761.22,False,257.41,13.76,0.33,,10012.68,5230,False,0
3403,8a0295,LNI212,Indonesia,1790930679.0,1790931006,100.1147,2.3729,9715.5,False,189.36,332.67,-9.75,,10180.32,,False,0
3404,47a097,NSZ5430,Norway,1790931237.0,1790931237,8.1207,47.1989,9753.6,False,235.68,54.51,0.0,,10172.7,1000,False,0
3405,4402e2,OEFSR,Austria,1790931236.0,1790931237,6.0217,45.2658,11887.2,False,190.83,197.9,0.0,,12329.16,1000,False,0
3406,46b8b4,AEE706,Greece,1790931237.0,1790931237,-1.0629,43.0425,8229.6,False,207.47,236.94,0.0,,8648.7,1000,False,0
3407,46b8b5,AEE756,Greece,1790931236.0,1790931236,12.0392,60.2144,3086.1,False,144.41,319.04,-5.2,,3268.98,4567,False,0
3408,7807ae,CSZ634,China,1790931232.0,1790931232,126.42,34.1567,9753.6,False,223.97,194.23,0.0,,10309.86,4105,False,0
3409,4788b2,BIL120,Norway,1790931232.0,1790931232,11.0906,60.2038,,True,6.17,163.12,,,,,False,0
3410,a624ac,SWA2463,United States,1790931237.0,1790931237,-101.0916,35.0842,11277.6,False,249.97,83.74,0.0,,11856.72,7225,False,0
3411,8a0285,LNI237,Indonesia,1790931166.0,1790931166,103.6779,0.7172,3535.68,False,169.2,241.49,5.2,,3055.62,2455,False,0
3412,46b8ad,AEE487,Greece,1790931236.0,1790931236,28.934,35.9545,5577.84,False,201.1,308.25,-7.8,,5745.48,4153,False,0
3413,4402e8,EJU413F,Austria,1790931237.0,1790931237,7.1516,43.5877,342.9,False,70.63,356.24,-3.58,,525.78,1000,False,0
3414,46b8af,AEE111,Greece,1790931237.0,1790931237,23.6818,38.3756,6126.48,False,220.51,163.04,-13.33,,6339.84,6763,False,0
3415,c079ce,WJA86,Canada,1790931237.0,1790931237,140.7333,35.7324,11582.4,False,217.65,276.92,0.0,,12245.34,3137,False,0
3416,46b8a2,AEE7RN,Greece,1790931237.0,1790931237,23.9781,39.9027,10462.26,False,215.24,2.47,1.63,,10660.38,6447,False,0
3417,a637ef,N50DN,United States,1790931237.0,1790931237,-85.2942,36.8366,2712.72,False,86.5,164.48,0.0,,2834.64,7230,False,0
3418,4402d9,OEITH,Austria,1790931236.0,1790931237,21.0378,43.3521,11277.6,False,215.16,91.92,0.0,,11590.02,5206,False,0
3419,a504dd,UPS1348,United States,1790931236.0,1790931237,-85.2738,36.9262,7604.76,False,234.09,167.95,8.78,,8031.48,6644,False,0
3420,4404ac,OEBXQ,Austria,1790931237.0,1790931237,13.4525,48.5461,495.3,False,43.8,33.5,0.33,,708.66,1572,False,0
3421,e4a13c,AZU2024,Brazil,1790931174.0,1790931174,-53.471,-14.8263,10668.0,False,257.22,150.0,0.0,,11323.32,,False,0
3422,a3761c,XYZ123,United States,1790931233.0,1790931233,-93.2286,44.8649,,True,0.06,0.0,,,,,False,0
3423,86cf91,SNJ96,Japan,1790931237.0,1790931237,139.7363,34.8595,3939.54,False,161.44,60.82,0.0,,4145.28,2467,False,0
3424,a9c1ab,N728EC,United States,1790931237.0,1790931237,28.2617,-26.587,6073.14,False,197.91,170.12,14.31,,6408.42,,False,0
3425,06a117,QTR76W,Qatar,1790931236.0,1790931236,37.7484,34.2762,10363.2,False,256.6,340.44,0.0,,10774.68,,False,0
3426,06a113,QTR66Y,Qatar,1790931234.0,1790931236,30.8811,41.3544,10972.8,False,250.19,302.32,0.33,,11163.3,,False,0
3427,06a114,QTR50J,Qatar,1790931237.0,1790931237,16.2513,44.7915,11277.6,False,263.06,136.19,0.0,,11681.46,5221,False,0
3428,06a112,QTR960,Qatar,1790931237.0,1790931237,77.8473,14.3471,10668.0,False,253.76,116.62,0.0,,11308.08,,False,0
3429,86cf7c,ANA1106,Japan,1790931221.0,1790931231,140.9712,39.0031,12184.38,False,219.35,192.05,0.33,,12702.54,,False,0
3430,406a63,EXS8TZ,United Kingdom,1790931236.0,1790931236,-4.8828,37.7111,5722.62,False,173.43,194.08,-7.8,,6080.76,5201,False,0
3431,c03068,ROU1784,Canada,1790930882.0,1790931002,-157.5201,21.2641,3368.04,False,198.99,21.86,8.13,,3589.02,,False,0
3432,06a10c,QTR124,Qatar,1790931237.0,1790931237,13.8761,42.2422,11887.2,False,260.48,131.88,0.0,,12321.54,0434,False,0
3433,e4a12b,TAM3183,Brazil,1790931235.0,1790931235,-43.3123,-22.7802,327.66,False,67.1,125.64,-3.25,,342.9,,False,0
3434,e4a12a,TAM4621,Brazil,1790931237.0,1790931237,-48.4229,-22.3138,11384.28,False,265.24,136.18,-12.68,,12009.12,,False,0
3435,e4a12f,PSMSA,Brazil,1790931236.0,1790931236,-8.3884,39.7275,12496.8,False,222.87,213.8,0.0,,12976.86,1117,False,0
3436,406a59,EXS9BR,United Kingdom,1790931236.0,1790931236,22.0941,41.5906,11887.2,False,227.73,124.23,0.0,,12146.28,4761,False,0
3437,06a128,,Qatar,1790930963.0,1790930963,29.4788,31.4624,12192.0,False,226.59,307.81,0.0,,12580.62,,False,0
3438,801536,IGO196,India,1790931237.0,1790931237,77.8155,13.6223,6057.9,False,198.85,8.78,9.1,,6370.32,2705,False,0
3439,06a124,QTR16A,Qatar,1790931235.0,1790931236,31.3657,41.1212,10363.2,False,251.58,302.81,0.0,,10561.32,,False,0
3440,06a125,QTR93V,Qatar,1790931236.0,1790931237,30.4225,33.8606,10363.2,False,243.96,310.98,0.33,,10629.9,7220,False,0
3441,06a120,QTR802,Qatar,1790931236.0,1790931236,135.0603,34.3265,784.86,False,83.8,51.23,-3.25,,876.3,,False,0
3442,06a121,QTR35P,Qatar,1790931237.0,1790931237,-4.3781,51.889,11277.6,False,264.58,100.3,0.0,,11506.2,2234,False,0
3443,406a3d,BAW548,United Kingdom,1790931237.0,1790931237,10.1345,43.0908,9806.94,False,237.92,134.3,-4.88,,10294.62,1000,False,0
3444,8850ae,THA434,Thailand,1790931236.0,1790931237,100.9944,13.0497,5143.5,False,182.93,345.34,-9.1,,5463.54,,False,0
3445,406a3e,BAW84NT,United Kingdom,1790931237.0,1790931237,0.3206,51.6004,2910.84,False,140.21,28.73,-5.85,,3147.06,1110,False,0
3446,06a11e,,Qatar,1790931148.0,1790931148,9.4269,36.2768,11887.2,False,251.6,97.4,0.0,,12397.74,1143,False,0
3447,06a11d,QTR87Q,Qatar,1790931237.0,1790931237,15.1734,45.1304,11277.6,False,261.29,131.57,0.0,,11711.94,2252,False,0
3448,780997,CSN6741,China,1790931235.0,1790931236,123.4811,35.966,10393.68,False,220.76,358.66,0.0,,10873.74,6741,False,0
3449,3ffd0d,DMJEP,Germany,1790931229.0,1790931230,9.4061,51.7916,365.76,False,21.66,265.91,-0.65,,571.5,,False,0
3450,4404e6,EJU49LD,Austria,1790931236.0,1790931236,2.0841,41.2932,,True,5.92,154.69,,,,,False,0
3451,e4a131,TAM3243,Brazil,1790931237.0,1790931237,-40.2805,-20.2646,,True,4.63,354.38,,,,,False,0
3452,407d5f,EMC6,United Kingdom,1790931237.0,1790931237,-2.0594,55.0015,3634.74,False,81.36,267.46,9.1,,3794.76,4224,False,0
3453,06a12f,QTR73V,Qatar,1790931237.0,1790931237,2.3976,51.1318,11277.6,False,266.06,102.96,0.0,,11582.4,2226,False,0
3454,06a12d,QTR20V,Qatar,1790931236.0,1790931236,31.5663,33.0965,10363.2,False,243.81,316.54,0.0,,10690.86,6043,False,0
3455,06a12e,QTR58G,Qatar,1790931237.0,1790931237,28.5814,42.7135,10363.2,False,256.33,322.26,0.0,,10568.94,5337,False,0
3456,06a12c,QTR1X,Qatar,1790931236.0,1790931237,4.6549,50.7129,11887.2,False,266.39,107.07,0.0,,12214.86,5270,False,0
3457,06a12a,QTR22B,Qatar,1790931237.0,1790931237,11.9869,48.3549,11887.2,False,246.01,124.52,0.0,,12298.68,5215,False,0
3458,407d5c,WUK2082,United Kingdom,1790931236.0,1790931237,22.7853,43.5503,10668.0,False,219.95,116.98,0.0,,10972.8,3432,False,0
3459,06a147,QTR29R,Qatar,1790931237.0,1790931237,3.2909,48.9839,3512.82,False,192.93,105.15,3.58,,3741.42,0661,False,0
3460,468d07,SEH761,Greece,1790931237.0,1790931237,14.2644,50.1044,,True,2.31,303.75,,,,,False,0
3461,407d61,GHTSI,United Kingdom,1790931236.0,1790931236,-1.253,51.2291,586.74,False,66.7,18.43,3.58,,800.1,,False,0
3462,80154a,AKJ587,India,1790931237.0,1790931237,79.5328,13.3491,3566.16,False,176.8,135.47,-8.13,,3695.7,,False,0
3463,406a9c,BAW139,United Kingdom,1790931141.0,1790931147,-0.4787,51.4708,-121.92,True,1.03,357.19,,,,3405,False,0
3464,090138,T412,Angola,1790931230.0,1790931235,13.2545,-9.2266,2575.56,False,89.61,177.37,2.93,,2750.82,,False,0
3465,a2b991,FDX1434,United States,1790931237.0,1790931237,-79.4614,38.4361,8793.48,False,275.8,70.38,-21.13,,9311.64,1646,False,0
3466,801566,IGO2AY,India,1790931236.0,1790931236,77.432,13.2055,1973.58,False,102.61,79.31,-1.3,,1988.82,,False,0
3467,ac5723,SWA2432,United States,1790931237.0,1790931237,-116.8371,36.6431,10972.8,False,207.88,317.31,0.0,,11582.4,,False,0
3468,48c22e,RYR5YZ,Poland,1790931237.0,1790931237,-0.9417,51.6389,9182.1,False,255.91,76.16,5.85,,9464.04,4611,False,0
3469,48c22c,RYR122R,Poland,1790931225.0,1790931225,23.9346,37.9336,,True,3.34,230.62,,,,,False,0
3470,48c22d,RYR45AH,Poland,1790931237.0,1790931237,2.9045,41.4206,4876.8,False,196.38,74.03,14.96,,5189.22,,False,0
3471,48c22b,RYS5081,Poland,1790931236.0,1790931236,25.8948,42.7159,11887.2,False,228.86,149.17,0.0,,12108.18,4507,False,0
3472,06a152,QTR35E,Qatar,1790931236.0,1790931236,24.5204,43.3812,10980.42,False,244.9,289.77,0.33,,11231.88,2652,False,0
3473,80155c,IGO56PK,India,1790931223.0,1790931232,77.1747,26.9367,7170.42,False,205.5,357.27,-9.1,,7581.9,,False,0
3474,48c238,,Poland,1790931229.0,1790931236,16.8785,51.1085,,True,1.03,323.44,,,,,False,0
3475,48c239,RYR2CM,Poland,1790931237.0,1790931237,16.9662,51.3246,6804.66,False,227.76,344.68,-13.98,,7178.04,1000,False,0
3476,80155f,AIC2362,India,1790931237.0,1790931237,87.553,24.8573,10058.4,False,242.07,108.59,0.0,,10713.72,0575,False,0
3477,86cf2b,SNJ24,Japan,1790931051.0,1790931051,139.7864,35.5559,,True,0.39,236.25,,,,4650,False,0
3478,48e899,ENT4792,Poland,1790931236.0,1790931237,30.1788,40.0973,10972.8,False,229.78,335.67,-0.33,,11186.16,1352,False,0
3479,06a14b,QTR91T,Qatar,1790931236.0,1790931236,8.3459,49.5246,11887.2,False,258.83,119.01,0.0,,12260.58,4636,False,0
3480,48c235,RYR3BQ,Poland,1790931237.0,1790931237,0.6271,38.6539,10972.8,False,237.77,68.15,0.0,,11475.72,1441,False,0
3481,48c232,RYR21FE,Poland,1790931237.0,1790931237,20.7855,52.4848,990.6,False,123.48,23.57,11.05,,1196.34,,False,0
3482,48c233,RYR45QN,Poland,1790931236.0,1790931236,19.0174,47.3761,9563.1,False,225.1,294.87,-5.2,,9951.72,7353,False,0
3483,06a14a,QTR003,Qatar,1790931231.0,1790931235,32.4951,40.5595,12192.0,False,246.7,304.12,0.0,,12329.16,,False,0
3484,48c231,RYR5938,Poland,1790931237.0,1790931237,14.6598,44.4597,11277.6,False,239.23,126.25,0.0,,11711.94,7353,False,0
3485,406a92,EZY3431,United Kingdom,1790931236.0,1790931237,-2.6523,53.1506,3200.4,False,151.77,139.4,9.75,,3406.14,0526,False,0
3486,406a93,EZY14GA,United Kingdom,1790931236.0,1790931237,12.2544,41.8631,7.62,False,69.48,162.77,-3.58,,175.26,7322,False,0
3487,09011e,,Angola,1790931008.0,1790931202,12.6331,-6.9494,5486.4,False,166.79,336.36,-7.8,,5852.16,,False,0
3488,406a99,OXF14,United Kingdom,1790931237.0,1790931237,-1.3483,52.0976,1082.04,False,95.21,59.83,0.0,,1272.54,4502,False,0
3489,48c229,RYR478T,Poland,1790931237.0,1790931237,13.1756,47.4945,11277.6,False,234.2,38.76,0.33,,11727.18,1000,False,0
3490,406a91,EZY34AC,United Kingdom,1790931237.0,1790931237,15.3034,44.2044,11277.6,False,235.75,127.82,0.0,,11711.94,3475,False,0
3491,48c227,RYR3YB,Poland,1790931218.0,1790931221,16.8299,52.4157,,True,0.0,194.06,,,,,False,0
3492,48c228,RYS7155,Poland,1790931237.0,1790931237,22.6464,45.3693,10668.0,False,229.94,164.16,0.0,,11003.28,4444,False,0
3493,100000,YRARH,Russian Federation,1790931230.0,1790931237,42.1207,45.1138,800.1,False,49.41,181.79,-0.98,,899.16,,False,0
3494,48c225,RYR5397,Poland,1790931237.0,1790931237,18.4366,45.7982,11277.6,False,204.38,14.28,0.0,,11658.6,1000,False,0
3495,48c226,RYS1LQ,Poland,1790931237.0,1790931237,18.3011,50.947,10972.8,False,245.18,184.69,0.0,,11361.42,5552,False,0
3496,48c223,RYS3071,Poland,1790931236.0,1790931236,24.81,40.3158,11277.6,False,232.45,157.35,-0.33,,11468.1,6756,False,0
3497,801537,VTFIS,India,1790931236.0,1790931236,81.0923,26.8696,647.7,False,84.18,123.79,-0.65,,617.22,,False,0
3498,47a22c,NOZ28V,Norway,1790931237.0,1790931237,12.3332,56.3961,11277.6,False,209.68,132.81,0.0,,11605.26,6516,False,0
3499,48c224,RYR2VZ,Poland,1790931237.0,1790931237,11.0248,47.2539,11277.6,False,235.54,106.5,0.0,,11704.32,0664,False,0
3500,48c221,RYR2854,Poland,1790931237.0,1790931237,16.5822,48.9696,8031.48,False,232.92,106.55,-11.05,,8442.96,1000,False,0
3501,48c222,RYR913W,Poland,1790931236.0,1790931236,15.0983,51.3908,7078.98,False,231.36,100.64,-21.78,,7482.84,3407,False,0
3502,80152f,,India,1790931213.0,1790931215,81.6542,20.6976,11277.6,False,231.44,54.23,-0.33,,11993.88,,False,0
3503,a3d91f,UPS918,United States,1790931236.0,1790931236,-93.4227,37.1951,10972.8,False,210.06,259.13,0.0,,11536.68,6716,False,0
3504,090149,DTA579,Angola,1790931237.0,1790931237,13.7867,-10.6698,7886.7,False,220.22,165.8,6.18,,8427.72,,False,0
3505,801555,IOA206,India,1790931231.0,1790931231,82.97,19.0493,2743.2,False,88.9,66.1,0.0,,2849.88,,False,0
3506,a4d33f,RAX716,United States,1790931213.0,1790931213,-117.7638,42.7136,12192.0,False,218.37,308.98,-0.33,,12717.78,2532,False,0
3507,407d0f,GRICE,United Kingdom,1790931237.0,1790931237,1.5944,52.4105,182.88,False,38.98,67.5,-0.33,,342.9,,False,0
3508,80158c,AIC111,India,1790931237.0,1790931237,10.7761,49.2349,12192.0,False,242.13,303.39,-0.33,,12588.24,3550,False,0
3509,4b9c61,RAM352,Turkey,1790931236.0,1790931236,-5.7606,37.4239,10980.42,False,234.14,19.51,0.0,,11498.58,6440,False,0
3510,80158a,IGO254J,India,1790931237.0,1790931237,77.0166,28.583,914.4,False,119.93,285.17,13.98,,906.78,,False,0
3511,48e859,SPADH,Poland,1790931236.0,1790931236,20.2043,50.087,53.34,False,32.99,93.58,3.25,,266.7,7000,False,0
3512,a66cf7,DAL171,United States,1790931236.0,1790931236,127.2624,37.2299,3855.72,False,141.14,304.91,-7.8,,4015.74,6123,False,0
3513,500511,DWC020,San Marino,1790931236.0,1790931236,99.8875,14.3082,3566.16,False,167.82,104.38,-8.45,,3749.04,4032,False,0
3514,47a218,NOZ403,Norway,1790931236.0,1790931236,10.9998,60.5297,1851.66,False,135.38,141.17,-5.85,,2011.68,,False,0
3515,385db0,FBXNQ,France,1790931174.0,1790931176,2.3496,49.1813,91.44,False,46.48,5.08,-2.93,,304.8,,False,0
3516,48e83a,SPMTN,Poland,1790931237.0,1790931237,19.8691,50.139,3048.0,False,87.89,206.42,0.0,,3314.7,4150,False,0
3517,80156d,IGO6297,India,1790931237.0,1790931237,79.4966,14.0807,5181.6,False,184.26,355.36,11.7,,5433.06,,False,0
3518,801587,AKJ720P,India,1790931236.0,1790931236,90.8198,13.3617,10363.2,False,243.13,313.11,0.0,,,,False,0
3519,500553,T7BIG,San Marino,1790931237.0,1790931237,27.3399,44.4429,10668.0,False,221.9,124.61,-0.33,,10919.46,3427,False,0
3520,adc5b8,MTN8305,United States,1790931236.0,1790931236,-76.5962,39.244,609.6,False,73.39,242.9,-4.23,,617.22,1734,False,0
3521,85186a,JAL439,Japan,1790931237.0,1790931237,135.3825,34.8516,7924.8,False,208.78,252.95,0.0,,8351.52,4775,False,0
3522,801581,IGO29TY,India,1790931222.0,1790931230,81.9148,24.2911,11879.58,False,236.21,110.53,0.0,,12641.58,,False,0
3523,a3b398,ENY3450,United States,1790931237.0,1790931237,-98.3631,40.7466,8534.4,False,222.25,0.66,-0.33,,8923.02,,False,0
3524,c03003,ROU1998,Canada,1790931237.0,1790931237,-93.3539,47.7855,10668.0,False,277.54,108.03,0.33,,10751.82,1771,False,0
3525,50052a,LTX1,San Marino,1790931236.0,1790931237,52.3676,25.4261,10370.82,False,265.04,116.27,-7.48,,11003.28,1612,False,0
3526,3d1327,CSR41T,Germany,1790931112.0,1790931112,3.9873,43.5569,53.34,False,46.41,324.02,-2.93,,228.6,5401,False,0
3527,780925,GCR6544,China,1790931234.0,1790931234,113.106,22.082,8412.48,False,223.82,245.85,0.33,,8968.74,3457,False,0
3528,a3500f,UPS892,United States,1790931236.0,1790931236,-92.4431,38.6379,10363.2,False,212.59,274.44,0.0,,10835.64,6603,False,0
3529,801597,AIC2148,India,1790931237.0,1790931237,103.0573,1.4577,9768.84,False,250.27,289.7,-0.33,,10447.02,4143,False,0
3530,801595,AXB1085,India,1790931236.0,1790931236,87.3508,26.1871,10058.4,False,240.11,99.0,0.0,,10713.72,0514,False,0
3531,a23052,AMF7181,United States,1790931236.0,1790931236,-104.9078,33.0024,5113.02,False,118.05,35.42,0.0,,5341.62,,False,0
3532,50052e,T7VREN,San Marino,1790931236.0,1790931236,23.0073,38.2822,6789.42,False,198.61,303.48,6.18,,7018.02,5522,False,0
3533,801590,AXB1812,India,1790931060.0,1790931061,76.4457,10.1527,213.36,False,68.44,268.71,-3.9,,106.68,0506,False,0
3534,a66ca5,ASA639,United States,1790931237.0,1790931237,-90.1807,34.5652,11277.6,False,240.25,126.38,0.0,,11963.4,3534,False,0
3535,780932,CES716,China,1790931234.0,1790931235,120.0514,16.544,10363.2,False,245.97,347.07,0.0,,11132.82,,False,0
3536,a1ce16,SWA3575,United States,1790931237.0,1790931237,-97.749,26.5388,3131.82,False,154.16,152.58,-2.93,,3268.98,,False,0
3537,500575,T7LFKN,San Marino,1790931237.0,1790931237,13.3203,51.577,14935.2,False,252.11,134.26,0.0,,15270.48,7672,False,0
3538,aca5e5,DAL567,United States,1790931237.0,1790931237,-96.7011,41.6848,10668.0,False,259.23,118.7,0.0,,11094.72,,False,0
3539,3e31ea,LEJ330,Germany,1790931013.0,1790931013,2.7594,39.434,1958.34,False,118.96,242.44,-7.15,,2270.76,2751,False,0
3540,407d46,LOG28CG,United Kingdom,1790931236.0,1790931236,-3.488,53.6548,3977.64,False,148.35,103.84,0.0,,4145.28,4227,False,0
3541,440570,PEV550,Austria,1790931237.0,1790931237,10.6599,47.4216,7101.84,False,199.66,111.94,8.78,,7520.94,2755,False,0
3542,407d44,WUK76YB,United Kingdom,1790931236.0,1790931237,0.7995,43.7251,10355.58,False,223.02,339.47,0.0,,10820.4,5540,False,0
3543,407d36,HLE80,United Kingdom,1790931236.0,1790931236,-1.3528,51.4241,434.34,False,57.62,180.0,-0.33,,632.46,0020,False,0
3544,a1109b,EJM168,United States,1790931237.0,1790931237,-5.4385,37.6993,2514.6,False,142.49,210.36,-7.8,,2743.2,5051,False,0
3545,44058f,GAC339H,Austria,1790931236.0,1790931236,2.5243,48.7218,4122.42,False,102.38,180.58,8.78,,4389.12,1000,False,0
3546,39cdc4,CORSAIRG,France,1790931236.0,1790931237,-4.421,48.2489,259.08,False,59.5,123.0,0.0,,457.2,,False,0
3547,a028e5,ABX3174,United States,1790931237.0,1790931237,-85.3785,39.4604,3749.04,False,183.9,125.78,-6.83,,3909.06,,False,0
3548,4047cc,GCEEU,United Kingdom,1790931236.0,1790931237,-1.3685,51.4848,480.06,False,40.95,243.11,-0.33,,662.94,,False,0
3549,440589,EJU15EH,Austria,1790931237.0,1790931237,-5.8765,37.4199,,True,9.77,90.0,,,,4503,False,0
3550,06a108,QTR3J,Qatar,1790931237.0,1790931237,51.7738,25.4079,1661.16,False,133.04,311.39,-5.85,,1767.84,4716,False,0
3551,407d22,EZY36LA,United Kingdom,1790931237.0,1790931237,-0.582,46.2272,9357.36,False,242.88,344.52,7.15,,9776.46,2321,False,0
3552,06a101,QTR6F,Qatar,1790931236.0,1790931237,14.9601,45.5141,11887.2,False,256.13,134.02,0.0,,12306.3,3004,False,0
3553,851848,JAL484,Japan,1790931236.0,1790931236,136.7013,34.4277,9448.8,False,230.99,116.17,0.33,,10005.06,2314,False,0
3554,4047be,,United Kingdom,1790931237.0,1790931237,-0.0903,50.8712,556.26,False,59.8,261.59,-1.3,,,,False,0
3555,885113,THA461,Thailand,1790931237.0,1790931237,138.5683,-34.9585,11887.2,False,276.32,114.18,0.0,,12131.04,,False,0
3556,885103,THA653,Thailand,1790931237.0,1790931237,126.61,34.2542,11582.4,False,241.68,185.01,0.0,,12199.62,4117,False,0
3557,3d137a,CSR31Y,Germany,1790931236.0,1790931237,4.3845,43.4837,342.9,False,46.3,126.87,0.33,,525.78,5416,False,0
3558,885102,THA936,Thailand,1790931237.0,1790931237,18.395,48.3644,12192.0,False,236.37,300.47,0.0,,12550.14,3212,False,0
3559,7892a5,HKE849,China,1790931234.0,1790931236,137.5459,32.8765,11582.4,False,209.87,240.48,0.33,,12336.78,3732,False,0
3560,06a0a6,QTR44X,Qatar,1790931237.0,1790931237,16.7178,47.8148,11757.66,False,256.95,148.09,4.55,,12161.52,6027,False,0
3561,7892a6,HKE744,China,1790931068.0,1790931068,113.9133,22.304,,True,4.12,250.31,,,,,False,0
3562,7c2e45,UTY953,Australia,1790931168.0,1790931169,119.9619,-30.087,9441.18,False,206.89,236.15,2.6,,9631.68,,False,0
3563,06a0a5,QTR96V,Qatar,1790931236.0,1790931236,24.5021,44.5358,11879.58,False,234.7,129.31,0.0,,12169.14,,False,0
3564,7892a4,HKE851,China,1790931178.0,1790931188,114.6516,22.1388,2987.04,False,141.9,223.82,-2.6,,3154.68,3707,False,0
3565,407bde,EAG56R,United Kingdom,1790931237.0,1790931237,-5.8304,54.7321,2849.88,False,115.74,64.46,5.85,,2964.18,,False,0
3566,06a0b7,QTR43F,Qatar,1790931237.0,1790931237,31.0623,32.6455,12192.0,False,258.49,348.29,-0.33,,12565.38,2112,False,0
3567,06a0b8,QTR26Q,Qatar,1790930388.0,1790931232,21.3246,48.7811,11887.2,False,1277.61,220.23,0.0,,12260.58,1164,False,0
3568,06a0b3,QTR644,Qatar,1790931235.0,1790931235,57.3195,24.932,11879.58,False,259.42,102.13,-0.33,,12580.62,2155,False,0
3569,06a0b4,,Qatar,1790930830.0,1790931052,37.2076,36.9242,12192.0,False,247.43,316.35,-0.33,,12542.52,,False,0
3570,06a0b1,QTR76X,Qatar,1790931236.0,1790931236,21.3941,44.6943,11887.2,False,247.65,148.85,-0.33,,12192.0,6047,False,0
3571,06a0b2,QTR18T,Qatar,1790931237.0,1790931237,16.3962,44.906,11887.2,False,263.13,144.23,-0.33,,12306.3,1343,False,0
3572,06a0af,QTR29C,Qatar,1790930945.0,1790931111,23.5369,34.4735,12192.0,False,231.99,288.76,-0.33,,12435.84,,False,0
3573,7892ae,HKE871,China,1790931237.0,1790931237,140.5337,35.7547,4434.84,False,185.94,143.89,13.0,,4640.58,6063,False,0
3574,06a0ad,QTR8K,Qatar,1790931237.0,1790931237,28.9261,42.3107,12192.0,False,248.31,311.05,-0.33,,12397.74,5307,False,0
3575,06a0ac,QTR846,Qatar,1790931046.0,1790931046,70.6948,20.6339,11879.58,False,255.84,102.78,-0.33,,12618.72,,False,0
3576,39cce8,FHTHI,France,1790931237.0,1790931237,1.6581,48.421,601.98,False,68.03,97.82,0.0,,800.1,3701,False,0
3577,06a0c1,QTR62W,Qatar,1790931236.0,1790931236,16.0652,48.2823,11887.2,False,253.11,139.12,0.0,,12313.92,4625,False,0
3578,88510a,THA407,Thailand,1790931236.0,1790931236,104.0978,2.0552,3048.0,False,134.35,181.97,-1.95,,3223.26,,False,0
3579,88510b,THA643,Thailand,1790931237.0,1790931237,101.2276,14.2414,5128.26,False,170.01,219.23,-2.93,,5417.82,,False,0
3580,885118,THA476,Thailand,1790931216.0,1790931217,103.2463,12.6719,12192.0,False,248.99,279.75,0.0,,12984.48,,False,0
3581,8013c3,AIC2017,India,1790931236.0,1790931236,71.467,23.6627,10972.8,False,236.33,244.61,-0.33,,11658.6,,False,0
3582,c041bc,ROU1902,Canada,1790931236.0,1790931236,-86.6295,46.6872,10668.0,False,289.0,98.91,-0.33,,10812.78,,False,0
3583,680001,DRK203,Bhutan,1790931040.0,1790931211,82.9552,26.6047,11894.82,False,241.87,95.49,0.0,,12626.34,,False,0
3584,680009,BTN774,Bhutan,1790931236.0,1790931236,84.2645,26.606,11277.6,False,246.71,97.91,0.0,,11986.26,,False,0
3585,68000a,BTN700,Bhutan,1790931236.0,1790931236,98.0168,15.8904,11262.36,False,231.43,146.7,0.65,,12009.12,0414,False,0
3586,68000c,DRK301,Bhutan,1790931161.0,1790931162,89.3168,26.637,7078.98,False,217.16,16.37,-12.35,,7513.32,4713,False,0
3587,68000b,DRK211,Bhutan,1790931168.0,1790931168,89.3172,26.1687,6400.8,False,148.48,40.64,0.0,,6743.7,0414,False,0
3588,06a0e7,QTR727,Qatar,1790931236.0,1790931237,24.4124,34.22,10972.8,False,226.98,289.46,0.33,,11201.4,,False,0
3589,7c2e7a,JGS,Australia,1790931237.0,1790931237,150.5607,-34.6734,8519.16,False,165.45,233.34,10.08,,8862.06,3657,False,0
3590,c041b9,WJA568,Canada,1790931237.0,1790931237,-97.3427,49.5946,10668.0,False,271.9,101.46,0.0,,10713.72,2165,False,0
3591,8013cc,AIC3TL,India,1790931237.0,1790931237,79.2998,15.4737,10972.8,False,232.47,346.82,0.0,,11643.36,,False,0
3592,4acaa1,SAS49L,Sweden,1790931073.0,1790931073,12.2579,41.8546,-38.1,False,75.16,162.06,-3.9,,137.16,2243,False,0
3593,ac9e23,ASA1490,United States,1790931237.0,1790931237,-150.1135,61.1707,419.1,False,84.5,93.14,-4.23,,411.48,,False,0
3594,7cf8ed,DNGO01,Australia,1790931237.0,1790931237,136.5879,-34.0556,7010.4,False,144.79,127.93,0.0,,7170.42,,False,0
3595,3dcfff,PTO8814,Germany,1790931236.0,1790931236,11.6293,55.0656,2446.02,False,78.01,334.62,-0.65,,2651.76,3756,False,0
3596,06a0f9,QTR67G,Qatar,1790931236.0,1790931236,16.0017,40.4377,11887.2,False,267.22,128.59,0.0,,12291.06,5727,False,0
3597,8013a4,AIC3MM,India,1790931237.0,1790931237,76.9818,28.407,1859.28,False,148.91,200.0,5.2,,1920.24,,False,0
3598,06a0f7,QTR61E,Qatar,1790931025.0,1790931025,34.2209,39.1297,11582.4,False,249.12,312.15,0.0,,11833.86,,False,0
3599,06a0f8,QTR826,Qatar,1790931236.0,1790931236,68.8203,22.9319,11887.2,False,260.32,93.63,0.0,,12611.1,,False,0
3600,06a0f6,QTR56K,Qatar,1790931237.0,1790931237,31.2163,31.9748,12192.0,False,258.08,348.73,0.0,,12611.1,,False,0
3601,06a0eb,QTR728,Qatar,1790931237.0,1790931237,2.6933,51.0403,11887.2,False,271.0,105.75,0.0,,12192.0,1150,False,0
3602,7c1b2b,FD522,Australia,1790931038.0,1790931038,135.8755,-34.6031,,True,4.12,286.88,,,,,False,0
3603,a362a2,UPS7893,United States,1790931232.0,1790931237,-150.0033,61.1923,,True,0.9,340.31,,,,,False,0
3604,48e6d7,BNI8TP,Poland,1790931076.0,1790931142,19.1505,51.744,457.2,False,49.71,263.46,-1.95,,655.32,,False,0
3605,06a0fa,QTR2R,Qatar,1790931237.0,1790931237,13.9436,41.2397,7353.3,False,220.87,111.31,6.5,,7741.92,,False,0
3606,acffbe,LRC661,United States,1790931237.0,1790931237,-79.4402,29.2259,10980.42,False,234.81,208.53,0.33,,11681.46,1533,False,0
3607,71c755,TWB727,Republic of Korea,1790931237.0,1790931237,126.6666,34.7915,7178.04,False,223.66,185.15,-10.08,,7551.42,7250,False,0
3608,a3fb6f,DAL2891,United States,1790931150.0,1790931150,-84.4228,33.6447,,True,1.29,253.12,,,,2051,False,0
3609,86cf09,SNJ62,Japan,1790931237.0,1790931237,139.7361,34.5936,3703.32,False,195.83,50.33,-3.9,,3901.44,2254,False,0
3610,8013fc,,India,1790931204.0,1790931204,78.9451,28.4602,5943.6,False,149.36,272.76,14.63,,5806.44,,False,0
3611,a13717,CTF178,United States,1790931237.0,1790931237,-112.8286,34.544,5981.7,False,140.63,129.81,-5.2,,6324.6,,False,0
3612,71c747,KAL2119,Republic of Korea,1790931235.0,1790931235,135.1564,34.3684,441.96,False,71.75,51.4,-3.9,,518.16,,False,0
3613,ac6993,SWA1937,United States,1790931235.0,1790931237,-121.3087,42.2957,11582.4,False,235.15,330.8,0.0,,12100.56,,False,0
3614,3935ae,FGNNO,France,1790931133.0,1790931151,2.0738,48.8067,1303.02,False,0.0,0.0,0.0,,160.02,1000,False,0
3615,71c740,JJA2315,Republic of Korea,1790931236.0,1790931237,126.6854,35.3143,9753.6,False,225.82,183.79,0.33,,10256.52,4124,False,0
3616,aa02ab,,United States,1790931072.0,1790931072,-80.2808,25.7996,,True,8.75,87.19,,,,,False,0
3617,71c741,PTA6502,Republic of Korea,1790931236.0,1790931236,126.8152,34.6654,7627.62,False,202.38,4.81,-0.33,,8039.1,,False,0
3618,88516c,THA916,Thailand,1790931034.0,1790931055,80.9406,27.1219,10363.2,False,246.29,315.76,0.0,,10995.66,6106,False,0
3619,88516e,THA324,Thailand,1790931236.0,1790931236,91.8574,19.022,11277.6,False,239.23,127.49,0.0,,11978.64,0517,False,0
3620,4acaa6,SAS41K,Sweden,1790931236.0,1790931236,12.5997,55.9286,1821.18,False,143.35,142.14,-7.15,,2011.68,0260,False,0
3621,8013e4,IGO2VL,India,1790931237.0,1790931237,80.0748,12.695,2278.38,False,104.6,214.78,3.9,,2286.0,,False,0
3622,5004d2,T7LA7X,San Marino,1790931237.0,1790931237,27.2424,43.853,13106.4,False,248.78,129.71,0.0,,13312.14,3463,False,0
3623,a65b74,CSI509,United States,1790931237.0,1790931237,-106.0008,31.8972,2979.42,False,130.79,247.57,-1.3,,3093.72,,False,0
3624,06a19e,QTR69N,Qatar,1790931237.0,1790931237,10.7798,48.9678,10058.4,False,247.4,136.01,0.0,,10462.26,5265,False,0
3625,06a19f,QTR17E,Qatar,1790931236.0,1790931236,7.4398,47.8982,10058.4,False,258.28,103.59,0.0,,10477.5,5226,False,0
3626,600b26,AZG624,Azerbaijan,1790931236.0,1790931236,51.4759,26.6527,8839.2,False,268.33,109.72,-0.33,,9387.84,3111,False,0
3627,4acab0,SAS7419,Sweden,1790931237.0,1790931237,-7.2658,41.6292,11277.6,False,232.87,196.95,0.0,,11734.8,2256,False,0
3628,4acab2,SAS40T,Sweden,1790931236.0,1790931236,21.4516,43.7926,11887.2,False,238.54,158.36,0.0,,12199.62,4550,False,0
3629,ac300d,SWA3759,United States,1790931236.0,1790931236,-122.3019,47.66,2872.74,False,154.27,105.47,7.15,,2933.7,,False,0
3630,8013f8,,India,1790931236.0,1790931236,78.2127,15.0907,10370.82,False,239.77,192.52,4.23,,10972.8,,False,0
3631,7c7039,WGB,Australia,1790931236.0,1790931236,153.0909,-26.6068,,True,8.23,182.81,,,,,False,0
3632,a7a8ed,DAL2794,United States,1790931236.0,1790931236,-84.7274,39.2277,1264.92,False,121.92,90.24,-2.28,,1295.4,4013,False,0
3633,71c764,ESR265,Republic of Korea,1790931230.0,1790931232,126.7125,35.226,7315.2,False,206.56,185.0,0.0,,7680.96,7252,False,0
3634,71c765,JJA1106,Republic of Korea,1790931237.0,1790931237,137.4686,36.0129,10972.8,False,192.92,270.0,0.33,,11574.78,6162,False,0
3635,885156,THA613,Thailand,1790931221.0,1790931236,100.6454,15.837,10713.72,False,248.05,163.37,-9.43,,11414.76,,False,0
3636,4403e0,ALX279,Austria,1790931160.0,1790931237,18.0,48.0,13700.76,False,945.87,294.28,1.95,,,1000,False,0
3637,aa28f2,AAL240,United States,1790931237.0,1790931237,-4.4757,46.7939,11277.6,False,254.81,112.68,0.0,,11658.6,,False,0
3638,71c713,KAL442,Republic of Korea,1790931237.0,1790931237,126.9917,36.7179,5448.3,False,191.01,357.68,-5.2,,5692.14,5633,False,0
3639,71c714,PTA504,Republic of Korea,1790931029.0,1790931029,126.4482,37.455,,True,5.66,241.88,,,,7001,False,0
3640,4a2182,HLJ1AC,Romania,1790931237.0,1790931237,20.6141,45.4818,11582.4,False,220.0,332.12,0.0,,11917.68,1162,False,0
3641,71c719,JJA1307,Republic of Korea,1790931237.0,1790931237,129.3176,37.1553,10515.6,False,286.24,114.08,4.88,,10934.7,7141,False,0
3642,ab236a,AAL747,United States,1790931237.0,1790931237,3.0117,45.8228,11582.4,False,224.9,274.2,-0.33,,12024.36,4075,False,0
3643,71c712,KAL712,Republic of Korea,1790931237.0,1790931237,140.0037,35.8311,5913.12,False,170.33,284.88,8.78,,6202.68,6143,False,0
3644,71c710,KAL2016,Republic of Korea,1790931237.0,1790931237,126.7661,34.2021,10675.62,False,240.1,4.92,-0.33,,11285.22,,False,0
3645,7808c7,CCA1720,China,1790930946.0,1790930987,118.7183,31.8906,7498.08,False,233.63,164.68,0.0,,7947.66,,False,0
3646,0ac9f0,AVA146,Colombia,1790931236.0,1790931236,-74.1257,4.6878,,True,0.0,185.62,,,,,False,0
3647,342107,FIN07RT,Spain,1790931237.0,1790931237,1.1497,44.5304,10370.82,False,240.23,348.14,0.0,,10805.16,5522,False,0
3648,5004e4,MEA245,San Marino,1790931237.0,1790931237,18.5296,48.4354,10370.82,False,230.96,311.93,-0.33,,10782.3,2220,False,0
3649,5004e2,MEA199,San Marino,1790931236.0,1790931236,24.2701,43.9352,10363.2,False,241.95,310.43,0.0,,10668.0,2245,False,0
3650,407bb8,GCMAI,United Kingdom,1790931237.0,1790931237,-0.0293,52.7268,45.72,False,25.77,183.43,2.28,,220.98,,False,0
3651,71c704,APZ802,Republic of Korea,1790931237.0,1790931237,126.8155,36.9478,3345.18,False,141.15,281.35,-4.23,,3497.58,3550,False,0
3652,71c702,APZ601,Republic of Korea,1790931236.0,1790931237,126.7138,35.7822,9265.92,False,253.06,183.5,7.15,,9730.74,7164,False,0
3653,39bb24,AFR26SM,France,1790931237.0,1790931237,0.0611,51.2366,3528.06,False,133.72,350.03,-6.18,,3756.66,0662,False,0
3654,39bb26,AFR88WE,France,1790931237.0,1790931237,2.891,47.2361,8839.2,False,237.9,162.9,-0.33,,9235.44,1000,False,0
3655,3e338c,DIKSI,Germany,1790931237.0,1790931237,4.2639,42.4042,11277.6,False,178.75,202.51,0.0,,11757.66,1000,False,0
3656,39bb27,AFR78RM,France,1790931233.0,1790931233,8.557,47.4536,,True,0.0,5.62,,,,1000,False,0
3657,7808d0,CXA8355,China,1790930956.0,1790930957,117.3513,39.1202,,True,0.45,334.69,,,,,False,0
3658,71c701,APZ736,Republic of Korea,1790931214.0,1790931214,140.3951,35.7619,,True,8.23,213.75,,,,,False,0
3659,39bb20,AFR72UQ,France,1790931236.0,1790931236,4.2403,51.6186,9448.8,False,254.95,40.83,0.0,,9761.22,3342,False,0
3660,39ce53,RTO084,France,1790931204.0,1790931204,4.7983,45.3354,472.44,False,58.43,50.0,0.33,,662.94,0040,False,0
3661,39bb22,AFR14XY,France,1790931237.0,1790931237,8.8694,52.5554,11582.4,False,209.8,215.02,0.0,,11910.06,0754,False,0
3662,407ba5,GFLOH,United Kingdom,1790931236.0,1790931236,-0.9527,52.893,1996.44,False,60.29,334.75,8.13,,2209.8,0033,False,0
3663,885179,THA922,Thailand,1790931235.0,1790931235,78.5672,29.0555,10363.2,False,241.97,313.71,0.0,,10965.18,,False,0
3664,71c737,TWB313,Republic of Korea,1790931237.0,1790931237,134.9365,34.2453,1318.26,False,89.56,42.67,-3.58,,1424.94,,False,0
3665,a8a391,FFT1876,United States,1790931237.0,1790931237,-108.0804,35.8126,10058.4,False,225.68,98.39,0.0,,10614.66,,False,0
3666,7808cc,CCA1337,China,1790930924.0,1790930945,114.7942,39.332,9784.08,False,220.74,229.44,0.0,,10096.5,,False,0
3667,71c730,KAL2103,Republic of Korea,1790931236.0,1790931236,138.6627,34.7155,7353.3,False,245.39,89.88,-8.78,,7772.4,4307,False,0
3668,7808e8,CES5303,China,1790931041.0,1790931042,113.239,23.2462,815.34,False,97.07,14.11,-5.2,,853.44,,False,0
3669,4403f0,EJU93RY,Austria,1790931237.0,1790931237,9.2856,52.5342,11285.22,False,232.43,86.57,0.33,,11620.5,4647,False,0
3670,a12403,UAL2469,United States,1790931237.0,1790931237,-88.3718,31.4216,10668.0,False,241.5,106.97,0.0,,11353.8,3352,False,0
3671,0ac9ab,HK5347,Colombia,1790931070.0,1790931088,-74.1473,4.7012,,True,5.4,216.56,,,,,False,0
3672,710dbc,KNE202,Saudi Arabia,1790930941.0,1790931010,49.7444,22.9416,10370.82,False,237.02,273.24,0.0,,11026.14,6234,False,0
3673,a4d2aa,N41KB,United States,1790931237.0,1790931237,0.6147,51.9808,708.66,False,79.78,327.64,0.0,,906.78,,False,0
3674,0ac9c3,AVA263,Colombia,1790931236.0,1790931236,-74.8169,10.6414,11292.84,False,252.06,164.01,-0.33,,12054.84,6276,False,0
3675,0ac9c2,AVA218,Colombia,1790931237.0,1790931237,-69.3063,-5.1187,10965.18,False,225.29,343.55,0.0,,11719.56,,False,0
3676,4b1815,SWR2HC,Switzerland,1790931237.0,1790931237,10.6586,44.4568,11582.4,False,227.85,324.37,0.0,,12047.22,1000,False,0
3677,4b1817,SWR2XL,Switzerland,1790931236.0,1790931236,8.5143,47.4979,419.1,False,74.99,137.22,-3.9,,624.84,1000,False,0
3678,4b1819,SWR5MW,Switzerland,1790931237.0,1790931237,14.7741,43.5801,11582.4,False,215.12,295.95,0.0,,12024.36,6051,False,0
3679,408120,VIR197G,United Kingdom,1790931234.0,1790931234,-0.4673,51.4709,-121.92,False,4.66,6.34,0.0,,83.82,7751,False,0
3680,7c6b2d,JST465,Australia,1790931237.0,1790931237,146.2606,-35.2119,10972.8,False,204.48,218.97,0.0,,11224.26,1007,False,0
3681,408124,EXS49UT,United Kingdom,1790931237.0,1790931237,13.6275,50.9237,11887.2,False,222.62,109.86,0.0,,12283.44,3436,False,0
3682,88044d,AIQ3166,Thailand,1790931236.0,1790931236,99.7928,16.8117,10591.8,False,229.89,162.42,4.88,,9227.82,4463,False,0
3683,842194,ADO120,Japan,1790931236.0,1790931236,135.5689,35.6529,7078.98,False,204.4,220.3,-11.05,,7391.4,1755,False,0
3684,880454,AIQ3215,Thailand,1790931236.0,1790931236,100.4295,13.9305,1607.82,False,166.85,293.24,5.85,,1706.88,,False,0
3685,a6fe23,N55LY,United States,1790931237.0,1790931237,5.7672,45.1243,8534.4,False,155.76,333.1,0.0,,8953.5,5172,False,0
3686,880456,AIQ3114,Thailand,1790931237.0,1790931237,100.6644,12.7341,7863.84,False,220.73,181.07,7.8,,8404.86,,False,0
3687,7c35f2,KXW,Australia,1790931038.0,1790931038,115.8718,-32.0981,,True,0.0,295.31,,,,3000,False,0
3688,880455,AIQ3108,Thailand,1790931236.0,1790931236,100.5583,13.3142,5798.82,False,197.94,164.63,9.43,,6172.2,,False,0
3689,4b1803,SWR3TE,Switzerland,1790931237.0,1790931237,12.7896,51.835,6294.12,False,174.56,212.24,9.43,,6621.78,1000,False,0
3690,408117,GRDRD,United Kingdom,1790931212.0,1790931220,0.1456,47.6839,312.42,False,46.7,333.15,-1.3,,480.06,,False,0
3691,4b1804,SWR55Y,Switzerland,1790931237.0,1790931237,8.4489,47.4222,10157.46,False,227.01,33.26,6.83,,10584.18,1000,False,0
3692,4b1806,SWR523,Switzerland,1790931230.0,1790931230,6.0583,46.2035,510.54,False,63.3,45.0,-2.93,,739.14,1000,False,0
3693,4b1807,SWR5DA,Switzerland,1790931236.0,1790931236,11.3708,47.4635,9738.36,False,182.19,292.58,-3.25,,10180.32,1000,False,0
3694,880450,AIQ763,Thailand,1790931233.0,1790931233,100.7272,14.421,2369.82,False,164.51,261.19,-10.73,,2590.8,,False,0
3695,ae018a,E10E2,United States,1790931237.0,1790931237,18.9335,53.4483,9921.24,False,228.99,68.1,-14.31,,10309.86,7667,False,0
3696,4b1809,SWR97Q,Switzerland,1790931237.0,1790931237,10.0357,45.2959,8534.4,False,205.73,317.53,-0.33,,8968.74,1000,False,0
3697,380bda,,France,1790931225.0,1790931225,1.3637,43.6181,,True,0.0,92.81,,,,,False,0
3698,4b1800,SWR5PT,Switzerland,1790931237.0,1790931237,8.3347,47.6348,1463.04,False,104.1,156.1,-7.15,,1699.26,1125,False,0
3699,7c6b1b,JST573,Australia,1790931237.0,1790931237,149.7038,-31.7713,9144.0,False,229.86,217.18,-0.33,,9555.48,1046,False,0
3700,4b1801,SWR3G,Switzerland,1790931237.0,1790931237,-1.4756,41.6082,12192.0,False,238.06,38.33,0.0,,12649.2,4534,False,0
3701,408111,LOG25JD,United Kingdom,1790931237.0,1790931237,-2.2289,57.151,800.1,False,76.89,231.52,6.83,,891.54,,False,0
3702,7c6b31,JST291,Australia,1790931237.0,1790931237,173.0616,-43.1677,4541.52,False,176.51,214.43,-11.7,,4709.16,,False,0
3703,4952ca,TAP13LH,Portugal,1790931236.0,1790931237,-6.8658,42.4048,11277.6,False,223.79,203.15,0.0,,11727.18,2261,False,0
3704,880443,AIQ3147,Thailand,1790931236.0,1790931236,100.0169,12.0053,8839.2,False,207.91,15.21,0.0,,,,False,0
3705,7c6b39,JST909,Australia,1790931237.0,1790931237,152.6214,-26.8653,4038.6,False,158.71,137.1,-8.13,,4305.3,,False,0
3706,4952cc,TAP1735,Portugal,1790931237.0,1790931237,-9.6772,38.5753,7360.92,False,192.88,226.73,9.43,,7787.64,2240,False,0
3707,7c6b37,JST750,Australia,1790931236.0,1790931236,148.5816,-34.7215,10058.4,False,197.76,335.57,-0.98,,10401.3,4334,False,0
3708,4952cd,TAP832,Portugal,1790931236.0,1790931236,-1.4083,36.2574,11269.98,False,249.56,88.82,0.0,,11811.0,2203,False,0
3709,4952cf,TAP1921,Portugal,1790931237.0,1790931237,-9.2888,38.8519,4335.78,False,160.91,197.68,-19.18,,4640.58,4403,False,0
3710,7c6b35,JST133,Australia,1790931237.0,1790931237,155.2261,-28.6045,8481.06,False,237.69,107.77,5.53,,8877.3,,False,0
3711,402ab3,GBOHJ,United Kingdom,1790931236.0,1790931236,-1.0218,52.574,548.64,False,35.4,125.54,4.55,,716.28,7000,False,0
3712,7c6b19,JST767,Australia,1790931236.0,1790931237,140.6072,-34.9787,9822.18,False,256.2,90.46,7.15,,9951.72,,False,0
3713,4952d2,TAP43PA,Portugal,1790931236.0,1790931236,-3.4522,44.8735,10363.2,False,221.88,33.17,0.0,,10774.68,4710,False,0
3714,a1c5f2,N213PF,United States,1790931237.0,1790931237,-118.3541,34.069,243.84,False,42.95,226.94,0.0,,190.5,,False,0
3715,7c6b0f,JST524,Australia,1790931237.0,1790931237,144.6289,-37.5802,2316.48,False,148.12,343.45,14.96,,2392.68,3710,False,0
3716,7c6b0e,JST620,Australia,1790931237.0,1790931237,144.2921,-37.7451,2232.66,False,133.81,100.19,-7.8,,2346.96,3606,False,0
3717,7c6b0b,JST818,Australia,1790931237.0,1790931237,152.4618,-31.1046,8846.82,False,232.35,17.39,0.65,,9265.92,1243,False,0
3718,4b181e,SWR8KW,Switzerland,1790931237.0,1790931237,10.6001,45.7218,9144.0,False,203.88,284.32,0.0,,9578.34,0243,False,0
3719,4952d0,TAP40GV,Portugal,1790931237.0,1790931237,-5.653,41.2651,10355.58,False,239.13,56.14,0.33,,10797.54,5461,False,0
3720,a7e8bf,ASA1439,United States,1790931237.0,1790931237,-146.6411,60.5736,10668.0,False,256.31,117.23,2.93,,10302.24,7212,False,0
3721,01de72,BNI9U,Libyan Arab Jamahiriya,1790931237.0,1790931237,18.6862,51.8779,1661.16,False,27.34,191.94,2.6,,1889.76,,False,0
3722,4952d1,TAP155A,Portugal,1790931237.0,1790931237,-9.1154,38.8148,541.02,False,91.25,29.74,5.85,,662.94,,False,0
3723,7c6b28,JST655,Australia,1790931237.0,1790931237,145.6323,-37.4497,4358.64,False,156.22,256.28,-7.8,,4533.9,3605,False,0
3724,440dc9,RVP301,Austria,1790931237.0,1790931237,-8.9606,38.7237,205.74,False,42.63,252.44,-1.63,,320.04,3236,False,0
3725,4b181a,SWR52Y,Switzerland,1790931237.0,1790931237,7.4699,47.6851,6278.88,False,157.45,159.14,-5.85,,6644.64,1000,False,0
3726,4b181b,SWR8PZ,Switzerland,1790931237.0,1790931237,8.5678,47.4568,,True,27.78,275.62,,,,3035,False,0
3727,4b181c,SWR4KG,Switzerland,1790931237.0,1790931237,16.312,42.7709,10873.74,False,235.21,140.15,-7.15,,11285.22,1000,False,0
3728,4952c9,TAP780,Portugal,1790931237.0,1790931237,-0.4973,47.5845,11582.4,False,246.09,38.38,0.0,,11971.02,1000,False,0
3729,a1d8fd,UAL2303,United States,1790931237.0,1790931237,-104.7337,40.5718,11887.2,False,254.78,67.94,0.0,,12458.7,7375,False,0
3730,4952c1,TAP30BC,Portugal,1790931237.0,1790931237,1.8329,41.2151,998.22,False,105.19,76.71,-2.6,,1196.34,4415,False,0
3731,4952c2,TAP1356,Portugal,1790931237.0,1790931237,-5.1204,46.5991,10363.2,False,230.61,35.92,0.0,,10751.82,4725,False,0
3732,4952c6,TAP560,Portugal,1790931237.0,1790931237,-0.9875,47.1377,11582.4,False,247.17,37.73,0.0,,11978.64,2351,False,0
3733,4952c7,TAP1328,Portugal,1790931237.0,1790931237,-7.0211,44.6394,10363.2,False,226.3,34.16,0.0,,10767.06,5432,False,0
3734,a33b23,UPS782,United States,1790931237.0,1790931237,-96.0893,31.4498,10972.8,False,227.35,225.09,0.33,,11620.5,6663,False,0
3735,4952c8,TAP1541,Portugal,1790931237.0,1790931237,-10.9664,36.5339,10675.62,False,231.04,214.75,0.0,,11209.02,3371,False,0
3736,4b180c,SWR1V,Switzerland,1790931236.0,1790931237,7.1087,46.8538,8001.0,False,191.38,231.22,6.18,,8404.86,1000,False,0
3737,4952aa,TAP9052,Portugal,1790931237.0,1790931237,12.3475,55.4608,2499.36,False,140.46,210.6,16.58,,2689.86,0757,False,0
3738,4952ab,TAP298,Portugal,1790931236.0,1790931236,12.3079,-7.6268,8328.66,False,231.83,346.4,3.25,,8892.54,,False,0
3739,7c6b14,JST830,Australia,1790931236.0,1790931236,151.8771,-32.6395,8839.2,False,225.15,18.1,0.0,,9250.68,1274,False,0
3740,4952ad,TAP087,Portugal,1790931198.0,1790931198,-46.4967,-23.4414,777.24,False,79.78,73.9,-3.9,,853.44,,False,0
3741,4b180a,SWR9MH,Switzerland,1790931237.0,1790931237,9.0038,48.5253,3573.78,False,154.35,209.56,10.73,,3840.48,2546,False,0
3742,7c6b12,JST820,Australia,1790931237.0,1790931237,153.2683,-27.6806,1501.14,False,138.39,323.77,-8.78,,1668.78,1241,False,0
3743,4952ae,TAP028,Portugal,1790931235.0,1790931237,-14.6447,28.4717,12192.0,False,238.04,24.52,0.0,,12832.08,,False,0
3744,3c6669,DLH77Y,Germany,1790931236.0,1790931236,7.9459,43.9151,5448.3,False,192.38,48.25,22.43,,5791.2,1000,False,0
3745,4952b1,TAP1859,Portugal,1790931237.0,1790931237,-11.4327,39.0487,9593.58,False,224.81,270.13,4.55,,10066.02,3365,False,0
3746,e4943e,GLO1625,Brazil,1790931236.0,1790931236,-47.0622,-23.4524,3093.72,False,121.27,168.5,-4.55,,3238.5,,False,0
3747,4b183f,LUC6J,Switzerland,1790931236.0,1790931237,8.7217,47.0007,10256.52,False,248.5,147.86,7.8,,10698.48,6726,False,0
3748,3c664e,DLH26C,Germany,1790931237.0,1790931237,6.0281,45.4391,10668.0,False,234.62,195.26,0.33,,11117.58,1000,False,0
3749,ad3c1f,ASA255,United States,1790931237.0,1790931237,-74.3405,42.7102,9913.62,False,267.72,84.49,-2.6,,10401.3,2037,False,0
3750,40814f,GCMWC,United Kingdom,1790931237.0,1790931237,0.2539,51.5371,-60.96,False,21.87,221.19,-1.3,,144.78,7000,False,0
3751,3c6663,DLH02F,Germany,1790931237.0,1790931237,5.3254,46.0672,10066.02,False,227.43,234.3,0.0,,10492.74,1000,False,0
3752,4952a7,TAP088,Portugal,1790930949.0,1790930949,-14.4279,32.4126,12192.0,False,228.58,34.08,0.0,,12793.98,,False,0
3753,4952a8,TAP094,Portugal,1790931236.0,1790931237,-13.5774,35.1602,12192.0,False,239.9,28.71,0.0,,12740.64,,False,0
3754,3c6678,DLH1298,Germany,1790931237.0,1790931237,22.3205,43.7522,10066.02,False,228.91,133.27,0.0,,10363.2,7705,False,0
3755,3c666e,DLH1KK,Germany,1790931237.0,1790931237,11.8818,48.1448,2659.38,False,145.83,129.42,7.48,,2903.22,1000,False,0
3756,4952a4,TAP53LB,Portugal,1790931237.0,1790931237,2.9039,49.0689,12192.0,False,257.66,75.55,0.0,,12542.52,1000,False,0
3757,3c666c,DLH3PF,Germany,1790931237.0,1790931237,12.0203,42.2675,3710.94,False,204.92,350.61,6.18,,3985.26,,False,0
3758,4952a5,,Portugal,1790930946.0,1790930946,-9.1382,38.7725,,True,3.09,258.75,,,,,False,0
3759,3c666b,DLH38J,Germany,1790931236.0,1790931236,-7.7897,41.1551,4846.32,False,177.01,254.15,-11.05,,5151.12,1000,False,0
3760,3c6672,DLH4PP,Germany,1790931236.0,1790931236,12.2124,47.8395,10058.4,False,242.27,123.66,0.33,,10469.88,6437,False,0
3761,3c6676,DLH1JH,Germany,1790931237.0,1790931237,11.1237,51.3935,10972.8,False,243.82,354.79,0.0,,11330.94,7420,False,0
3762,3c6675,DLH4WE,Germany,1790931237.0,1790931237,9.8947,44.3804,10675.62,False,233.98,159.13,0.0,,11125.2,2545,False,0
3763,3c6674,DLH1VR,Germany,1790931237.0,1790931237,10.1004,53.1796,3619.5,False,202.05,12.8,-8.45,,3840.48,5003,False,0
3764,408143,DHK052,United Kingdom,1790931236.0,1790931236,44.0827,41.3979,10668.0,False,274.99,92.57,-0.33,,10927.08,7131,False,0
3765,40812e,EZY54GE,United Kingdom,1790931236.0,1790931237,7.1416,49.5314,11277.6,False,236.74,119.13,0.0,,11673.84,3443,False,0
3766,3c666f,DLH894,Germany,1790931237.0,1790931237,14.3105,52.4466,10668.0,False,241.09,66.88,0.0,,11056.62,1000,False,0
3767,40812d,EZY35VW,United Kingdom,1790931237.0,1790931237,-5.9953,43.4404,10668.0,False,231.87,195.18,0.0,,11109.96,2172,False,0
3768,7c6b3d,JST948,Australia,1790931236.0,1790931237,145.1103,-35.4634,10363.2,False,216.83,357.28,0.0,,10568.94,1327,False,0
3769,a7b05e,N595E,United States,1790931236.0,1790931236,-8.8115,52.9673,1539.24,False,160.72,78.37,-7.15,,1645.92,3614,False,0
3770,7c6b3c,JST298,Australia,1790931053.0,1790931053,174.818,-37.0033,-53.34,False,64.1,251.27,-3.58,,91.44,5671,False,0
3771,a7608e,UAL1815,United States,1790931237.0,1790931237,-112.3002,39.4562,10668.0,False,250.52,78.39,0.0,,11216.64,3271,False,0
3772,0d0acd,AMX689,Mexico,1790931237.0,1790931237,-89.266,35.8695,10972.8,False,223.9,190.46,-0.33,,11635.74,6541,False,0
3773,3c65a2,DLH453,Germany,1790931236.0,1790931236,-14.5501,54.9152,11277.6,False,258.5,108.33,0.0,,11269.98,,False,0
3774,4b187b,SWR80,Switzerland,1790931237.0,1790931237,4.6425,48.2549,9525.0,False,233.54,297.41,3.58,,9928.86,3034,False,0
3775,4b187e,SWR4Y,Switzerland,1790931236.0,1790931236,8.0808,47.6062,1912.62,False,115.96,15.7,-5.2,,2156.46,2005,False,0
3776,a6a2f7,N527AH,United States,1790931235.0,1790931237,-13.3643,53.9764,10668.0,False,257.43,92.29,-0.33,,10675.62,,False,0
3777,716ffb,SVA239,Saudi Arabia,1790931237.0,1790931237,32.8,36.3085,10363.2,False,210.94,291.31,0.33,,10629.9,7340,False,0
3778,3c65ad,DLH415,Germany,1790931237.0,1790931237,-1.4194,51.5754,11887.2,False,257.36,99.09,0.0,,12138.66,2214,False,0
3779,4b187a,SWR16F,Switzerland,1790931237.0,1790931237,4.877,48.1319,8534.4,False,234.25,311.88,1.3,,8930.64,3034,False,0
3780,4b1883,SWR154,Switzerland,1790931237.0,1790931237,12.3706,47.1767,9570.72,False,226.78,93.51,1.63,,10005.06,3025,False,0
3781,3c65c2,DLH9TP,Germany,1790931229.0,1790931229,8.548,50.0377,,True,9.77,250.31,,,,,False,0
3782,3c65c1,DLH2MM,Germany,1790931237.0,1790931237,11.3538,45.6059,8275.32,False,245.41,0.72,10.08,,8694.42,1000,False,0
3783,a05776,AAL2490,United States,1790931236.0,1790931236,-108.1107,32.3745,10683.24,False,255.17,104.6,0.0,,11239.5,6730,False,0
3784,4b1882,SWR6A,Switzerland,1790931237.0,1790931237,9.6011,50.7107,10134.6,False,242.36,6.58,3.58,,10546.08,3015,False,0
3785,0d0af7,AMX694,Mexico,1790931116.0,1790931121,-103.6196,27.526,10972.8,False,236.29,328.35,0.0,,11673.84,,False,0
3786,3b7b37,DRAGO741,France,1790931194.0,1790931194,6.3393,45.6169,441.96,False,28.76,333.43,-2.93,,662.94,,False,0
3787,861f5e,ANA778,Japan,1790931236.0,1790931236,136.7112,36.6594,10058.4,False,198.7,223.32,-9.75,,10485.12,3374,False,0
3788,86d6ac,JAL93,Japan,1790931236.0,1790931237,127.43,37.1576,3238.5,False,168.7,295.08,-6.5,,3398.52,7046,False,0
3789,3c65c7,DLH880,Germany,1790931236.0,1790931236,12.1418,52.0902,11277.6,False,240.87,48.38,0.0,,11666.22,3747,False,0
3790,3c65c6,DLH1TN,Germany,1790931237.0,1790931237,8.897,50.6006,5036.82,False,208.95,25.37,11.38,,5349.24,7723,False,0
3791,a94b2b,UAL799,United States,1790931237.0,1790931237,-83.9326,30.7247,9258.3,False,234.08,132.77,-4.88,,9822.18,1442,False,0
3792,3c65c9,DLH4LX,Germany,1790931237.0,1790931237,10.2958,55.5315,10660.38,False,200.14,180.88,0.0,,10957.56,0730,False,0
3793,3c65cd,DLH3EJ,Germany,1790931236.0,1790931237,4.8426,51.9557,11277.6,False,240.55,114.65,0.0,,11574.78,3417,False,0
3794,3c65e1,DLH8WE,Germany,1790931231.0,1790931236,10.0039,53.6311,,True,0.0,87.19,,,,,False,0
3795,3b7b3f,MILAN76,France,1790931237.0,1790931237,4.3876,43.5234,2446.02,False,137.22,155.64,0.0,,2697.48,1000,False,0
3796,3c65e4,DLH81H,Germany,1790931220.0,1790931231,8.5447,50.0301,-60.96,False,73.58,69.54,-4.23,,182.88,1000,False,0
3797,3c65e2,DLH32K,Germany,1790931236.0,1790931236,2.1008,41.2914,38.1,False,78.77,66.11,13.33,,190.5,,False,0
3798,3c65d7,DLH7MA,Germany,1790931237.0,1790931237,-0.07,51.6498,2133.6,False,121.48,271.94,0.0,,2339.34,6651,False,0
3799,4858c7,AGR133,Kingdom of the Netherlands,1790931236.0,1790931236,8.5001,49.1289,6332.22,False,209.55,318.48,10.08,,6697.98,4106,False,0
3800,3c65d5,DLH17F,Germany,1790931237.0,1790931237,-0.5434,44.2812,11277.6,False,214.16,209.03,0.33,,11727.18,0126,False,0
3801,3c65d9,DLH98C,Germany,1790931236.0,1790931236,-5.1464,38.3882,6370.32,False,210.71,197.33,-13.33,,6751.32,2547,False,0
3802,3c65cb,DLH7HH,Germany,1790931237.0,1790931237,5.8624,50.4517,11277.6,False,244.87,105.35,-0.33,,11628.12,4653,False,0
3803,391a14,FGGQU,France,1790931223.0,1790931231,2.9831,48.9147,274.32,False,52.0,64.2,0.0,,495.3,7000,False,0
3804,847c18,JJP7302,Japan,1790931236.0,1790931236,138.7515,38.6185,11590.02,False,190.04,206.01,0.0,,12001.5,,False,0
3805,861f00,JAL589,Japan,1790931236.0,1790931236,139.9274,36.1387,5913.12,False,224.29,20.26,12.35,,6126.48,2175,False,0
3806,aa9f6f,AAL748,United States,1790931237.0,1790931237,-4.1577,39.8571,6149.34,False,193.15,128.95,-8.13,,6507.48,3115,False,0
3807,a94b08,UAL1075,United States,1790931237.0,1790931237,-108.3463,29.7423,10058.4,False,260.24,115.65,0.0,,10629.9,7350,False,0
3808,3994a5,FHFFF,France,1790931237.0,1790931237,4.9292,43.878,106.68,False,39.56,282.77,-1.3,,304.8,7055,False,0
3809,a29748,WNMX266,United States,1790931235.0,1790931235,-104.668,39.8624,,True,0.77,0.0,,,,,False,0
3810,716ff7,SVA130,Saudi Arabia,1790931236.0,1790931236,21.3316,38.8818,10058.4,False,244.66,151.76,0.0,,10325.1,7566,False,0
3811,a1515b,AAL2873,United States,1790931237.0,1790931237,-93.7262,41.4667,10195.56,False,248.47,116.3,4.23,,10576.56,,False,0
3812,4488b4,OOBET,Belgium,1790931237.0,1790931237,4.4067,50.9365,76.2,False,39.15,86.99,3.25,,274.32,7000,False,0
3813,782001,CSN6405,China,1790931198.0,1790931202,123.8667,38.4283,10698.48,False,230.03,184.1,0.0,,11064.24,6463,False,0
3814,861e9a,JAL285,Japan,1790931237.0,1790931237,136.4756,35.5724,11582.4,False,200.22,261.58,0.0,,12153.9,2310,False,0
3815,a57ad0,GTI8422,United States,1790931235.0,1790931237,135.7358,36.7266,9448.8,False,312.01,64.41,0.0,,9867.9,4427,False,0
3816,48468a,PHCVT,Kingdom of the Netherlands,1790931237.0,1790931237,6.0646,52.2237,38.1,False,39.1,90.75,-0.33,,228.6,7000,False,0
3817,a65449,DAL69,United States,1790931237.0,1790931237,142.2023,36.1021,11582.4,False,210.71,245.94,0.0,,12214.86,6035,False,0
3818,75832f,APG286,Philippines,1790931237.0,1790931237,119.8772,13.8803,7056.12,False,200.37,96.49,-5.53,,7528.56,,False,0
3819,a0a798,N141NE,United States,1790930989.0,1790930989,-70.2724,41.671,121.92,False,51.84,139.83,-4.23,,213.36,,False,0
3820,3e92db,MITY10,Germany,1790931221.0,1790931225,9.9473,48.4457,,True,0.0,78.75,,,,0033,False,0
3821,aaa763,BVN8278,United States,1790931236.0,1790931236,-98.0021,32.8805,3040.38,False,96.33,256.41,0.0,,3162.3,,False,0
3822,7c495b,RXA3682,Australia,1790931237.0,1790931237,144.8412,-37.6638,,True,7.2,5.62,,,,,False,0
3823,86d5fa,,Japan,1790931199.0,1790931199,139.7913,35.5507,,True,0.0,154.69,,,,,False,0
3824,3d1e62,DEJTI,Germany,1790931237.0,1790931237,7.456,49.2392,1348.74,False,53.52,91.65,,,1546.86,3725,False,0
3825,86d5c3,APJ465,Japan,1790931237.0,1790931237,137.2029,35.7454,6652.26,False,224.09,26.15,5.53,,7002.78,2136,False,0
3826,78202f,CHH7697,China,1790931172.0,1790931174,114.4814,23.449,9479.28,False,227.8,53.08,-0.65,,10126.98,,False,0
3827,86d5b6,ANA105,Japan,1790931236.0,1790931236,-124.1864,36.7535,10965.18,False,240.05,302.4,0.0,,11513.82,7321,False,0
3828,ac1ab8,SWA3632,United States,1790931237.0,1790931237,-82.576,39.9851,11285.22,False,268.87,92.85,0.0,,11894.82,7324,False,0
3829,758338,PAL658,Philippines,1790931237.0,1790931237,96.1552,14.6067,11582.4,False,248.54,283.89,0.0,,12336.78,,False,0
3830,485993,PHKFY,Kingdom of the Netherlands,1790931151.0,1790931151,6.5783,53.1231,,True,10.8,8.44,,,,7000,False,0
3831,485994,PHKFZ,Kingdom of the Netherlands,1790931236.0,1790931236,6.6466,53.1311,137.16,False,42.33,339.36,-0.98,,335.28,7000,False,0
3832,485991,KLM7912,Kingdom of the Netherlands,1790931237.0,1790931237,6.7698,53.2083,1828.8,False,74.18,52.89,0.0,,2049.78,7015,False,0
3833,49530a,TAP234Y,Portugal,1790931234.0,1790931236,-12.2166,38.9697,10660.38,False,248.58,91.66,-0.33,,11163.3,5373,False,0
3834,78203d,CQH6825,China,1790931221.0,1790931226,101.8723,14.7927,9738.36,False,227.72,236.24,-5.85,,10401.3,,False,0
3835,aadae3,EJA799,United States,1790931236.0,1790931236,-84.765,39.899,12489.18,False,269.04,86.49,-0.33,,13106.4,7343,False,0
3836,758306,PAL437,Philippines,1790931184.0,1790931184,121.0059,14.5049,,True,0.0,11.25,,,,,False,0
3837,758303,PAL433,Philippines,1790931169.0,1790931170,128.8521,26.6331,10972.8,False,239.1,218.45,0.0,,11719.56,,False,0
3838,ace75a,HBAL837,United States,1790931236.0,1790931237,-89.0689,43.3062,20238.72,False,9.49,102.53,0.0,,21198.84,,False,0
3839,86d5e5,APJ743,Japan,1790931236.0,1790931237,127.1258,37.2879,2110.74,False,97.51,316.28,-5.2,,2240.28,3246,False,0
3840,861e92,ADO60,Japan,1790931225.0,1790931225,140.6284,37.9726,9144.0,False,223.33,178.68,0.65,,9486.9,,False,0
3841,516091,MNE330,Montenegro,1790931140.0,1790931140,16.4436,42.3745,10363.2,False,227.21,284.29,0.33,,10774.68,,False,0
3842,495308,TAP012,Portugal,1790931131.0,1790931131,-9.1352,38.7824,,True,14.92,33.75,,,,4161,False,0
3843,3b7b80,FDO5614,France,1790931237.0,1790931237,1.7837,48.7143,1165.86,False,127.13,56.05,-7.48,,1356.36,1761,False,0
3844,495309,TAP93ZR,Portugal,1790931236.0,1790931236,-6.0862,41.2819,10972.8,False,233.29,30.18,0.0,,11437.62,4711,False,0
3845,3b7b81,DRAGONX,France,1790931225.0,1790931231,4.1702,44.0834,487.68,False,31.39,269.06,-0.33,,685.8,7000,False,0
3846,48597e,TRA5367,Kingdom of the Netherlands,1790931237.0,1790931237,24.459,37.3364,11277.6,False,236.78,147.69,0.0,,11475.72,3165,False,0
3847,495301,TAP254,Portugal,1790931236.0,1790931236,-11.1681,39.178,8244.84,False,225.9,119.02,-5.2,,8686.8,4423,False,0
3848,14fc17,RWZ1115,Russian Federation,1790930884.0,1790931172,40.6046,52.9678,9570.72,False,27.66,46.51,0.0,,8610.6,2756,False,0
3849,e492a6,AZU4716,Brazil,1790931237.0,1790931237,-46.1578,-21.028,10972.8,False,232.34,204.18,0.0,,11612.88,,False,0
3850,758308,PAL685,Philippines,1790931237.0,1790931237,119.6547,13.9052,7307.58,False,190.54,96.51,-6.83,,7833.36,,False,0
3851,758307,,Philippines,1790931203.0,1790931203,126.814,26.3062,10668.0,False,236.09,31.09,0.33,,11414.76,,False,0
3852,3c6745,DLH2UX,Germany,1790930951.0,1790930951,4.759,52.3006,,True,12.35,56.25,,,,1000,False,0
3853,3c6744,DLH1TT,Germany,1790931237.0,1790931237,9.0062,50.2461,3413.76,False,162.4,250.19,-6.18,,3695.7,1000,False,0
3854,440cfe,EJU45KH,Austria,1790931237.0,1790931237,-0.1623,50.4693,7299.96,False,199.43,164.74,9.1,,7581.9,2070,False,0
3855,440cff,EJU72BA,Austria,1790931094.0,1790931094,5.1003,45.6646,396.24,False,73.31,355.17,-3.58,,601.98,7302,False,0
3856,3c6743,DLH007,Germany,1790931236.0,1790931237,8.1621,50.0448,1790.7,False,145.23,249.25,-5.2,,2042.16,1375,False,0
3857,7c6a8d,VOZ1006,Australia,1790931235.0,1790931235,149.7795,-37.4505,11879.58,False,232.96,198.27,-0.33,,12146.28,1141,False,0
3858,3c6749,DLH6CF,Germany,1790931237.0,1790931237,10.2059,50.5822,5897.88,False,181.78,246.48,-4.23,,6248.4,1000,False,0
3859,7c6a8c,VOZ1865,Australia,1790931237.0,1790931237,115.9691,-31.9384,,True,6.69,14.06,,,,3706,False,0
3860,3c6748,,Germany,1790931233.0,1790931233,8.5815,50.0458,,True,10.8,250.31,,,,,False,0
3861,3c6747,DLH2VU,Germany,1790931222.0,1790931222,8.5609,50.0445,,True,5.4,59.06,,,,1000,False,0
3862,408086,TOM5AW,United Kingdom,1790931237.0,1790931237,13.7421,44.9153,11277.6,False,238.65,138.23,0.0,,11727.18,2262,False,0
3863,408087,LOG99RB,United Kingdom,1790931233.0,1790931233,-3.3499,55.9474,,True,7.2,28.12,,,,,False,0
3864,a9178d,UAL957,United States,1790931237.0,1790931237,-6.9139,50.4899,9753.6,False,222.8,294.85,0.0,,9997.44,5770,False,0
3865,0d0b4b,AMX692,Mexico,1790931236.0,1790931236,-89.5867,33.4076,11277.6,False,240.42,33.66,0.0,,12001.5,3273,False,0
3866,e49368,AZU4009,Brazil,1790931236.0,1790931236,-43.0449,-13.1534,11879.58,False,249.44,54.15,0.0,,12603.48,,False,0
3867,3c6742,DLH36N,Germany,1790931237.0,1790931237,8.6818,49.8712,3078.48,False,160.44,260.96,-4.88,,3337.56,1000,False,0
3868,44a00f,OOH83,Belgium,1790931237.0,1790931237,3.387,50.7315,640.08,False,46.61,52.62,,,,2000,False,0
3869,3c6754,DLH3MU,Germany,1790931236.0,1790931237,9.3254,49.5672,5463.54,False,202.98,135.21,9.75,,5806.44,1000,False,0
3870,3c674a,DLH6EN,Germany,1790931237.0,1790931237,11.6303,54.1677,9852.66,False,194.45,197.24,3.25,,10195.56,0732,False,0
3871,440cf8,EJU12HB,Austria,1790931229.0,1790931234,28.0939,36.4043,,True,0.0,160.31,,,,1427,False,0
3872,40805d,WUK2DF,United Kingdom,1790931236.0,1790931236,-3.9565,43.8904,11277.6,False,226.54,182.34,0.0,,11704.32,0523,False,0
3873,3c6753,,Germany,1790931235.0,1790931235,6.7857,51.2943,,True,0.0,354.38,,,,,False,0
3874,477ff4,HUF314,Hungary,1790931236.0,1790931236,4.585,40.5203,11277.6,False,223.87,242.79,0.33,,11780.52,7121,False,0
3875,3c6751,DLH175,Germany,1790930943.0,1790930943,8.5628,50.0432,,True,12.35,70.31,,,,1000,False,0
3876,408064,WUK3232,United Kingdom,1790931237.0,1790931237,24.3913,59.3669,2514.6,False,142.99,256.26,12.35,,2743.2,,False,0
3877,3c542b,BCS6756,Germany,1790931237.0,1790931237,4.5322,50.7419,9448.8,False,248.75,107.95,0.0,,9761.22,5246,False,0
3878,a3918f,UPS2968,United States,1790931000.0,1790931000,-156.109,21.0835,2811.78,False,145.81,228.72,-6.5,,2956.56,,False,0
3879,40804d,WUK7VJ,United Kingdom,1790931236.0,1790931236,-7.4268,41.0336,10668.0,False,223.14,192.79,0.33,,11125.2,1435,False,0
3880,a7615f,DAL133,United States,1790931217.0,1790931222,-3.7796,61.2895,11582.4,False,260.41,307.05,0.0,,11567.16,2132,False,0
3881,408053,EZY31PM,United Kingdom,1790931237.0,1790931237,-2.7627,41.3058,11582.4,False,235.36,333.1,0.33,,12047.22,4577,False,0
3882,408051,EZY21QW,United Kingdom,1790931237.0,1790931237,-9.6306,40.8614,11277.6,False,214.11,217.09,-0.33,,11750.04,0533,False,0
3883,408052,EZY13FM,United Kingdom,1790931237.0,1790931237,17.293,45.1346,11277.6,False,246.3,130.51,0.33,,11681.46,7536,False,0
3884,48ca8d,SPTWN,Poland,1790931236.0,1790931236,18.0799,54.0382,304.8,False,73.5,35.02,0.65,,495.3,,False,0
3885,a069fd,N126AA,United States,1790931227.0,1790931227,-82.4888,28.4949,228.6,False,39.81,205.24,-2.28,,243.84,1200,False,0
3886,40803f,TOM3FE,United Kingdom,1790931047.0,1790931047,20.8993,37.7099,129.54,False,64.66,344.31,-4.55,,274.32,,False,0
3887,40803c,EXS781,United Kingdom,1790931236.0,1790931236,24.1233,40.5154,11277.6,False,222.32,124.54,0.33,,11475.72,3415,False,0
3888,0d0b91,VOI3358,Mexico,1790931237.0,1790931237,-102.5139,24.5946,11277.6,False,231.79,141.58,-0.33,,12039.6,,False,0
3889,48df82,SPINZ,Poland,1790931236.0,1790931236,17.0235,51.0618,929.64,False,35.89,117.3,2.6,,1143.0,,False,0
3890,0d0b10,VOI3918,Mexico,1790931237.0,1790931237,-79.1679,-7.6473,11887.2,False,236.92,172.89,0.33,,12664.44,,False,0
3891,440cbf,EJU92HW,Austria,1790931237.0,1790931237,2.875,44.8824,11887.2,False,207.32,236.23,0.0,,12344.4,1000,False,0
3892,0d0b14,VTM392,Mexico,1790931237.0,1790931237,-95.8117,32.5968,10972.8,False,195.48,213.19,0.33,,11643.36,6225,False,0
3893,440cc1,EJU74EF,Austria,1790931237.0,1790931237,-16.3844,32.792,4396.74,False,177.77,41.95,11.38,,4716.78,,False,0
3894,440cac,AUA823H,Austria,1790931237.0,1790931237,20.377,43.4983,10668.0,False,235.14,160.18,0.0,,11010.9,7102,False,0
3895,3c6716,DLH436,Germany,1790931237.0,1790931237,9.4928,53.4983,11582.4,False,257.1,329.59,-0.33,,11879.58,6670,False,0
3896,a163f2,AAL3077,United States,1790931237.0,1790931237,-113.2242,36.5966,7101.84,False,231.77,61.79,4.23,,7482.84,6570,False,0
3897,48ca6c,SPTUM,Poland,1790931230.0,1790931235,21.1879,49.983,640.08,False,44.81,102.6,-0.98,,868.68,7000,False,0
3898,440cb1,EJU17HZ,Austria,1790931237.0,1790931237,-4.3867,39.9116,10370.82,False,231.15,33.19,-0.33,,10850.88,4521,False,0
3899,4951ef,TAP036,Portugal,1790931237.0,1790931237,-9.2192,38.6255,906.78,False,95.25,22.55,-5.53,,1066.8,6234,False,0
3900,a65487,CXK380,United States,1790931236.0,1790931236,-81.5479,28.442,609.6,False,61.99,354.76,-2.6,,617.22,3624,False,0
3901,758384,PAL359,Philippines,1790930885.0,1790930976,118.2824,18.5941,11277.6,False,234.43,132.87,0.0,,12054.84,0001,False,0
3902,a0a6e9,FDX1573,United States,1790931237.0,1790931237,-90.6845,35.4015,5753.1,False,217.21,302.52,13.66,,6050.28,1664,False,0
3903,e48053,TAM3073,Brazil,1790931237.0,1790931237,-45.5807,-21.1154,11269.98,False,206.84,206.12,0.0,,11902.44,,False,0
3904,48ca69,SPTUK,Poland,1790931233.0,1790931233,20.5291,50.1639,1036.32,False,48.91,345.38,0.33,,1257.3,7000,False,0
3905,4008ae,BAW429,United Kingdom,1790931236.0,1790931237,1.1942,51.7209,5631.18,False,160.33,264.11,-7.8,,5890.26,7331,False,0
3906,4008b5,SHT6B,United Kingdom,1790931237.0,1790931237,-2.1258,53.7684,9745.98,False,217.65,333.01,0.0,,9959.34,2036,False,0
3907,4008b1,BAW366U,United Kingdom,1790931236.0,1790931236,1.4853,45.298,8763.0,False,210.98,169.32,-5.2,,9174.48,2243,False,0
3908,7c4926,QFA2,Australia,1790931237.0,1790931237,103.1072,1.6135,9212.58,False,235.04,120.66,-7.48,,9860.28,,False,0
3909,7c4922,QFA11,Australia,1790931237.0,1790931237,155.0418,-30.5804,10058.4,False,260.7,41.08,0.0,,10530.84,1471,False,0
3910,4951cd,TAP22MX,Portugal,1790931237.0,1790931237,8.6758,45.3092,1722.12,False,121.01,174.14,-2.93,,1958.34,1000,False,0
3911,4951ce,TAP1452,Portugal,1790931046.0,1790931046,-8.2534,33.1443,9951.72,False,233.69,187.84,-8.13,,10553.7,3363,False,0
3912,3c6589,DLH9MA,Germany,1790931236.0,1790931236,12.9463,51.3381,9944.1,False,222.42,249.13,-5.53,,10363.2,1000,False,0
3913,abc7c6,SWA2305,United States,1790931237.0,1790931237,-112.6752,35.7634,11071.86,False,247.41,100.42,5.53,,11673.84,,False,0
3914,3c6583,,Germany,1790931174.0,1790931174,8.5756,50.0399,,True,12.35,250.31,,,,1000,False,0
3915,40822b,SXN608,United Kingdom,1790931237.0,1790931237,-0.404,51.8661,723.9,False,70.48,232.71,18.21,,929.64,1462,False,0
3916,3c6586,DLH3KK,Germany,1790930935.0,1790930942,11.0766,49.4953,,True,0.0,188.44,,,,1254,False,0
3917,a5cc37,UAL230,United States,1790931237.0,1790931237,-11.2062,54.9659,10972.8,False,266.82,68.03,0.0,,10995.66,,False,0
3918,3c658d,DLH4RV,Germany,1790931236.0,1790931236,7.8983,50.7079,8130.54,False,218.5,137.67,4.88,,8488.68,1000,False,0
3919,3c658b,DLH1RY,Germany,1790931237.0,1790931237,12.0378,48.3911,1066.8,False,104.63,228.79,0.0,,1287.78,1000,False,0
3920,3c658e,DLH5AL,Germany,1790931236.0,1790931236,12.7298,50.7651,6591.3,False,224.48,262.89,10.73,,6949.44,7424,False,0
3921,02a1a5,LBT2872,Tunisia,1790931237.0,1790931237,12.41,51.4402,525.78,False,76.39,265.36,-3.25,,731.52,1000,False,0
3922,7c6c52,VOZ1224,Australia,1790931234.0,1790931237,149.3644,-35.5131,2232.66,False,134.29,226.71,-7.15,,2362.2,1121,False,0
3923,02a1a1,LBT215,Tunisia,1790931237.0,1790931237,9.1241,48.9631,10187.94,False,245.86,150.27,5.53,,10591.8,0631,False,0
3924,aa44ad,UAL71,United States,1790931236.0,1790931236,-12.9866,53.3092,9753.6,False,217.28,279.95,0.0,,9791.7,2123,False,0
3925,c02ec7,ACA839,Canada,1790931236.0,1790931236,8.7776,50.2696,2727.96,False,152.89,353.04,12.35,,2956.56,2524,False,0
3926,a05819,BXR494,United States,1790930922.0,1790930928,-118.3617,34.2171,342.9,False,57.81,168.19,-5.2,,289.56,3235,False,0
3927,02a1a9,LBT715,Tunisia,1790931237.0,1790931237,5.0116,40.825,10972.8,False,237.5,97.22,0.0,,11483.34,1420,False,0
3928,408227,BAW600,United Kingdom,1790931236.0,1790931236,9.6899,46.6436,8999.22,False,244.58,133.12,-11.05,,9448.8,7271,False,0
3929,39d315,TVF66DD,France,1790931237.0,1790931237,2.9152,38.8222,11582.4,False,226.29,24.58,0.0,,12092.94,,False,0
3930,a4bf95,DAL242,United States,1790931236.0,1790931236,0.797,53.0003,11407.14,False,260.07,99.91,-4.88,,11658.6,6251,False,0
3931,39d318,TVF40MZ,France,1790931236.0,1790931236,22.069,36.1652,11277.6,False,252.25,137.07,-0.33,,11475.72,7554,False,0
3932,39d319,TVF78HX,France,1790931237.0,1790931237,2.3567,48.726,,True,4.63,343.12,,,,1000,False,0
3933,408228,BAW4MJ,United Kingdom,1790931236.0,1790931236,-4.0969,42.1119,10050.78,False,230.2,186.03,-0.33,,10492.74,5247,False,0
3934,aa57e6,AVA254,United States,1790931236.0,1790931236,-79.0572,24.4071,10972.8,False,224.19,329.37,0.0,,11696.7,2342,False,0
3935,3d7263,DFPOL,Germany,1790931237.0,1790931237,7.9562,52.2869,518.16,False,77.76,272.65,9.1,,731.52,7000,False,0
3936,39d311,TVF84EH,France,1790931216.0,1790931236,25.3542,37.2517,1310.64,False,81.05,61.16,-6.5,,1417.32,7551,False,0
3937,39d312,TVF4632,France,1790931237.0,1790931237,2.3563,48.7217,,True,4.12,165.94,,,,,False,0
3938,39d313,TVF52VN,France,1790931236.0,1790931237,24.3825,36.6995,9799.32,False,226.27,134.45,-10.4,,9989.82,0431,False,0
3939,40820e,EXS21KJ,United Kingdom,1790931236.0,1790931236,2.8753,39.6627,2743.2,False,129.13,307.55,19.51,,2979.42,,False,0
3940,c0853f,ACA332,Canada,1790931237.0,1790931237,-97.024,50.2415,10668.0,False,255.58,108.91,0.0,,10652.76,2131,False,0
3941,40820f,EXS96YK,United Kingdom,1790931236.0,1790931236,0.4069,48.467,11277.6,False,220.8,167.49,0.0,,11666.22,2263,False,0
3942,4690fa,AEE308,Greece,1790931234.0,1790931234,23.94,37.9393,,True,17.49,216.56,,,,,False,0
3943,408213,EXS51KU,United Kingdom,1790931236.0,1790931236,21.5453,41.9615,11277.6,False,235.66,128.0,0.0,,11574.78,4740,False,0
3944,408210,EXS5TR,United Kingdom,1790931237.0,1790931237,-8.2592,38.0453,6042.66,False,176.98,180.5,-8.13,,6423.66,3757,False,0
3945,39d30d,TVF15VM,France,1790931237.0,1790931237,29.3347,42.9245,11277.6,False,222.07,100.82,0.0,,11544.3,7564,False,0
3946,39d30f,TVF8061,France,1790931165.0,1790931234,10.6017,36.0685,5509.26,False,182.68,339.22,13.0,,5882.64,6134,False,0
3947,c02ee9,,Canada,1790931086.0,1790931095,126.456,37.4521,,True,0.9,120.94,,,,,False,0
3948,c02ee7,ACA91,Canada,1790931237.0,1790931237,-71.9672,37.1222,11582.4,False,248.36,312.31,0.0,,12252.96,,False,0
3949,3c6548,LHX4UT,Germany,1790931236.0,1790931236,8.6304,50.1561,1851.66,False,139.02,357.67,10.73,,2080.26,2553,False,0
3950,4690e9,AEE1DM,Greece,1790931236.0,1790931236,18.184,43.9878,11292.84,False,241.48,132.15,0.0,,11658.6,1340,False,0
3951,3c6549,LHX1650,Germany,1790931236.0,1790931236,23.742,45.239,10668.0,False,218.03,114.39,0.0,,10995.66,1000,False,0
3952,4b5da6,TE25,Switzerland,1790930914.0,1790931234,8.5464,47.4543,,True,0.0,64.69,,,,,False,0
3953,3c786b,CFG7FX,Germany,1790931236.0,1790931237,20.5643,40.1004,11582.4,False,207.88,320.32,0.0,,11841.48,2071,True,0
3954,4b5da7,TE26,Switzerland,1790931235.0,1790931235,8.552,47.4636,,True,9.26,275.62,,,,,False,0
3955,4690e1,AEE86N,Greece,1790931157.0,1790931157,16.5583,48.1198,,True,0.0,295.31,,,,2040,False,0
3956,4b5da5,TE24,Switzerland,1790931236.0,1790931237,8.5563,47.4556,,True,0.0,233.44,,,,,False,0
3957,4b5da8,ATL778,Switzerland,1790931229.0,1790931233,8.5571,47.454,,True,2.83,182.81,,,,,False,0
3958,408281,AUR71B,United Kingdom,1790931237.0,1790931237,-1.2636,51.2284,4572.0,False,135.1,190.75,0.0,,4815.84,1455,False,0
3959,39e68a,AFR32YE,France,1790931237.0,1790931237,5.8429,46.8357,10972.8,False,227.06,320.79,0.0,,11399.52,1000,False,0
3960,39e68d,AFR45CR,France,1790931068.0,1790931068,5.0805,45.7163,,True,6.17,14.06,,,,,False,0
3961,39e68e,AFR71DN,France,1790931236.0,1790931236,4.4574,46.7096,10058.4,False,247.66,120.45,0.0,,10492.74,1000,False,0
3962,3c6541,LHX9HP,Germany,1790931236.0,1790931236,12.3486,55.2502,11582.4,False,202.22,198.85,0.0,,11925.3,1000,False,0
3963,a4bf41,AAL2115,United States,1790931236.0,1790931236,-104.9971,34.8744,9448.8,False,228.15,83.92,-0.33,,9944.1,7333,False,0
3964,3c7889,NGN4820,Germany,1790931233.0,1790931233,28.093,36.404,,True,0.0,160.31,,,,7061,False,0
3965,a8e49a,QXE9995,United States,1790931237.0,1790931237,-122.013,45.5228,2125.98,False,140.14,266.84,-7.15,,2202.18,1671,False,0
3966,e4932a,AZU2909,Brazil,1790931236.0,1790931236,-48.5216,-27.084,11887.2,False,231.14,35.67,0.0,,12359.64,,False,0
3967,3c654d,LHX848,Germany,1790931237.0,1790931237,11.4354,53.5731,11277.6,False,254.81,30.45,0.33,,11643.36,7722,False,0
3968,3c654a,LHX179,Germany,1790931235.0,1790931235,13.5133,52.3711,,True,11.83,67.5,,,,,False,0
3969,408276,ULR93V,United Kingdom,1790931237.0,1790931237,-1.9167,57.3263,861.06,False,92.02,40.01,0.0,,975.36,,False,0
3970,7c6c96,JST798,Australia,1790931236.0,1790931237,144.8473,-37.6622,,True,6.69,275.62,,,,,False,0
3971,7c6c95,NWK1655,Australia,1790931002.0,1790931006,115.9614,-31.9346,,True,0.51,300.94,,,,1047,False,0
3972,7c6c92,JST967,Australia,1790931237.0,1790931237,137.3886,-34.7924,10675.62,False,264.04,99.65,0.0,,10896.6,,False,0
3973,3c6550,LHX5H,Germany,1790931228.0,1790931228,8.5497,50.0402,,True,6.17,118.12,,,,5224,False,0
3974,40825f,EXS1603,United Kingdom,1790931237.0,1790931237,24.6671,40.1448,10919.46,False,229.66,127.54,-4.88,,11132.82,7307,False,0
3975,7c6c99,JST495,Australia,1790931237.0,1790931237,152.3254,-29.7942,9159.24,False,234.59,192.02,0.0,,9608.82,,False,0
3976,e48007,GLO9618,Brazil,1790930923.0,1790930923,-45.8321,-22.3053,3962.4,False,173.06,23.29,0.0,,4160.52,,False,0
3977,39e689,AFR36CH,France,1790931237.0,1790931237,8.2521,56.478,11277.6,False,255.28,13.76,0.0,,11529.06,0437,False,0
3978,3c6568,OCN874,Germany,1790931186.0,1790931188,8.4953,50.0366,-53.34,False,67.56,69.5,-3.25,,167.64,2010,False,0
3979,408268,BHL48B,United Kingdom,1790931072.0,1790931072,-2.2043,57.2029,,True,4.37,225.0,,,,,False,0
3980,408260,EXS4YZ,United Kingdom,1790931236.0,1790931237,1.7287,44.1056,11269.98,False,218.68,173.11,0.0,,11734.8,2271,False,0
3981,39e683,AFR54ZQ,France,1790931237.0,1790931237,-1.3775,51.9224,10058.4,False,228.76,140.47,0.0,,10325.1,7504,False,0
3982,39e686,AFR11ZB,France,1790931237.0,1790931237,11.3153,56.7956,11277.6,False,239.58,42.56,0.0,,11590.02,1000,False,0
3983,39e688,AFR39QC,France,1790931237.0,1790931237,4.4938,47.9165,9570.72,False,227.53,321.06,-3.9,,9982.2,1000,False,0
3984,39e687,AFR11UW,France,1790931237.0,1790931237,20.5846,46.0802,10668.0,False,213.77,115.52,0.0,,11026.14,1000,False,0
3985,3c654e,LHX942,Germany,1790931237.0,1790931237,-0.691,52.5317,7978.14,False,193.83,311.77,-11.05,,8252.46,2510,False,0
3986,c08509,ACA61,Canada,1790931178.0,1790931180,132.6038,35.9985,12192.0,False,201.74,264.0,0.0,,12801.6,3101,False,0
3987,3c6564,OCN2104,Germany,1790931237.0,1790931237,2.5946,51.6957,10972.8,False,211.54,271.81,0.0,,11262.36,2572,False,0
3988,3c6563,OCN91,Germany,1790931236.0,1790931236,-8.7715,53.6401,11887.2,False,257.03,112.97,0.0,,12001.5,2251,False,0
3989,4b5daa,ATL786,Switzerland,1790931237.0,1790931237,8.5497,47.4481,,True,3.86,196.88,,,,,False,0
3990,39e692,AFR63YM,France,1790931236.0,1790931237,0.9901,44.6852,7528.56,False,204.75,345.89,6.18,,7932.42,1000,False,0
3991,a5cc13,UAL1681,United States,1790931237.0,1790931237,-85.6438,41.9403,11277.6,False,280.56,87.9,0.0,,11788.14,,False,0
3992,39e695,AFR28UD,France,1790931236.0,1790931236,5.5273,46.5852,5379.72,False,193.79,109.54,-11.38,,5730.24,1000,False,0
3993,39e697,AFR34JW,France,1790931228.0,1790931233,10.0036,53.6334,,True,0.0,87.19,,,,3340,False,0
3994,3c656c,DLH408,Germany,1790931236.0,1790931236,8.0181,50.5017,5737.86,False,204.83,299.66,10.08,,6050.28,2536,False,0
3995,40823f,EXS129W,United Kingdom,1790931237.0,1790931237,-4.081,47.2294,11277.6,False,213.99,201.88,0.0,,11650.98,2701,False,0
3996,4b5db1,RTT7,Switzerland,1790931236.0,1790931236,8.5525,47.4611,,True,5.4,95.62,,,,,False,0
3997,a09ea8,N139WV,United States,1790931237.0,1790931237,-108.8917,32.7636,,False,6.59,128.66,-0.33,,683.06,,False,0
3998,39e690,AFR41GW,France,1790931237.0,1790931237,-1.6708,43.3889,11277.6,False,216.16,236.16,0.0,,11727.18,7633,False,0
3999,3c6572,OCN75M,Germany,1790931237.0,1790931237,16.6596,45.5527,11887.2,False,250.32,130.5,0.0,,12306.3,7657,False,0
4000,e49311,AZU4647,Brazil,1790931236.0,1790931236,-43.4891,-12.6389,11887.2,False,251.45,58.55,0.0,,12618.72,,False,0
4001,e49312,AZU4921,Brazil,1790931236.0,1790931237,-40.2819,-20.2549,,True,6.69,351.56,,,,,False,0
4002,40823c,EXS5UG,United Kingdom,1790931237.0,1790931237,-16.2017,35.8707,11285.22,False,243.01,184.37,0.0,,11856.72,,False,0
4003,a16534,N1895T,United States,1790931237.0,1790931237,-157.941,21.3042,114.3,False,66.16,53.22,-3.58,,129.54,,False,0
4004,782078,CAO1018,China,1790931237.0,1790931237,-93.8854,49.161,9753.6,False,212.81,333.74,0.0,,9738.36,,False,0
4005,78206e,CSZ9918,China,1790931180.0,1790931181,118.1731,24.4824,9174.48,False,236.13,221.64,0.0,,9822.18,,False,0
4006,846a34,JJP405,Japan,1790931235.0,1790931236,134.1325,34.4283,9243.06,False,209.03,257.06,-2.93,,9791.7,0402,False,0
4007,3c64a2,DLH1116,Germany,1790931237.0,1790931237,-3.2237,40.3179,1943.1,False,125.53,269.3,-5.2,,2156.46,1000,False,0
4008,4713bf,HAHML,Hungary,1790931237.0,1790931237,20.4008,47.7564,2286.0,False,68.42,89.57,0.0,,2522.22,,False,0
4009,e491b0,TAM3293,Brazil,1790931237.0,1790931237,-46.5018,-23.0452,3101.34,False,126.29,195.11,-5.2,,3246.12,,False,0
4010,acc274,CFS8276,United States,1790931237.0,1790931237,-97.1233,33.7872,5311.14,False,113.18,0.26,1.95,,5539.74,,False,0
4011,3c64b1,DLH82V,Germany,1790931237.0,1790931237,-1.1167,47.0429,10668.0,False,217.12,228.07,0.0,,11087.1,1000,False,0
4012,3c64b0,DLH39X,Germany,1790931236.0,1790931236,8.2679,48.9089,6720.84,False,238.68,199.26,6.83,,7109.46,0127,False,0
4013,3c64a6,DLH3WU,Germany,1790931208.0,1790931208,13.5151,52.3749,-99.06,False,70.51,249.05,-0.65,,106.68,1000,False,0
4014,3c64a4,DLH99Y,Germany,1790931237.0,1790931237,3.9578,49.2031,10370.82,False,250.14,67.13,0.0,,10759.44,2346,False,0
4015,3c64a7,DLH1CP,Germany,1790931236.0,1790931236,23.3165,37.5059,2278.38,False,146.56,206.03,-4.88,,2423.16,2212,False,0
4016,aba281,AAL2977,United States,1790931236.0,1790931236,-118.0213,44.9557,10972.8,False,207.13,277.71,0.0,,11407.14,1351,False,0
4017,3c64af,DLH6RK,Germany,1790931236.0,1790931236,8.5394,49.9627,594.36,False,100.12,137.29,8.13,,815.34,1000,False,0
4018,e491c3,GLO1241,Brazil,1790931232.0,1790931233,-50.272,-28.0985,11277.6,False,228.0,26.39,0.0,,11696.7,,False,0
4019,4080ea,BAW626,United Kingdom,1790931237.0,1790931237,21.2378,38.5252,10660.38,False,235.0,127.17,0.0,,10896.6,2703,False,0
4020,a2c0ff,FDX1703,United States,1790931237.0,1790931237,-84.5388,33.6495,746.76,False,89.0,89.67,-4.23,,792.48,6633,False,0
4021,e491ae,TAM3022,Brazil,1790931236.0,1790931236,-43.1165,-22.7714,1737.36,False,121.58,83.93,20.48,,1783.08,,False,0
4022,3c64ab,DLH695,Germany,1790931237.0,1790931237,10.1629,49.5189,6705.6,False,194.9,303.48,-0.33,,7071.36,2244,False,0
4023,e491af,TAM3227,Brazil,1790931236.0,1790931236,-45.7887,-21.5506,10561.32,False,225.99,188.9,-5.85,,11170.92,,False,0
4024,3c64aa,DLH95N,Germany,1790931237.0,1790931237,-2.8702,40.2857,2712.72,False,131.7,269.55,-5.53,,2948.94,1000,False,0
4025,4080f6,EZY43TD,United Kingdom,1790931236.0,1790931236,-5.3761,44.9318,10675.62,False,219.44,201.45,0.0,,11079.48,2155,False,0
4026,403ee2,GBXPC,United Kingdom,1790931235.0,1790931236,0.1942,51.1779,365.76,False,38.95,123.69,,,579.12,1730,False,0
4027,0a008e,DAH1074,Algeria,1790931237.0,1790931237,3.9874,46.9311,10363.2,False,232.63,341.57,0.0,,10774.68,5561,False,0
4028,0a008c,DAH1060,Algeria,1790931236.0,1790931236,1.3866,47.9218,4922.52,False,170.34,21.06,-8.78,,5219.7,5570,False,0
4029,0a008d,DAH2004,Algeria,1790931193.0,1790931193,-0.9001,38.3294,1531.62,False,123.43,210.84,-3.58,,2392.68,4214,False,0
4030,a6ec56,AAL1094,United States,1790931236.0,1790931236,-91.0831,43.0349,10652.76,False,256.26,109.34,0.0,,11010.9,,False,0
4031,710415,SVA870,Saudi Arabia,1790931237.0,1790931237,94.036,16.1736,11879.58,False,253.13,110.46,0.0,,12611.1,4541,False,0
4032,402ba2,GBOTG,United Kingdom,1790931237.0,1790931237,-1.6549,52.8139,335.28,False,37.84,262.97,-2.28,,487.68,,False,0
4033,800fd1,IGO7736,India,1790931236.0,1790931236,77.8891,12.8016,5791.2,False,131.72,343.9,0.0,,6057.9,2751,False,0
4034,a6a3c2,MX527,United States,1790931237.0,1790931237,-81.3171,28.4121,,True,0.0,143.44,,,,,False,0
4035,a8e3b3,FFT1822,United States,1790931237.0,1790931237,-101.941,39.3504,10675.62,False,249.0,78.92,0.0,,11231.88,1306,False,0
4036,a1b535,UAL34,United States,1790931237.0,1790931237,139.6037,34.465,10058.4,False,288.52,67.46,0.0,,10668.0,7013,False,0
4037,02a1ae,LBT281,Tunisia,1790931028.0,1790931209,11.779,48.3567,,True,0.0,264.38,,,,,False,0
4038,0a0078,DAH1112,Algeria,1790931237.0,1790931237,2.3552,48.6746,205.74,False,76.46,18.43,-3.9,,419.1,5436,False,0
4039,0a0079,DAH1286,Algeria,1790931223.0,1790931226,-0.5398,35.7224,7551.42,False,238.93,40.72,7.8,,7978.14,,False,0
4040,0a0077,DAH1231,Algeria,1790931041.0,1790931041,3.1658,37.7892,6454.14,False,196.6,178.35,-7.15,,6873.24,7624,False,0
4041,02a1b4,LBT207,Tunisia,1790931236.0,1790931236,8.0254,50.352,8542.02,False,224.21,155.32,5.2,,8915.4,2571,False,0
4042,02a1b3,LBT2527,Tunisia,1790931234.0,1790931236,11.8605,39.7531,11285.22,False,236.08,191.31,-0.33,,11757.66,6653,False,0
4043,02a1b0,LBT232,Tunisia,1790931236.0,1790931237,11.8411,40.5299,10972.8,False,221.17,356.27,0.33,,11452.86,6166,False,0
4044,0a0074,DAH1460,Algeria,1790931237.0,1790931237,5.5654,41.328,10972.8,False,228.19,350.13,0.0,,11468.1,1000,False,0
4045,8687bc,ANA526,Japan,1790931235.0,1790931237,134.9854,34.1141,3695.7,False,198.33,64.17,-10.4,,3901.44,,False,0
4046,a08bdd,UPS1270,United States,1790931237.0,1790931237,-83.8167,37.8145,8839.2,False,266.13,106.51,-0.65,,9372.6,,False,0
4047,a760b3,UAL705,United States,1790931237.0,1790931237,-81.0908,39.8539,10668.0,False,265.26,104.14,0.0,,11254.74,3723,False,0
4048,a903b9,FDX1709,United States,1790931237.0,1790931237,-90.9214,40.3164,9144.0,False,216.85,288.39,-0.33,,9555.48,,False,0
4049,0a007a,DAH1076,Algeria,1790931236.0,1790931236,-0.0673,36.1742,6720.84,False,211.58,42.34,9.43,,7117.08,,False,0
4050,a4281d,UPS1114,United States,1790931168.0,1790931168,-73.7802,40.6322,,True,10.29,5.62,,,,4020,False,0
4051,e491ef,TAM3857,Brazil,1790931236.0,1790931236,-46.6295,-22.9578,3977.64,False,160.6,162.67,-7.48,,4198.62,,False,0
4052,758487,PAL117,Philippines,1790931237.0,1790931237,-125.7149,50.1844,9814.56,False,239.46,311.43,5.85,,9936.48,,False,0
4053,a4bef6,JBU332,United States,1790931237.0,1790931237,4.3927,45.7455,9136.38,False,227.97,283.44,-0.33,,9585.96,5753,False,0
4054,4080a2,VIR48WE,United Kingdom,1790931237.0,1790931237,-1.2568,51.3196,3962.4,False,144.14,97.18,0.0,,4183.38,6313,False,0
4055,3cc7fe,DWW622,Germany,1790931236.0,1790931236,4.6131,50.77,2293.62,False,145.86,139.0,15.28,,2529.84,1000,False,0
4056,a45bd7,FFT4964,United States,1790931236.0,1790931236,-118.5273,33.8849,1143.0,False,141.23,229.58,13.66,,1150.62,,False,0
4057,39d1a8,FHUNI2,France,1790931237.0,1790931237,3.284,45.798,586.74,False,63.3,262.53,-3.58,,792.48,1000,False,0
4058,494142,NJE686A,Portugal,1790931237.0,1790931237,2.2109,39.8785,6217.92,False,190.99,290.83,13.98,,6614.16,,False,0
4059,a1c89b,N214CL,United States,1790931237.0,1790931237,0.1815,51.6966,236.22,False,74.02,72.19,-0.65,,434.34,5253,False,0
4060,a69bd9,DAL188,United States,1790931234.0,1790931236,139.0163,37.9226,10668.0,False,319.18,69.72,0.0,,11117.58,4104,False,0
4061,3981a4,OYO4,France,1790930938.0,1790930946,-9.1458,38.7629,83.82,False,64.58,22.48,-4.23,,198.12,7620,False,0
4062,78212c,CSN5096,China,1790931226.0,1790931226,102.0981,14.3168,8740.14,False,221.51,38.49,1.95,,9296.4,,False,0
4063,782144,CSG2528,China,1790931237.0,1790931237,-152.541,62.0371,10972.8,False,234.86,304.11,0.0,,10614.66,4116,False,0
4064,78213f,CSN6465,China,1790930959.0,1790930959,118.5673,41.2278,10355.58,False,193.85,245.54,-4.23,,10599.42,,False,0
4065,ac7218,,United States,1790931050.0,1790931050,-118.4154,33.9467,,True,11.83,264.38,,,,,False,0
4066,782152,CES5343,China,1790931225.0,1790931237,114.8417,22.8078,3063.24,False,155.61,286.52,-7.48,,3337.56,0140,False,0
4067,49410e,NJE197C,Portugal,1790931237.0,1790931237,3.5864,52.7987,8892.54,False,189.82,302.27,7.8,,9166.86,7334,False,0
4068,49410d,NJE032L,Portugal,1790931237.0,1790931237,11.147,47.833,6705.6,False,207.22,261.15,0.33,,7078.98,1000,False,0
4069,4080f1,AZG743,United Kingdom,1790931237.0,1790931237,13.0051,48.7938,9753.6,False,252.09,294.47,0.0,,10172.7,1000,False,0
4070,782157,CQH8666,China,1790931237.0,1790931237,99.2835,9.7529,8839.2,False,229.72,28.34,0.0,,,,False,0
4071,4080db,BAW520R,United Kingdom,1790931237.0,1790931237,7.1789,45.4924,10058.4,False,239.1,119.38,0.0,,10523.22,0536,False,0
4072,4080df,EXS68M,United Kingdom,1790931237.0,1790931237,0.7838,43.3586,11262.36,False,205.25,194.07,0.0,,11734.8,0521,False,0
4073,494114,NJE158C,Portugal,1790931237.0,1790931237,-0.266,51.4995,5486.4,False,165.14,269.64,0.0,,5737.86,1105,False,0
4074,769103,SIA7441,Singapore,1790931236.0,1790931236,151.1724,-33.9291,,True,7.46,56.25,,,,2032,False,0
4075,4080e3,BAW490,United Kingdom,1790931186.0,1790931192,-5.3458,36.1532,,True,0.0,357.19,,,,2224,False,0
4076,4080e4,BAW50P,United Kingdom,1790931236.0,1790931236,-9.1582,38.7397,220.98,False,64.11,22.66,-2.93,,342.9,2213,False,0
4077,a880ff,UAL128,United States,1790931237.0,1790931237,-83.4467,27.1341,10363.2,False,238.41,295.29,0.0,,11010.9,3301,False,0
4078,4080e1,SHT7R,United Kingdom,1790931236.0,1790931237,-3.2835,54.3151,10439.4,False,222.23,166.48,7.48,,10614.66,4231,False,0
4079,494118,NJE264Q,Portugal,1790931237.0,1790931237,8.908,45.5598,10363.2,False,216.68,358.23,-0.33,,10805.16,1000,False,0
4080,ab5257,AAL168,United States,1790931235.0,1790931235,139.7813,35.5409,,True,3.34,70.31,,,,,False,0
4081,4080e0,BAW608,United Kingdom,1790931237.0,1790931237,-0.4533,51.476,,True,9.26,90.0,,,,0503,False,0
4082,e491a2,TAM3993,Brazil,1790931230.0,1790931230,-43.7769,-12.1409,10972.8,False,213.21,226.17,0.0,,11650.98,,False,0
4083,7c6aec,LR334,Australia,1790931237.0,1790931237,153.0695,-27.488,495.3,False,67.41,26.76,-3.9,,632.46,1336,False,0
4084,494101,NJE491Q,Portugal,1790931236.0,1790931236,6.5262,46.3817,3390.9,False,164.96,227.65,-5.2,,3665.22,1000,False,0
4085,c8236e,ANZ77,New Zealand,1790931237.0,1790931237,121.2347,25.0747,,True,6.94,233.44,,,,,False,0
4086,494108,NJE636M,Portugal,1790931237.0,1790931237,12.5769,43.9428,8031.48,False,222.28,342.91,-7.48,,8450.58,1000,False,0
4087,402c7b,GBPBJ,United Kingdom,1790931236.0,1790931236,-1.041,52.595,243.84,False,24.63,208.71,4.23,,419.1,7000,False,0
4088,7c6ae5,LR208,Australia,1790931237.0,1790931237,151.1593,-33.0086,2202.18,False,121.81,257.31,2.6,,2354.58,1015,False,0
4089,4080bf,BAW26E,United Kingdom,1790931237.0,1790931237,-4.4686,51.8689,8176.26,False,234.11,271.01,2.93,,8450.58,6335,False,0
4090,46912d,SEH2HG,Greece,1790931126.0,1790931126,22.9729,40.5253,,True,2.06,47.81,,,,6775,False,0
4091,7c6ae2,LR668,Australia,1790931236.0,1790931236,151.7704,-30.1529,4572.0,False,137.05,41.35,0.0,,4838.7,,False,0
4092,7c6ae0,VOZ663,Australia,1790930937.0,1790931208,151.19,-33.9562,-83.82,False,50.45,168.23,0.0,,30.48,4053,False,0
4093,782179,CXA8716,China,1790931085.0,1790931085,103.4784,3.6243,8298.18,False,233.02,58.45,4.55,,8846.82,,False,0
4094,a6b833,,United States,1790931128.0,1790931128,-118.4332,33.9425,,True,0.0,73.12,,,,,False,0
4095,aa580e,CKS917,United States,1790931236.0,1790931236,-138.0445,60.0014,10058.4,False,287.88,103.12,-0.33,,9753.6,5765,False,0
4096,3d84ce,DFWNU,Germany,1790931237.0,1790931237,10.9076,51.7775,9144.0,False,132.43,285.55,-0.33,,9517.38,4145,False,0
4097,3c64f5,DLH405,Germany,1790931237.0,1790931237,7.4707,50.1622,3352.8,False,184.25,110.26,-0.33,,3604.26,4612,False,0
4098,4080c1,RUK9MH,United Kingdom,1790931236.0,1790931237,-3.1946,53.8043,9753.6,False,208.92,297.26,0.0,,9951.72,4222,False,0
4099,4080c2,RUK861,United Kingdom,1790931202.0,1790931202,-8.3683,33.8634,11277.6,False,232.52,192.65,0.0,,11826.24,5405,False,0
4100,758436,CEB5039,Philippines,1790931167.0,1790931184,121.0159,14.5082,,True,7.72,59.06,,,,,False,0
4101,4080ad,EZY98QU,United Kingdom,1790931237.0,1790931237,22.4271,41.6086,11277.6,False,236.82,135.44,0.0,,11544.3,4765,False,0
4102,4a08ec,ROT415K,Romania,1790931236.0,1790931236,-2.313,40.0919,4914.9,False,161.72,284.74,-5.53,,5250.18,4470,False,0
4103,4a08eb,ROT6461,Romania,1790931233.0,1790931233,31.1878,31.1805,10668.0,False,206.28,170.96,0.0,,11071.86,1300,False,0
4104,4009c5,SHT5R,United Kingdom,1790931237.0,1790931237,-4.7854,54.0417,7741.92,False,200.1,125.16,6.18,,7917.18,7746,False,0
4105,861ed6,ANA557,Japan,1790931236.0,1790931236,140.601,40.038,8153.4,False,244.8,6.27,-16.58,,8321.04,2206,False,0
4106,40819c,GCSLG,United Kingdom,1790931237.0,1790931237,-0.8799,51.5506,373.38,False,59.43,131.14,-1.3,,563.88,7000,False,0
4107,4b15ca,HUE222,Switzerland,1790931236.0,1790931237,14.9034,54.5265,12504.42,False,242.7,33.59,0.0,,12847.32,4366,False,0
4108,a0ca02,PSHEJ,United States,1790931006.0,1790931007,-53.4886,-10.5071,13716.0,False,237.98,118.12,0.0,,14424.66,,False,0
4109,e49247,TAM3827,Brazil,1790931236.0,1790931236,-46.1089,-22.1239,7924.8,False,210.74,206.38,-6.83,,8374.38,,False,0
4110,4b15d6,EDW36W,Switzerland,1790931236.0,1790931236,8.5392,47.4753,,True,1.03,334.69,,,,3027,False,0
4111,4b15d7,HBIHB,Switzerland,1790931185.0,1790931233,8.5629,47.4442,,True,0.0,334.69,,,,2000,False,0
4112,4b15d8,EDW82,Switzerland,1790931237.0,1790931237,8.5682,46.7872,5989.32,False,208.85,174.35,10.08,,6339.84,3013,False,0
4113,3c6635,DLH2EP,Germany,1790931237.0,1790931237,9.5699,51.714,9753.6,False,243.72,25.1,0.0,,10126.98,7721,False,0
4114,e4924a,TAM3199,Brazil,1790931237.0,1790931237,-46.5918,-23.1513,3124.2,False,119.54,193.44,-4.55,,3276.6,,False,0
4115,3c6637,DLH1322,Germany,1790931236.0,1790931236,10.1509,44.4988,11277.6,False,240.01,152.28,-0.65,,11742.42,0632,False,0
4116,861ef8,ANA596,Japan,1790931236.0,1790931236,139.7763,35.5499,,True,34.47,331.88,,,,2326,False,0
4117,3c6648,DLH5MM,Germany,1790931236.0,1790931236,-5.7269,53.4536,1371.6,False,166.43,248.99,-13.98,,1470.66,0614,False,0
4118,408184,EZY61GF,United Kingdom,1790931145.0,1790931145,4.0244,43.5515,114.3,False,69.5,304.75,-3.9,,289.56,6357,False,0
4119,408181,EZY23FU,United Kingdom,1790931236.0,1790931236,21.6235,42.2242,11887.2,False,230.28,135.63,0.0,,12161.52,4762,False,0
4120,842250,JJP615,Japan,1790931236.0,1790931236,132.9488,34.1355,10050.78,False,197.84,250.72,-5.2,,10645.14,2134,False,0
4121,3c6643,DLH5KH,Germany,1790931237.0,1790931237,11.2281,50.0805,9464.04,False,234.36,351.03,6.5,,9814.56,6453,False,0
4122,a0a7d6,EJA141,United States,1790931208.0,1790931227,-115.1685,36.0858,,True,0.0,28.12,,,,,False,0
4123,3c6655,DLH9WF,Germany,1790931236.0,1790931237,18.0187,59.8108,617.22,False,70.45,189.67,0.33,,792.48,1000,False,0
4124,3c6659,DLH21A,Germany,1790931236.0,1790931236,5.4229,44.2679,10668.0,False,229.66,195.59,0.0,,11140.44,1000,False,0
4125,4b15db,EDW11K,Switzerland,1790931237.0,1790931237,7.0739,47.7246,6621.78,False,198.5,107.5,-7.15,,6995.16,2266,False,0
4126,c08497,ACA178,Canada,1790931237.0,1790931237,-93.9097,49.4434,10058.4,False,279.75,110.0,-0.33,,10005.06,3303,False,0
4127,7c6b96,VJC,Australia,1790931237.0,1790931237,144.9003,-37.7205,30.48,False,4.63,90.0,0.0,,91.44,,False,0
4128,861ede,JAL284,Japan,1790931236.0,1790931236,134.339,35.8934,8823.96,False,297.82,70.0,3.25,,9220.2,,False,0
4129,408170,AUR680,United Kingdom,1790931237.0,1790931237,-2.1863,49.3997,2735.58,False,138.13,100.51,0.0,,2956.56,,False,0
4130,40815b,EZY32CN,United Kingdom,1790931237.0,1790931237,-9.8829,35.2453,11285.22,False,221.79,207.04,0.0,,11841.48,2216,False,0
4131,3c6650,DLH3A,Germany,1790931236.0,1790931236,8.137,49.9504,1356.36,False,112.9,71.4,-1.63,,1592.58,1000,False,0
4132,40815c,EZY15NF,United Kingdom,1790931236.0,1790931236,-9.6335,35.7449,11277.6,False,223.19,205.68,0.0,,11826.24,3703,False,0
4133,3c7984,CFG8WZ,Germany,1790931237.0,1790931237,23.9285,40.0671,10363.2,False,223.06,316.4,0.0,,10561.32,6621,False,0
4134,3c6652,DLH88V,Germany,1790931237.0,1790931237,-1.7352,38.7394,10668.0,False,224.02,232.18,0.0,,11155.68,0616,False,0
4135,3c7981,CFG2TF,Germany,1790931236.0,1790931236,13.1228,48.1165,10965.18,False,224.39,328.02,0.0,,11414.76,3707,False,0
4136,a9aebc,ASA77,United States,1790931237.0,1790931237,-80.1775,40.4848,487.68,False,71.52,271.24,-3.58,,472.44,1542,False,0
4137,39d303,TVF794E,France,1790931236.0,1790931237,5.1496,45.1846,2834.64,False,144.3,15.72,-7.15,,3101.34,5560,False,0
4138,a71efa,AAL2113,United States,1790931237.0,1790931237,-97.9139,42.6947,10058.4,False,264.95,90.45,0.0,,10454.64,,False,0
4139,440dca,RVP313,Austria,1790931223.0,1790931223,-8.0032,39.2436,579.12,False,38.15,79.9,1.95,,693.42,,False,0
4140,39d306,TVF8284,France,1790931236.0,1790931236,9.0862,39.7943,11277.6,False,231.24,154.29,0.0,,11780.52,7625,False,0
4141,484703,XRO1481,Kingdom of the Netherlands,1790931237.0,1790931237,3.2471,40.4436,9806.94,False,245.47,191.24,-10.73,,10325.1,1000,False,0
4142,39d308,TVF34FW,France,1790931237.0,1790931237,-2.787,41.4332,11277.6,False,217.12,220.48,0.0,,11734.8,7632,False,0
4143,0d0a02,VOI1721,Mexico,1790931236.0,1790931237,-115.9891,31.8628,9113.52,False,262.61,129.83,9.1,,9654.54,1031,False,0
4144,39d301,TVF84FH,France,1790931236.0,1790931237,28.0537,34.1442,11277.6,False,240.25,126.38,0.0,,11529.06,1213,False,0
4145,a45d1a,UPS916,United States,1790931237.0,1790931237,-102.6972,37.6601,10980.42,False,246.13,259.89,0.0,,11544.3,6773,False,0
4146,39d302,TVF64HG,France,1790931237.0,1790931237,4.7661,44.4486,7033.26,False,192.48,6.14,-8.45,,7444.74,5304,False,0
4147,3d0a8c,DECGA,Germany,1790930943.0,1790930944,6.1831,50.8218,,True,3.09,357.19,,,,7000,False,0
4148,4009da,BAW670,United Kingdom,1790931237.0,1790931237,1.135,51.1969,6835.14,False,227.95,95.57,6.5,,7132.32,1071,False,0
4149,738c0c,ICL887,Israel,1790931237.0,1790931237,34.0651,35.5417,10363.2,False,271.1,353.9,-0.33,,10629.9,5262,False,0
4150,a5cbf3,UAL438,United States,1790931237.0,1790931237,-79.7736,26.1668,10363.2,False,230.93,299.93,0.0,,11041.38,1446,False,0
4151,861eb4,ADO87,Japan,1790931236.0,1790931236,140.377,38.4466,12496.8,False,260.03,13.73,0.0,,12976.86,4677,False,0
4152,4009ce,ASPRIN42,United Kingdom,1790931237.0,1790931237,-0.2112,54.9362,7848.6,False,180.45,29.93,4.88,,8061.96,6041,False,0
4153,4009cc,ASPRIN11,United Kingdom,1790931237.0,1790931237,0.5759,55.2386,8199.12,False,177.44,73.67,2.28,,8412.48,6040,False,0
4154,7103d7,SVA376,Saudi Arabia,1790931236.0,1790931236,12.103,35.9946,10668.0,False,261.01,95.54,-0.33,,11170.92,4110,False,0
4155,3d0a9b,DECGP,Germany,1790931236.0,1790931236,8.4246,53.0733,304.8,False,49.66,50.04,,,,7000,False,0
4156,a2e7bb,N2868F,United States,1790931058.0,1790931059,-112.0904,33.6872,449.58,False,26.8,86.7,-0.98,,411.48,,False,0
4157,459744,MMD6039,Denmark,1790931237.0,1790931237,10.217,53.6543,11841.48,False,213.6,169.31,3.25,,12138.66,1115,False,0
4158,4009d5,TPKNT01,United Kingdom,1790931237.0,1790931237,-4.4917,55.5499,533.4,False,121.17,299.5,1.95,,655.32,,False,0
4159,4009d2,ASPRIN13,United Kingdom,1790931236.0,1790931236,-0.4269,54.7234,7620.0,False,138.63,281.56,4.55,,7818.12,3321,False,0
4160,3c6468,CFG2HD,Germany,1790931235.0,1790931237,24.6709,37.0812,10660.38,False,227.56,148.21,0.0,,10858.5,7617,False,0
4161,7820a1,UEA1860,China,1790931236.0,1790931237,114.2188,22.9814,9174.48,False,232.97,287.87,-0.33,,9784.08,2437,False,0
4162,3c6467,CFG7XR,Germany,1790931237.0,1790931237,9.3734,50.0494,5036.82,False,196.16,92.25,14.63,,5349.24,1000,False,0
4163,a5ef0e,UAL37,United States,1790931172.0,1790931172,-3.3572,55.9533,,True,7.2,59.06,,,,,False,0
4164,a58c29,AAL2701,United States,1790931237.0,1790931237,-78.962,41.9111,10058.4,False,274.25,75.89,0.33,,10568.94,0772,False,0
4165,4a91fa,SAS63Z,Sweden,1790931236.0,1790931237,13.6823,50.9624,11582.4,False,221.18,187.75,0.0,,11986.26,1000,False,0
4166,0d0e3b,VOI3960,Mexico,1790931236.0,1790931236,-84.5603,10.8094,11277.6,False,230.68,127.02,0.0,,12047.22,,False,0
4167,4b5d9a,ATL783,Switzerland,1790931215.0,1790931215,8.5591,47.4557,,True,0.51,202.5,,,,,False,0
4168,a23f5d,FDX1426,United States,1790931235.0,1790931236,-97.6734,30.2,,True,7.46,0.0,,,,1635,False,0
4169,3c6481,DLH1774,Germany,1790931193.0,1790931202,22.9682,40.5283,,True,14.92,0.0,,,,6033,False,0
4170,3c6485,DLH68X,Germany,1790931236.0,1790931236,3.1259,39.6039,3093.72,False,163.96,200.77,-9.75,,3383.28,1000,False,0
4171,3c6484,DLH3M,Germany,1790931237.0,1790931237,12.3264,48.9664,3794.76,False,166.11,175.74,-9.43,,4084.32,1000,False,0
4172,3c6483,DLH4LC,Germany,1790931237.0,1790931237,11.1875,48.7554,5288.28,False,197.83,107.87,-5.2,,5615.94,1000,False,0
4173,0d0e4e,VTM708,Mexico,1790931237.0,1790931237,-98.8625,28.7941,6850.38,False,204.63,22.31,4.23,,7239.0,,False,0
4174,3c648c,DLH6JT,Germany,1790931237.0,1790931237,12.9553,49.9193,6393.18,False,217.39,92.98,-5.53,,6751.32,1000,False,0
4175,7583f8,CEB558,Philippines,1790931236.0,1790931236,122.686,12.1981,10370.82,False,225.69,321.85,0.0,,11132.82,,False,0
4176,3c6491,EWG3LK,Germany,1790931236.0,1790931237,5.3548,42.8498,10972.8,False,238.5,42.46,0.0,,11452.86,1000,False,0
4177,7820d7,CSC9611,China,1790931237.0,1790931237,23.8338,59.5152,7612.38,False,217.86,215.68,9.75,,7970.52,6517,False,0
4178,3c6496,EWG3TF,Germany,1790931186.0,1790931216,28.0916,36.4044,,True,0.0,250.31,,,,,False,0
4179,3c6495,EWG89D,Germany,1790931237.0,1790931237,22.5437,40.6306,3147.06,False,153.94,295.54,9.1,,3345.18,,False,0
4180,3c6494,EWG35A,Germany,1790931237.0,1790931237,-3.4785,39.3708,10972.8,False,230.77,8.2,0.0,,11445.24,4626,False,0
4181,3c6498,DLH1770,Germany,1790931237.0,1790931237,21.6777,43.4959,10668.0,False,233.27,131.42,0.0,,10972.8,6402,False,0
4182,3c6426,CFG1YZ,Germany,1790931237.0,1790931237,2.0786,41.2996,,True,12.35,244.69,,,,,False,0
4183,3c6424,CFG1VT,Germany,1790931233.0,1790931235,22.1203,37.4716,4091.94,False,172.93,349.02,13.66,,4251.96,,False,0
4184,3c6429,CFG1HE,Germany,1790931237.0,1790931237,6.5829,45.6907,10972.8,False,223.78,350.47,-0.33,,11407.14,1000,False,0
4185,3c6428,CFG1WR,Germany,1790931236.0,1790931236,5.4487,43.9618,10668.0,False,227.19,204.77,0.0,,11132.82,1000,False,0
4186,c080dd,ACA801,Canada,1790931237.0,1790931237,-9.8834,54.4787,10972.8,False,237.82,299.84,-1.63,,11033.76,6024,False,0
4187,477f88,28,Hungary,1790931236.0,1790931237,20.1828,47.0289,457.2,False,41.95,23.11,0.0,,670.56,,False,0
4188,a06815,UPS1334,United States,1790931237.0,1790931237,-83.6585,34.5064,10980.42,False,238.11,156.98,0.33,,11681.46,6645,False,0
4189,c820b6,ANZ573,New Zealand,1790931237.0,1790931237,173.5203,-40.5028,11582.4,False,223.44,195.76,0.0,,11864.34,5211,False,0
4190,3c6421,CFG2CA,Germany,1790931237.0,1790931237,8.7849,50.1942,3352.8,False,161.31,249.66,0.0,,3604.26,1335,False,0
4191,7c6d9d,QFA546,Australia,1790931237.0,1790931237,153.3824,-28.5206,6233.16,False,180.79,17.04,-8.45,,6614.16,1317,False,0
4192,4b2939,HBPPX,Switzerland,1790931060.0,1790931060,9.5569,47.4854,243.84,False,32.7,282.72,-0.65,,480.06,7000,False,0
4193,7c6d9a,QFA470,Australia,1790931237.0,1790931237,150.7999,-34.0261,2956.56,False,166.33,75.49,-9.1,,3162.3,4260,False,0
4194,00ad60,ZTRMZ,South Africa,1790931237.0,1790931237,28.1324,-25.9809,1531.62,False,43.81,80.54,-1.95,,1706.88,,False,0
4195,0d0e01,VOI1871,Mexico,1790931237.0,1790931237,-107.4767,32.6296,10675.62,False,241.91,141.3,0.33,,11231.88,,False,0
4196,45d0c4,OYTFD,Denmark,1790931237.0,1790931237,10.0694,53.3364,1836.42,False,86.22,224.27,0.0,,2026.92,1376,False,0
4197,0d0e03,VOI711,Mexico,1790931236.0,1790931236,-115.5529,32.3174,10058.4,False,254.97,126.38,0.0,,10652.76,7201,False,0
4198,440c8c,AUA7HV,Austria,1790931237.0,1790931237,24.0187,41.6582,10058.4,False,240.76,147.57,0.33,,10325.1,7110,False,0
4199,440c8d,AUA79,Austria,1790931237.0,1790931237,16.7006,47.7712,2971.8,False,151.16,153.09,5.2,,3238.5,7122,False,0
4200,48b9e6,SPOPG,Poland,1790931236.0,1790931236,23.7291,52.791,929.64,False,63.67,285.95,0.33,,1150.62,,False,0
4201,7c6d8e,QFA744,Australia,1790931237.0,1790931237,139.0882,-35.0686,6035.04,False,197.72,85.22,12.68,,6126.48,,False,0
4202,3c6449,DLH7AA,Germany,1790931217.0,1790931217,8.5432,50.0359,,True,2.31,157.5,,,,1000,False,0
4203,7c6d8c,QFA691,Australia,1790931237.0,1790931237,139.323,-35.4785,5227.32,False,189.93,308.73,-9.43,,5341.62,3247,False,0
4204,abfa24,AAL97,United States,1790931237.0,1790931237,12.8317,48.7816,10363.2,False,250.73,287.43,-0.33,,10789.92,3546,False,0
4205,398013,FHAAT,France,1790931236.0,1790931237,1.993,48.6625,274.32,False,45.23,70.74,1.3,,480.06,3701,False,0
4206,0d0e11,VOI504,Mexico,1790931237.0,1790931237,-75.2171,40.0008,3931.92,False,204.54,43.17,-11.38,,4107.18,0264,False,0
4207,477f69,STING71,Hungary,1790931189.0,1790931189,20.5909,46.6033,1417.32,False,114.05,144.73,-0.98,,1684.02,,False,0
4208,84106c,JJP519,Japan,1790931237.0,1790931237,138.6076,35.7963,10881.36,False,191.97,268.31,5.2,,11460.48,1723,False,0
4209,7c6d8f,QFA941,Australia,1790931236.0,1790931237,152.2035,-28.5743,9144.0,False,225.46,232.14,0.0,,9624.06,1115,False,0
4210,4b161f,EDW28K,Switzerland,1790931236.0,1790931237,7.3405,50.4056,11277.6,False,227.51,147.75,0.0,,11658.6,1000,False,0
4211,a1b0c6,N208LS,United States,1790931237.0,1790931237,-83.7578,32.7712,2087.88,False,77.01,157.2,0.0,,2202.18,,False,0
4212,39800c,FHAAM,France,1790931237.0,1790931237,-0.0478,44.7603,822.96,False,53.05,87.22,0.0,,990.6,,False,0
4213,400896,LOG8DB,United Kingdom,1790931237.0,1790931237,-1.168,52.1074,8366.76,False,191.02,340.49,4.55,,8648.7,1426,False,0
4214,3c6441,DLH3HX,Germany,1790931236.0,1790931236,12.8371,48.2076,7315.2,False,212.07,88.05,7.8,,7688.58,1000,False,0
4215,c820d2,ANZ99,New Zealand,1790931182.0,1790931234,142.1899,34.4043,8732.52,False,241.48,329.39,-17.88,,9212.58,3612,False,0
4216,3b9dff,SNA8,France,1790931237.0,1790931237,2.3598,48.7254,,True,8.23,8.44,,,,,False,0
4217,3c6443,DLH44U,Germany,1790931237.0,1790931237,11.152,48.2909,4663.44,False,175.12,253.27,5.2,,4983.48,1000,False,0
4218,4b161e,EDW192,Switzerland,1790931236.0,1790931237,27.1581,38.6567,11277.6,False,237.07,127.42,0.0,,11490.96,3071,False,0
4219,4b2958,HBPRC,Switzerland,1790931237.0,1790931237,5.1828,45.0821,5181.6,False,98.99,208.56,0.0,,5524.5,5701,False,0
4220,4b2959,HBPRD,Switzerland,1790931236.0,1790931237,5.5564,47.8597,2743.2,False,77.45,109.4,0.98,,2971.8,1000,False,0
4221,398029,,France,1790931097.0,1790931177,0.2056,44.0328,1348.74,False,59.83,242.33,2.28,,1546.86,,False,0
4222,44b0b4,OOLET,Belgium,1790931236.0,1790931236,9.1442,40.6315,7322.82,False,100.9,182.05,0.0,,7734.3,,False,0
4223,151df5,SDM6946,Russian Federation,1790931235.0,1790931235,44.5011,40.6821,6111.24,False,221.55,26.62,13.0,,6316.98,3150,False,0
4224,4b1620,EDW31U,Switzerland,1790931236.0,1790931237,21.0082,39.7313,10972.8,False,218.99,318.33,0.33,,11239.5,2050,False,0
4225,7c6d7f,JST518,Australia,1790931214.0,1790931233,151.1831,-33.9417,,True,0.0,73.12,,,,4217,False,0
4226,48b9c9,SAH51P,Poland,1790931237.0,1790931237,1.4844,39.1748,4815.84,False,135.28,333.34,11.05,,5135.88,,False,0
4227,7c6d95,QFA468,Australia,1790931228.0,1790931228,151.1755,-33.9442,,True,14.92,168.75,,,,5072,False,0
4228,7c6d94,QFA938,Australia,1790931237.0,1790931237,151.9423,-28.0691,7147.56,False,236.5,78.2,-15.93,,7597.14,,False,0
4229,a0ec98,BRIO66,United States,1790931236.0,1790931236,23.1375,54.0139,10363.2,False,184.48,221.16,0.0,,10797.54,4264,False,0
4230,7c6d91,QFA624,Australia,1790931237.0,1790931237,153.0949,-28.8259,7566.66,False,180.29,40.37,-7.48,,8001.0,1501,False,0
4231,7c6d90,QFA478,Australia,1790931237.0,1790931237,147.2049,-35.9259,11277.6,False,231.73,57.05,0.0,,11551.92,3236,False,0
4232,44b0c3,ABB870,Belgium,1790931237.0,1790931237,7.0448,50.274,9204.96,False,262.97,100.25,7.15,,9570.72,7161,False,0
4233,3c6450,LHX53U,Germany,1790931237.0,1790931237,9.6386,49.4049,9448.8,False,247.3,104.21,-0.33,,9883.14,1000,False,0
4234,0d0e1e,AMX171,Mexico,1790931230.0,1790931230,-114.1613,30.9592,10058.4,False,259.44,128.07,0.0,,10660.38,,False,0
4235,a11eb4,UPS914,United States,1790931237.0,1790931237,-95.1357,39.0537,10347.96,False,220.47,267.06,-0.65,,10820.4,4003,False,0
4236,440c5a,ABB885,Austria,1790931236.0,1790931236,43.1921,40.8674,10058.4,False,278.96,93.91,0.0,,10317.48,7134,False,0
4237,a0b826,UAL1962,United States,1790931237.0,1790931237,-103.508,39.0095,10058.4,False,245.82,75.21,0.0,,10607.04,7303,False,0
4238,4869bf,TRA6H,Kingdom of the Netherlands,1790931079.0,1790931079,19.9258,38.5737,6256.02,False,183.7,315.11,12.03,,6454.14,,False,0
4239,4869bd,TRA57P,Kingdom of the Netherlands,1790931237.0,1790931237,-5.1151,38.0459,11277.6,False,225.69,197.24,0.0,,11772.9,3747,False,0
4240,e490c2,TAM3295,Brazil,1790931179.0,1790931185,-44.2118,-6.5835,11582.4,False,230.47,180.0,0.0,,12306.3,,False,0
4241,a770a2,JBU264,United States,1790931237.0,1790931237,-82.283,42.1653,9456.42,False,278.9,93.7,0.33,,9913.62,3564,False,0
4242,e490c3,TAM3375,Brazil,1790931237.0,1790931237,-46.6974,-23.4184,1737.36,False,91.96,130.46,-2.6,,1813.56,,False,0
4243,a913d6,UAL31,United States,1790931236.0,1790931236,2.6953,51.3204,9761.22,False,220.25,283.09,0.0,,10066.02,6654,False,0
4244,8422f9,JTA63,Japan,1790931074.0,1790931074,130.6849,32.5492,8542.02,False,230.66,185.89,6.5,,9060.18,,False,0
4245,4869c4,KLM85A,Kingdom of the Netherlands,1790931236.0,1790931237,10.1604,47.5161,10668.0,False,235.3,151.25,0.33,,11094.72,1000,False,0
4246,00acab,LNK657T,South Africa,1790931236.0,1790931236,20.0946,-33.2058,9067.8,False,220.06,48.22,5.53,,9464.04,,False,0
4247,e490f0,TAM3391,Brazil,1790931236.0,1790931236,-46.5037,-22.8318,4572.0,False,150.47,278.85,0.0,,4815.84,,False,0
4248,0d0cce,VOI7897,Mexico,1790931237.0,1790931237,-114.5331,31.1639,11277.6,False,239.93,125.22,0.0,,11955.78,1035,False,0
4249,4b1698,SWR4TL,Switzerland,1790931237.0,1790931237,11.3395,43.5216,8702.04,False,217.31,326.69,6.18,,9128.76,1000,False,0
4250,4b1699,SWR79B,Switzerland,1790931235.0,1790931236,18.9748,43.4302,10668.0,False,226.06,129.92,-0.33,,11026.14,3003,False,0
4251,ab628c,SWA1330,United States,1790931217.0,1790931217,-86.6667,36.1186,,True,13.89,16.88,,,,2316,False,0
4252,7c6d2b,VOZ333,Australia,1790931237.0,1790931237,153.2375,-27.9657,3002.28,False,151.53,3.5,-8.13,,3246.12,1375,False,0
4253,a939e8,DAL1159,United States,1790931237.0,1790931237,-98.3457,41.8536,11277.6,False,255.66,81.9,0.0,,11727.18,1010,False,0
4254,a0b867,UAL1752,United States,1790931237.0,1790931237,-91.2568,37.7853,10668.0,False,269.63,13.8,-0.33,,11262.36,2514,False,0
4255,49514c,TAP1826,Portugal,1790931236.0,1790931237,-11.1336,38.8928,9265.92,False,240.34,103.11,-14.63,,9738.36,3335,False,0
4256,49514d,TAP86PZ,Portugal,1790931200.0,1790931205,12.3153,45.4767,7.62,False,67.38,42.21,-3.58,,281.94,1141,False,0
4257,49514e,TAP68JP,Portugal,1790931237.0,1790931237,-14.6431,34.3619,10614.66,False,236.96,42.98,3.9,,11193.78,,False,0
4258,a10bbc,,United States,1790931234.0,1790931234,-73.8745,40.7755,,True,0.0,75.94,,,,,False,0
4259,a95c19,N702BD,United States,1790931237.0,1790931237,4.6976,44.0879,3703.32,False,171.12,159.22,-9.1,,3962.4,1000,False,0
4260,7c6d30,VOZ869,Australia,1790931237.0,1790931237,149.9528,-34.4918,7178.04,False,198.16,70.91,-13.0,,7498.08,3647,False,0
4261,a4380a,TSU371,United States,1790931237.0,1790931237,-83.2364,42.4678,1135.38,False,109.11,321.51,-6.5,,1143.0,,False,0
4262,a0a545,UAL85,United States,1790931235.0,1790931235,34.872,32.0063,,True,0.0,222.19,,,,,False,0
4263,a0ebab,AAL2298,United States,1790931233.0,1790931233,-122.608,45.5899,,True,11.32,118.12,,,,2276,False,0
4264,49514b,TAP6MS,Portugal,1790931237.0,1790931237,-5.4591,42.0944,10363.2,False,228.07,31.25,0.0,,10812.78,4701,False,0
4265,495155,TAP1240,Portugal,1790931237.0,1790931237,0.3694,43.1172,10972.8,False,251.51,62.33,0.0,,11437.62,1000,False,0
4266,aa8a26,UAL1724,United States,1790931228.0,1790931237,-156.0424,19.739,,True,0.06,185.62,,,,,False,0
4267,7c6d33,VOZ970,Australia,1790931237.0,1790931237,151.1728,-33.8902,297.18,False,71.54,167.96,-4.23,,411.48,1130,False,0
4268,7c6d32,VOZ1040,Australia,1790931237.0,1790931237,144.2294,-35.6717,9860.28,False,205.5,194.35,-7.15,,10027.92,0466,False,0
4269,7c6d31,VOZ342,Australia,1790931236.0,1790931236,145.7925,-35.6081,8534.4,False,175.44,270.84,0.0,,8740.14,1104,False,0
4270,440c41,OECPA,Austria,1790931236.0,1790931236,13.1416,47.6247,1219.2,False,47.98,355.7,-2.6,,1424.94,,False,0
4271,a17527,AAL2130,United States,1790931236.0,1790931236,-92.2299,34.9595,10058.4,False,260.51,87.74,0.33,,10645.14,7377,False,0
4272,495152,TAP70VE,Portugal,1790931237.0,1790931237,2.3576,44.1945,10965.18,False,250.88,54.09,0.0,,11452.86,1000,False,0
4273,00bfc0,LNK797N,South Africa,1790931236.0,1790931236,28.2082,-26.2308,2141.22,False,138.29,195.54,7.15,,2316.48,,False,0
4274,aa9d48,CMB187,United States,1790931237.0,1790931237,17.0499,36.3472,9768.84,False,240.33,287.31,-7.48,,10119.36,,False,0
4275,495145,TAP552N,Portugal,1790931237.0,1790931237,-7.8493,42.5927,10363.2,False,237.87,34.51,0.0,,10797.54,4641,False,0
4276,7c6d24,VOZ428,Australia,1790931179.0,1790931179,138.535,-34.944,,True,11.32,50.62,,,,,False,0
4277,440c31,EJU37HE,Austria,1790931237.0,1790931237,11.3029,52.3457,9197.34,False,221.13,273.6,5.85,,9563.1,1000,False,0
4278,440c32,EJU58MP,Austria,1790931237.0,1790931237,-3.194,48.4989,11277.6,False,203.24,208.25,0.33,,11620.5,2030,False,0
4279,4b169a,SWR5KP,Switzerland,1790931236.0,1790931236,6.7326,45.466,8991.6,False,218.69,358.79,-5.2,,9448.8,1000,False,0
4280,440c33,EJU56VP,Austria,1790931236.0,1790931236,8.3543,47.3932,2026.92,False,146.39,236.03,20.16,,2263.14,3037,False,0
4281,440c34,EJU47YH,Austria,1790931205.0,1790931205,4.7548,52.3135,,True,8.75,165.94,,,,7635,False,0
4282,440c35,EJU31CU,Austria,1790931237.0,1790931237,1.0184,41.4346,11064.24,False,240.19,15.91,2.93,,11559.54,1000,False,0
4283,440c36,EJU16KF,Austria,1790931237.0,1790931237,-7.1357,34.3462,10972.8,False,225.24,26.16,0.0,,11521.44,6473,False,0
4284,4246b7,AHY109,United Kingdom,1790931237.0,1790931237,22.9508,46.3036,11582.4,False,237.58,311.66,0.0,,11910.06,2360,False,0
4285,4246b9,AHY107,United Kingdom,1790931236.0,1790931237,2.4695,51.3788,8572.5,False,211.2,282.38,-5.53,,8877.3,3222,False,0
4286,4246b3,AZG902,United Kingdom,1790931237.0,1790931237,138.1988,35.89,9753.6,False,216.15,271.64,0.0,,10279.38,3126,False,0
4287,782234,CSN691,China,1790931235.0,1790931237,126.5424,37.3235,731.52,False,91.92,324.8,0.33,,815.34,5644,False,0
4288,4246b5,AHY071,United Kingdom,1790931236.0,1790931236,23.9345,45.5757,10965.18,False,245.6,299.63,0.33,,11292.84,2360,False,0
4289,782233,CSN8679,China,1790931233.0,1790931237,113.6937,23.1107,3596.64,False,190.11,114.97,0.0,,3802.38,,False,0
4290,4b027f,EZS32UK,Switzerland,1790931236.0,1790931236,15.8639,44.2014,11582.4,False,215.92,298.46,0.0,,12001.5,5663,False,0
4291,4b027e,EZS58CH,Switzerland,1790931237.0,1790931237,0.0534,50.4643,11879.58,False,233.46,139.29,0.0,,12184.38,0516,False,0
4292,4b027c,EZS67AR,Switzerland,1790931236.0,1790931236,-7.2288,34.0601,10972.8,False,229.99,24.44,0.0,,11529.06,6465,False,0
4293,a5451a,FFT2930,United States,1790931049.0,1790931049,-115.294,38.4476,10675.62,False,252.97,93.15,0.0,,11224.26,3276,False,0
4294,a29578,MXY166,United States,1790931237.0,1790931237,-95.8043,31.1479,11277.6,False,236.37,112.66,0.0,,11978.64,4041,False,0
4295,782240,CKK222,China,1790931237.0,1790931237,137.7763,35.1991,10972.8,False,208.41,257.16,0.0,,11605.26,3252,False,0
4296,a54535,GTI8173,United States,1790931226.0,1790931226,127.5909,32.4691,12192.0,False,218.86,248.2,0.0,,12862.56,3163,False,0
4297,4b0281,EZS51CE,Switzerland,1790931237.0,1790931237,7.1737,44.0587,10980.42,False,217.61,339.81,0.0,,11460.48,1000,False,0
4298,4b0280,EZS14LH,Switzerland,1790931236.0,1790931237,8.6287,45.5755,10546.08,False,211.86,284.34,-4.55,,10988.04,4143,False,0
4299,a67857,GJE2226,United States,1790931236.0,1790931236,1.2028,49.7252,4259.58,False,162.4,150.59,-8.13,,4488.18,6315,False,0
4300,a3186e,N299RP,United States,1790931236.0,1790931236,-157.2792,20.9538,2583.18,False,131.01,263.46,-3.25,,2712.72,,False,0
4301,a35eeb,UPS810,United States,1790931236.0,1790931237,-101.7402,40.6445,11079.48,False,234.01,253.0,-6.5,,11582.4,6544,False,0
4302,3991a3,IXR287,France,1790931013.0,1790931013,2.4443,48.9678,,True,10.8,163.12,,,,1000,False,0
4303,aab841,CKS206,United States,1790931236.0,1790931236,140.3664,35.7768,243.84,False,89.38,328.41,10.08,,304.8,,False,0
4304,7c6bc1,JST17,Australia,1790931233.0,1790931234,136.994,-28.558,11582.4,False,212.9,328.54,0.33,,12131.04,,False,0
4305,4006c2,BAW98T,United Kingdom,1790931237.0,1790931237,-2.5365,51.4119,6964.68,False,193.5,96.1,-7.48,,7239.0,7641,False,0
4306,e4917f,,Brazil,1790931187.0,1790931189,-72.2246,-41.9885,10660.38,False,241.01,186.99,0.0,,10553.7,,False,0
4307,a0a54a,UAL882,United States,1790931236.0,1790931237,139.8034,35.5422,,True,29.84,337.5,,,,,False,0
4308,758582,PAL736,Philippines,1790931063.0,1790931063,117.3651,14.4341,10370.82,False,238.43,261.19,0.0,,11102.34,,False,0
4309,7c7ef0,CFH21,Australia,1790931236.0,1790931236,150.7347,-32.4157,6705.6,False,129.04,199.81,0.33,,7040.88,1045,False,0
4310,a0b889,UAL368,United States,1790931237.0,1790931237,-104.1104,42.6736,10058.4,False,264.25,87.1,0.0,,10538.46,,False,0
4311,c8221a,ANZ458,New Zealand,1790931237.0,1790931237,174.8289,-37.0001,7.62,False,61.36,249.89,-3.25,,182.88,5213,False,0
4312,782261,CSN6743,China,1790931227.0,1790931227,113.4112,22.9469,1905.0,False,131.2,275.17,-6.18,,3162.3,0674,False,0
4313,782260,CSN8335,China,1790930968.0,1790930968,114.9015,20.812,10058.4,False,236.28,153.77,0.0,,10767.06,5311,False,0
4314,7c6bbe,JST63,Australia,1790931236.0,1790931236,144.4847,-37.5473,3749.04,False,194.74,331.61,14.96,,3870.96,1426,False,0
4315,7c6bbd,JST25,Australia,1790931237.0,1790931237,140.6799,35.4087,2103.12,False,121.88,324.97,-2.6,,2217.42,3775,False,0
4316,7c6bbb,JST9,Australia,1790931236.0,1790931236,142.5248,32.969,12489.18,False,256.75,342.51,-0.33,,13266.42,6057,False,0
4317,485779,KLM80X,Kingdom of the Netherlands,1790931237.0,1790931237,0.4787,51.8854,9745.98,False,261.66,68.43,5.85,,10012.68,2035,False,0
4318,758598,SRQ5294,Philippines,1790931236.0,1790931237,120.1075,13.2776,4267.2,False,128.61,0.0,0.0,,4495.8,,False,0
4319,758597,GAP2679,Philippines,1790931237.0,1790931237,120.2288,14.3725,6301.74,False,153.0,37.49,-5.2,,6758.94,,False,0
4320,4b028e,SWR2WX,Switzerland,1790931237.0,1790931237,8.8615,49.1901,8610.6,False,203.24,190.06,-10.08,,8999.22,3523,False,0
4321,484443,KLM765,Kingdom of the Netherlands,1790931236.0,1790931236,-9.5198,50.7536,12496.8,False,260.16,79.98,0.0,,12717.78,5216,False,0
4322,484442,KLM31K,Kingdom of the Netherlands,1790931237.0,1790931237,12.7806,55.7879,899.16,False,128.37,121.4,-1.3,,1089.66,3150,False,0
4323,4b028d,SWR3VB,Switzerland,1790931236.0,1790931236,3.7331,50.8965,10668.0,False,251.6,106.88,-0.33,,11010.9,0506,False,0
4324,485778,KLM1828,Kingdom of the Netherlands,1790931236.0,1790931236,4.7402,52.3333,-137.16,False,62.84,182.82,-3.58,,76.2,4124,False,0
4325,489de7,SPHPH,Poland,1790931236.0,1790931236,18.3152,54.0233,441.96,False,66.21,341.42,0.33,,601.98,,False,0
4326,484444,KLM787,Kingdom of the Netherlands,1790931144.0,1790931144,4.7747,52.309,,True,0.0,182.81,,,,,False,0
4327,4b0290,SWR3GT,Switzerland,1790931235.0,1790931237,9.4357,48.487,9471.66,False,234.09,359.24,5.2,,9883.14,1000,False,0
4328,a0b88a,UAL353,United States,1790931237.0,1790931237,-91.4477,42.5218,10668.0,False,263.22,92.91,-0.33,,11071.86,4453,False,0
4329,4b0294,SWR241D,Switzerland,1790931236.0,1790931236,-0.8981,42.3815,9753.6,False,251.35,39.69,-0.33,,10187.94,1000,False,0
4330,4b0293,SWR78Y,Switzerland,1790931237.0,1790931237,4.2676,41.0706,10972.8,False,236.0,24.33,0.0,,11468.1,1000,False,0
4331,4b0292,SWR8VT,Switzerland,1790931237.0,1790931237,7.9202,47.4904,4259.58,False,131.38,246.95,-0.33,,4549.14,1000,False,0
4332,782277,CKK621,China,1790931228.0,1790931233,-149.9998,61.1867,,True,0.0,345.94,,,,7413,False,0
4333,a46bf6,UPS104,United States,1790931236.0,1790931237,-87.0193,39.2989,10203.18,False,226.66,316.01,1.63,,10744.2,,False,0
4334,151e63,NWS883,Russian Federation,1790931237.0,1790931237,21.2105,55.0197,1524.0,False,116.77,172.41,0.0,,10584.18,3715,False,0
4335,a1629d,FDX1447,United States,1790931237.0,1790931237,-88.5305,41.5941,2994.66,False,157.39,48.18,-7.48,,3070.86,1607,False,0
4336,3991e4,AFR47LQ,France,1790931237.0,1790931237,5.0791,43.9219,5288.28,False,179.05,346.2,3.9,,5638.8,1000,False,0
4337,3991e3,AFR39SV,France,1790931236.0,1790931236,6.7644,50.3608,10972.8,False,218.73,223.19,0.0,,11346.18,1000,False,0
4338,3991e5,AFR29FN,France,1790931237.0,1790931237,1.4979,45.599,8839.2,False,213.46,172.1,0.0,,9265.92,1000,False,0
4339,3991e0,AFR13HC,France,1790931237.0,1790931237,-2.8491,43.6485,10972.8,False,251.45,16.77,-0.33,,11399.52,1000,False,0
4340,8674e9,JA703B,Japan,1790931232.0,1790931232,135.2204,34.6348,,True,0.45,2.81,,,,,False,0
4341,a67811,DAL146,United States,1790931137.0,1790931137,-84.4166,33.6366,,True,0.0,270.0,,,,5245,False,0
4342,3991e2,AFR1213,France,1790931236.0,1790931236,2.3895,48.9123,3154.68,False,151.28,265.12,-8.13,,3413.76,1000,False,0
4343,489dd1,SPHOS,Poland,1790931230.0,1790931230,17.0505,53.1421,274.32,False,42.11,205.31,0.65,,464.82,,False,0
4344,3991e8,AFR57TQ,France,1790931049.0,1790931050,2.5229,49.0246,-22.86,False,67.63,85.2,-3.9,,190.5,1000,False,0
4345,3991e9,AFR1061,France,1790931237.0,1790931237,6.9999,47.4116,10972.8,False,217.56,264.57,0.0,,11399.52,1000,False,0
4346,782292,CQH6466,China,1790931137.0,1790931137,101.3766,15.6582,10675.62,False,235.86,35.77,0.65,,11391.9,,False,0
4347,3c76ef,KLM1174,Germany,1790931237.0,1790931237,4.0458,54.4264,9144.0,False,225.38,201.0,0.33,,9403.08,2237,False,0
4348,4259c3,FIRE 9,United Kingdom,1790931231.0,1790931231,-0.1827,51.158,,True,8.23,345.94,,,,,False,0
4349,380a7a,AIB04CC,France,1790931237.0,1790931237,0.6241,45.1295,11635.74,False,239.8,98.51,4.23,,12070.08,2644,False,0
4350,ac2bc6,SWA2994,United States,1790931110.0,1790931110,-121.5971,38.6921,,True,6.17,84.38,,,,1340,False,0
4351,3d2f6e,DEQFE,Germany,1790931236.0,1790931236,8.6086,49.9621,137.16,False,37.73,334.13,2.6,,358.14,4441,False,0
4352,a2d234,FDX1713,United States,1790931237.0,1790931237,-86.3096,39.6959,434.34,False,92.41,224.1,8.13,,403.86,,False,0
4353,a16273,DAL114,United States,1790931236.0,1790931237,-12.3352,41.0201,10668.0,False,254.65,90.35,0.0,,11102.34,3373,False,0
4354,758558,PAL222,Philippines,1790931237.0,1790931237,121.6805,13.6412,6263.64,False,196.24,336.19,-4.23,,6720.84,,False,0
4355,4246a8,VPBMH,United Kingdom,1790931237.0,1790931237,133.712,36.2839,10668.0,False,288.59,93.37,0.0,,11193.78,,False,0
4356,4006eb,EXS419,United Kingdom,1790931237.0,1790931237,0.4356,48.9255,10050.78,False,211.42,167.35,0.0,,10416.54,2230,False,0
4357,758550,APG327,Philippines,1790931237.0,1790931237,122.6768,13.1582,10050.78,False,222.37,130.03,0.0,,10759.44,,False,0
4358,c08172,ACA879,Canada,1790931237.0,1790931237,-4.7751,48.7042,9753.6,False,225.68,312.97,0.0,,10088.88,2314,False,0
4359,a90224,N68PA,United States,1790931236.0,1790931236,11.4471,42.9195,9448.8,False,127.4,193.31,0.0,,9906.0,0273,False,0
4360,151da0,AFL429,Russian Federation,1790931237.0,1790931237,30.8591,35.4881,10363.2,False,241.56,357.19,0.33,,10584.18,6155,False,0
4361,00ae3a,LNK861C,South Africa,1790931185.0,1790931191,30.3906,-25.2372,8168.64,False,232.37,63.72,-13.66,,8534.4,,False,0
4362,abd6ed,GTI8209,United States,1790931237.0,1790931237,-80.2295,25.7934,441.96,False,94.94,121.71,2.93,,457.2,,False,0
4363,7584a8,CEB040,Philippines,1790931237.0,1790931237,122.0753,12.4901,11330.94,False,247.94,324.63,-5.2,,12146.28,,False,0
4364,a53287,FFT3412,United States,1790931228.0,1790931237,-115.1663,36.0739,,True,0.0,289.69,,,,,False,0
4365,a9aba2,ETD9683,United States,1790931237.0,1790931237,86.659,22.7982,9753.6,False,252.4,274.68,0.0,,10401.3,0604,False,0
4366,3c6518,DLH416,Germany,1790931235.0,1790931235,8.5617,50.041,,True,5.92,250.31,,,,2564,False,0
4367,7584b3,RPC7111,Philippines,1790931230.0,1790931231,121.0153,14.5078,,True,7.72,61.88,,,,,False,0
4368,43eaa3,MGAGA,United Kingdom,1790931237.0,1790931237,13.5779,42.6753,10972.8,False,247.48,300.62,0.0,,11422.38,2077,False,0
4369,3c6525,LHX93A,Germany,1790931237.0,1790931237,11.5187,48.1679,3825.24,False,178.96,18.96,-4.88,,4099.56,1000,False,0
4370,3c6524,LHX9JC,Germany,1790931237.0,1790931237,24.5052,60.3744,1264.92,False,141.21,43.23,-6.5,,1478.28,6447,False,0
4371,3c6523,LHX87K,Germany,1790931236.0,1790931237,3.3255,41.9876,11277.6,False,216.39,233.7,0.0,,11780.52,6656,False,0
4372,151dc2,AFL297,Russian Federation,1790931237.0,1790931237,75.9804,28.8526,11582.4,False,242.03,313.19,0.0,,12237.72,,False,0
4373,86d974,JAL22,Japan,1790930957.0,1790930958,118.4751,39.1531,9494.52,False,285.17,119.39,6.83,,9799.32,,False,0
4374,a7858e,JBU767,United States,1790931236.0,1790931236,-81.3145,28.4141,,True,0.0,92.81,,,,,False,0
4375,151dc6,AFL273,Russian Federation,1790931237.0,1790931237,85.8197,23.9372,10363.2,False,253.26,299.85,0.0,,11041.38,0747,False,0
4376,151dc9,AFL1002,Russian Federation,1790931237.0,1790931237,20.442,57.035,10363.2,False,208.0,177.73,0.0,,10744.2,6560,False,0
4377,842370,JAL6,Japan,1790931121.0,1790931121,-137.454,62.2645,11277.6,False,278.88,91.06,0.0,,10927.08,7463,False,0
4378,3c6522,LHX6LL,Germany,1790931237.0,1790931237,11.7825,46.7792,9875.52,False,231.91,189.96,9.43,,10325.1,1000,False,0
4379,3c6521,LHX5KY,Germany,1790931237.0,1790931237,15.3246,37.3391,3657.6,False,125.02,349.57,0.0,,3909.06,5547,False,0
4380,4b5d51,GALA51,Switzerland,1790931237.0,1790931237,8.5408,47.4651,,True,6.94,334.69,,,,,False,0
4381,7c6c9c,NWK1609,Australia,1790931232.0,1790931232,121.4582,-30.7859,,True,0.0,59.06,,,,,False,0
4382,7c6c9a,JST788,Australia,1790931226.0,1790931226,151.1878,-33.9498,,True,9.26,75.94,,,,,False,0
4383,e4910e,AZU8752,Brazil,1790931236.0,1790931236,-15.6763,30.6761,12192.0,False,218.71,28.67,0.0,,12839.7,,False,0
4384,390908,FGCII,France,1790931083.0,1790931085,5.8165,46.0164,876.3,False,62.26,169.53,0.0,,1066.8,,False,0
4385,060040,MAU851,Mauritius,1790931237.0,1790931237,28.5805,-25.9418,3063.24,False,189.93,271.86,-5.2,,3268.98,,False,0
4386,459433,OYEAS,Denmark,1790931234.0,1790931236,12.3866,56.9542,1394.46,False,78.6,10.94,0.0,,1562.1,2522,False,0
4387,842388,JAL322,Japan,1790931237.0,1790931237,136.721,34.5541,11887.2,False,249.14,151.11,0.0,,12565.38,7343,False,0
4388,4b5d89,GALA58,Switzerland,1790931237.0,1790931237,8.5421,47.4602,,True,15.95,275.62,,,,,False,0
4389,7c384f,LEP,Australia,1790931236.0,1790931236,146.2229,-37.1438,10302.24,False,237.99,236.55,-12.68,,10469.88,4206,False,0
4390,a0b7de,UAL2278,United States,1790931236.0,1790931237,-101.8789,43.4897,10660.38,False,269.21,95.37,0.0,,11102.34,,False,0
4391,424765,,United Kingdom,1790931236.0,1790931236,37.7732,-2.444,13106.4,False,245.95,313.98,0.0,,13815.06,,False,0
4392,a4bbde,DAL48,United States,1790931236.0,1790931236,-5.1225,53.4476,11887.2,False,259.43,91.93,0.0,,12062.46,6253,False,0
4393,a0b7fa,UAL2102,United States,1790931237.0,1790931237,-102.8444,38.6691,10668.0,False,237.19,76.33,0.0,,11216.64,5731,False,0
4394,a91535,UAL1958,United States,1790931237.0,1790931237,-90.5783,42.4753,10347.96,False,264.33,93.24,-5.2,,10736.58,,False,0
4395,aa9bb7,AMX007,United States,1790931237.0,1790931237,-76.8657,44.0703,11887.2,False,297.66,57.13,-0.33,,12390.12,2653,False,0
4396,ae6c7f,LICHEN5,United States,1790931233.0,1790931233,-147.6021,64.8317,,True,0.0,70.31,,,,,False,0
4397,a79898,DAL495,United States,1790931236.0,1790931236,-86.6243,34.4624,10919.46,False,239.5,107.5,-12.03,,11620.5,3235,False,0
4398,a96ea7,N707AZ,United States,1790931237.0,1790931237,7.8652,40.0454,2438.4,False,83.63,246.43,0.0,,2667.0,,False,0
4399,a5325b,DAL108,United States,1790931237.0,1790931237,-11.1941,44.5547,11582.4,False,243.29,128.13,0.0,,11948.16,5160,False,0
4400,ae10ba,TEDDY87,United States,1790931237.0,1790931237,-88.5101,36.1948,9448.8,False,262.11,66.15,0.0,,10035.54,2265,False,0
4401,4a91f8,SAS1692,Sweden,1790931237.0,1790931237,11.377,46.9556,11582.4,False,233.05,359.62,0.0,,12024.36,3732,False,0
4402,39093b,CABRIK,France,1790931237.0,1790931237,-4.4855,48.1994,30.48,False,26.93,43.45,0.33,,243.84,,False,0
4403,4951ca,TAP453,Portugal,1790931236.0,1790931236,-2.9476,45.9627,11277.6,False,211.71,224.8,0.0,,11673.84,1000,False,0
4404,4951d5,TAP7AB,Portugal,1790931237.0,1790931237,-3.6455,44.6921,10972.8,False,231.57,33.58,0.0,,11376.66,4726,False,0
4405,4951d6,TAP882,Portugal,1790931236.0,1790931236,7.1083,40.6783,10980.42,False,230.77,92.94,0.0,,11490.96,1000,False,0
4406,4951d8,TAP10MD,Portugal,1790931237.0,1790931237,-3.7548,40.0534,2636.52,False,143.25,41.36,-7.15,,2895.6,4416,False,0
4407,408000,EZY25RW,United Kingdom,1790931236.0,1790931236,0.0519,50.9898,9144.0,False,196.15,305.61,0.0,,9464.04,0667,False,0
4408,4951d1,TAP1702,Portugal,1790931237.0,1790931237,-10.3461,39.923,9867.9,False,249.44,42.41,-18.86,,10378.44,4401,False,0
4409,4951d2,TAP752,Portugal,1790931237.0,1790931237,7.809,53.7576,11376.66,False,247.05,51.34,-1.95,,11658.6,2343,False,0
4410,399452,VLJ863Y,France,1790931237.0,1790931237,13.3341,43.3943,11582.4,False,215.33,304.49,0.33,,12024.36,5502,False,0
4411,40097d,BAW862U,United Kingdom,1790931237.0,1790931237,12.2838,49.7312,11277.6,False,231.36,103.11,0.0,,11704.32,3410,False,0
4412,7821bc,CHH7055,China,1790931237.0,1790931237,113.3526,22.8539,10088.88,False,235.42,112.75,0.0,,10789.92,,False,0
4413,a0ed93,N159WA,United States,1790931236.0,1790931236,16.2386,47.9863,289.56,False,39.85,219.24,-1.63,,502.92,,False,0
4414,ab0e54,DAL73,United States,1790931237.0,1790931237,3.1411,52.9962,6339.84,False,211.59,286.67,5.2,,6591.3,2105,False,0
4415,45d1f4,FHUBC,Denmark,1790931236.0,1790931236,4.4176,44.439,1684.02,False,59.52,345.48,-1.63,,1897.38,3440,False,0
4416,400981,SHT18M,United Kingdom,1790931237.0,1790931237,-2.2482,57.2697,381.0,False,65.73,157.45,-3.25,,518.16,6621,False,0
4417,a71d34,ASA398,United States,1790931234.0,1790931237,-149.9857,61.1742,,True,0.0,163.12,,,,,False,0
4418,a0b7fb,UAL2307,United States,1790931217.0,1790931236,-81.3155,28.4263,,True,0.0,132.19,,,,,False,0
4419,440ca9,EJU91BJ,Austria,1790931081.0,1790931081,-0.1718,51.1525,,True,2.31,78.75,,,,,False,0
4420,40095d,BAW53PZ,United Kingdom,1790930977.0,1790930979,-0.4862,51.4736,-114.3,True,0.0,270.0,,,,5711,False,0
4421,a0ed6e,UPS1276,United States,1790931237.0,1790931237,-80.9968,37.4199,9144.0,False,252.63,101.63,-5.2,,9723.12,2132,False,0
4422,a10d7f,UPS602,United States,1790931236.0,1790931236,-88.0508,41.7376,2103.12,False,135.6,294.43,-12.35,,2164.08,,False,0
4423,3c0cb2,TUI7GM,Germany,1790931236.0,1790931236,22.5148,38.1788,10965.18,False,220.01,330.44,0.0,,11155.68,2013,False,0
4424,a411d3,UPS208,United States,1790931237.0,1790931237,-73.6992,41.696,3383.28,False,148.04,251.57,-2.6,,3482.34,0710,False,0
4425,408032,EXS77RN,United Kingdom,1790931236.0,1790931236,-15.3706,31.1599,11285.22,False,239.61,208.33,0.0,,11902.44,,False,0
4426,3c0caa,TUI6MB,Germany,1790931236.0,1790931236,14.6383,46.4357,10972.8,False,224.31,327.08,0.0,,11407.14,2061,False,0
4427,392ae2,AFR75VN,France,1790931237.0,1790931237,2.5817,49.1837,3368.04,False,155.72,252.7,-4.88,,3627.12,1000,False,0
4428,4844af,P4RMS,Kingdom of the Netherlands,1790930964.0,1790930965,4.1034,48.7868,243.84,False,61.85,101.03,-3.58,,457.2,1000,False,0
4429,a08a8f,FDX204,United States,1790931235.0,1790931237,-75.4875,9.3198,10972.8,False,231.03,358.85,0.0,,11719.56,1410,False,0
4430,392ae6,AFR29AZ,France,1790931237.0,1790931237,5.6184,44.4099,11269.98,False,237.66,139.83,0.0,,11757.66,1000,False,0
4431,392ae7,AFR93QK,France,1790931237.0,1790931237,3.8174,45.6216,11269.98,False,227.85,158.82,0.0,,11711.94,1000,False,0
4432,392ae8,AFR48NX,France,1790931237.0,1790931237,-8.2245,42.0964,6858.0,False,218.02,33.35,7.48,,7239.0,1000,False,0
4433,392ae9,AFR53UR,France,1790931237.0,1790931237,0.7116,48.2091,5486.4,False,192.81,55.0,0.0,,5806.44,1000,False,0
4434,408023,GUAPS,United Kingdom,1790931237.0,1790931237,0.5621,51.2093,259.08,False,54.54,305.79,-0.33,,449.58,7000,False,0
4435,392af2,AFR12HA,France,1790931237.0,1790931237,11.6328,45.4271,11285.22,False,231.03,134.01,0.0,,11734.8,7554,False,0
4436,392af8,AFR27PQ,France,1790931236.0,1790931237,11.5105,42.3261,4053.84,False,183.01,121.9,-10.73,,4373.88,1000,False,0
4437,a8e247,DAL787,United States,1790931237.0,1790931237,-92.3958,32.7696,11277.6,False,252.29,92.34,0.33,,11963.4,7347,False,0
4438,ace5bd,AVA155,United States,1790931236.0,1790931236,-60.8969,-32.6087,11277.6,False,239.31,161.84,0.0,,11582.4,,False,0
4439,392aef,AFR68LX,France,1790931237.0,1790931237,1.9344,47.5171,8831.58,False,229.03,191.01,0.0,,9235.44,1000,False,0
4440,392aee,AFR51YQ,France,1790931237.0,1790931237,10.639,42.5741,10668.0,False,247.52,132.98,0.0,,11140.44,1000,False,0
4441,aa305f,AAL95,United States,1790931237.0,1790931237,-5.9058,40.545,9448.8,False,238.65,277.43,0.0,,9913.62,6022,False,0
4442,440d84,OEFEE,Austria,1790931236.0,1790931236,12.5165,43.1058,198.12,False,52.06,11.98,4.88,,388.62,,False,0
4443,440d85,OEDDA,Austria,1790931237.0,1790931237,12.4554,43.0188,1691.64,False,62.82,27.82,0.0,,1912.62,,False,0
4444,440d86,OEDDC,Austria,1790931220.0,1790931220,12.7172,43.0834,2575.56,False,62.57,45.0,0.0,,2819.4,,False,0
4445,440d6e,EJU45PK,Austria,1790931236.0,1790931236,-13.201,37.0069,11285.22,False,215.07,214.87,-0.33,,11818.62,3737,False,0
4446,a05648,UAL125,United States,1790931181.0,1790931181,17.1281,42.8449,9753.6,False,248.02,308.94,0.33,,10126.98,,False,0
4447,3c5099,NGN490,Germany,1790931209.0,1790931229,29.5361,37.559,10660.38,False,232.6,145.36,0.0,,10888.98,7716,False,0
4448,3dd37c,DHAIM,Germany,1790931236.0,1790931236,-2.7132,53.3967,213.36,False,46.92,232.13,0.98,,350.52,,False,0
4449,86d9da,JAL723,Japan,1790931236.0,1790931237,103.0944,3.3822,10005.06,False,267.48,259.36,-14.96,,10728.96,,False,0
4450,440d70,AUA33V,Austria,1790931237.0,1790931237,10.3986,50.407,11574.78,False,219.99,289.54,0.0,,11971.02,3542,False,0
4451,440d71,AUA33YZ,Austria,1790931237.0,1790931237,3.1632,50.9567,11468.1,False,248.11,100.63,4.23,,11795.76,4650,False,0
4452,a95d42,PRY03,United States,1790931237.0,1790931237,-86.047,38.4504,3642.36,False,65.54,312.46,0.98,,3787.14,,False,0
4453,49529a,TAP48N,Portugal,1790931236.0,1790931237,1.8774,43.425,10972.8,False,249.4,63.01,0.0,,11430.0,1000,False,0
4454,a11fc1,UAL2416,United States,1790931236.0,1790931236,-114.4175,40.8958,10668.0,False,259.68,67.4,0.0,,11186.16,,False,0
4455,440d8a,OEDDJ,Austria,1790931237.0,1790931237,13.9967,42.6817,1844.04,False,56.75,314.27,-1.3,,2065.02,,False,0
4456,495297,TAP49L,Portugal,1790931236.0,1790931237,-4.2809,41.7075,10363.2,False,235.5,68.87,0.65,,10789.92,5465,False,0
4457,495299,TAP1310,Portugal,1790931237.0,1790931237,-2.1773,53.5525,1242.06,False,121.52,108.51,-3.9,,1409.7,7457,False,0
4458,495290,TAP640,Portugal,1790931237.0,1790931237,3.7226,50.7307,4808.22,False,186.71,40.98,-7.48,,5082.54,1000,False,0
4459,a6b4ac,IFL531,United States,1790931237.0,1790931237,-99.007,28.4257,7383.78,False,193.13,24.72,4.88,,7840.98,,False,0
4460,a6c7cf,N536ME,United States,1790931236.0,1790931236,-79.9354,40.4763,594.36,False,46.35,8.94,0.0,,594.36,,False,0
4461,440d35,AOJ76R,Austria,1790931205.0,1790931205,0.0357,51.3239,,True,0.0,194.06,,,,,False,0
4462,440d39,JVW224,Austria,1790931237.0,1790931237,8.4479,48.3468,9928.86,False,210.42,180.7,-5.85,,10332.72,1000,False,0
4463,400944,LOG25CH,United Kingdom,1790931225.0,1790931233,-4.4195,55.8793,,True,0.0,230.62,,,,,False,0
4464,495278,LOT5N,Portugal,1790931236.0,1790931236,-0.0251,57.0826,11277.6,False,260.25,98.75,0.0,,11391.9,1166,False,0
4465,40092b,LOG8BI,United Kingdom,1790931237.0,1790931237,-4.4312,56.6564,7010.4,False,197.98,18.48,0.0,,7155.18,1430,False,0
4466,400935,BAW926C,United Kingdom,1790931237.0,1790931237,2.0632,51.0191,9936.48,False,245.58,101.97,8.13,,10241.28,3416,False,0
4467,a2f939,N291AH,United States,1790931237.0,1790931237,-2.9403,54.7146,9144.0,False,158.25,330.6,-0.33,,9319.26,6012,False,0
4468,440d56,OEAOG,Austria,1790931232.0,1790931237,14.3391,48.1395,,True,0.06,185.62,,,,,False,0
4469,a30615,YEL94,United States,1790931219.0,1790931224,-95.8672,41.2788,342.9,False,59.27,323.83,-3.25,,403.86,,False,0
4470,a0566a,UAL945,United States,1790931236.0,1790931236,-4.5555,57.7589,10355.58,False,257.52,310.79,-0.33,,10401.3,0636,False,0
4471,4baada,THY3TC,Turkey,1790931236.0,1790931236,35.5083,38.3329,10972.8,False,221.65,311.24,-0.33,,11239.5,,False,0
4472,484597,PHHHK,Kingdom of the Netherlands,1790930995.0,1790930995,5.5794,52.2293,-114.3,False,32.7,160.71,-1.63,,152.4,,False,0
4473,7105b2,SVA123,Saudi Arabia,1790931237.0,1790931237,23.1399,38.7874,10965.18,False,227.9,327.35,-0.33,,11163.3,2010,False,0
4474,a80941,FDX148,United States,1790931237.0,1790931237,-87.7215,37.6941,11292.84,False,263.69,38.35,0.0,,11948.16,1516,False,0
4475,7105b1,SVA127,Saudi Arabia,1790931232.0,1790931234,26.1233,34.7404,11582.4,False,243.69,321.94,0.0,,11826.24,,False,0
4476,a4cfe0,UPS1328,United States,1790931237.0,1790931237,-79.1874,29.6809,12192.0,False,240.27,192.49,0.0,,12885.42,,False,0
4477,4007ef,BAW38W,United Kingdom,1790931236.0,1790931236,-2.643,50.7033,8587.74,False,230.34,81.65,-9.43,,8884.92,4215,False,0
4478,4007ed,BAW2231,United Kingdom,1790931237.0,1790931237,100.7976,13.831,830.58,False,96.7,194.48,-4.23,,838.2,5170,False,0
4479,78101d,LKE9556,China,1790930959.0,1790930959,118.5052,41.5329,9174.48,False,195.41,232.16,0.0,,9372.6,,False,0
4480,a54650,UAL1866,United States,1790931233.0,1790931233,-111.5046,37.7153,10668.0,False,235.1,106.13,0.0,,11269.98,,False,0
4481,495245,SAT436,Portugal,1790931053.0,1790931053,-25.7586,37.7118,1470.66,False,85.12,292.38,8.78,,1645.92,,False,0
4482,495246,RZO169,Portugal,1790931236.0,1790931236,-25.2455,37.7169,7315.2,False,142.99,302.66,0.33,,7780.02,,False,0
4483,782368,CSN696,China,1790931139.0,1790931217,124.1073,37.2244,8397.24,False,204.13,295.21,0.0,,8755.38,7325,False,0
4484,a1c66a,UAL418,United States,1790931236.0,1790931237,-100.4276,36.4137,11887.2,False,264.76,75.83,0.0,,12481.56,1076,False,0
4485,78235f,CCA483,China,1790931143.0,1790931220,102.0141,3.3572,4244.34,False,158.62,198.14,-5.85,,4480.56,,False,0
4486,78102b,CSN604,China,1790931084.0,1790931084,113.9146,22.3044,,True,4.89,250.31,,,,,False,0
4487,a0306c,FDX1865,United States,1790931222.0,1790931233,-122.217,37.7184,,True,0.0,39.38,,,,6666,False,0
4488,3d2e96,DEPWW,Germany,1790931237.0,1790931237,8.4784,48.9252,1783.08,False,42.82,38.66,3.58,,2034.54,3702,False,0
4489,a7e93b,FFT3216,United States,1790931237.0,1790931237,-112.9091,34.559,10058.4,False,244.97,88.44,0.0,,10622.28,1014,False,0
4490,781044,CES6331,China,1790931233.0,1790931235,112.547,22.5807,9784.08,False,242.46,201.67,0.0,,10439.4,,False,0
4491,ab6316,SWA3429,United States,1790931236.0,1790931236,-111.0029,33.7819,6195.06,False,220.08,66.73,6.83,,6530.34,,False,0
4492,49521a,TAP70YS,Portugal,1790931237.0,1790931237,-7.3168,39.8399,9814.56,False,236.23,47.03,4.88,,10287.0,4732,False,0
4493,4baac9,THY642,Turkey,1790931236.0,1790931236,24.5733,36.7814,7010.4,False,206.16,51.59,0.0,,7193.28,,False,0
4494,a5465d,UPS838,United States,1790931237.0,1790931237,-96.0875,41.2866,11582.4,False,220.47,283.91,-0.33,,12001.5,6750,False,0
4495,4baac7,THY41Q,Turkey,1790931237.0,1790931237,23.3358,40.7826,9448.8,False,207.12,80.42,0.0,,9685.02,,False,0
4496,4baac5,THY4ZA,Turkey,1790931236.0,1790931236,41.5627,40.7764,9959.34,False,203.15,279.92,1.95,,10226.04,0710,False,0
4497,4baac6,THY1BC,Turkey,1790931237.0,1790931237,8.1206,50.6835,5471.16,False,203.62,132.03,12.68,,5768.34,7646,False,0
4498,4baad4,THY1748,Turkey,1790931237.0,1790931237,28.0916,41.1097,2956.56,False,141.66,182.91,-0.98,,3108.96,2274,False,0
4499,4baad5,THY7BM,Turkey,1790931237.0,1790931237,28.9337,40.844,1188.72,False,141.95,220.44,-6.83,,1333.5,5152,False,0
4500,78103e,CCA939,China,1790931237.0,1790931237,88.7854,54.7958,9753.6,False,240.13,303.55,0.0,,9867.9,,False,0
4501,4baad0,THY3PX,Turkey,1790931233.0,1790931236,31.6734,40.6219,10287.0,False,227.76,288.03,-4.55,,10492.74,,False,0
4502,0d0ba3,VIV5074,Mexico,1790931207.0,1790931216,-110.7596,28.3565,11269.98,False,244.3,129.96,0.0,,11978.64,,False,0
4503,151d9a,AFL526,Russian Federation,1790931041.0,1790931234,37.4097,55.9759,,True,4.63,92.81,,,,,False,0
4504,4baacc,THY2FL,Turkey,1790931231.0,1790931232,29.7703,39.146,9014.46,False,216.4,159.11,-10.73,,9227.82,5115,False,0
4505,7105ae,SVA845,Saudi Arabia,1790931236.0,1790931236,100.5736,13.7746,3436.62,False,183.05,346.51,5.53,,3611.88,,False,0
4506,7105ad,SVA119,Saudi Arabia,1790931237.0,1790931237,21.3708,40.8469,12184.38,False,230.28,314.37,-0.33,,12451.08,0621,False,0
4507,4baacb,THY4CP,Turkey,1790931230.0,1790931230,32.2188,40.201,10668.0,False,237.43,105.84,0.0,,10866.12,,False,0
4508,4baad6,THY8HP,Turkey,1790931236.0,1790931237,13.7379,56.0523,10736.58,False,219.68,143.67,5.2,,11079.48,4514,False,0
4509,a28336,FDX1461,United States,1790931237.0,1790931237,-87.5681,33.038,11277.6,False,242.95,130.71,0.0,,11978.64,1527,False,0
4510,495218,TAP5DL,Portugal,1790931237.0,1790931237,-3.0148,45.3472,10972.8,False,239.42,33.96,0.0,,11369.04,4643,False,0
4511,ac2cb2,AAL995,United States,1790931236.0,1790931236,-54.1351,-12.3687,12496.8,False,250.06,185.31,-0.33,,13220.7,,False,0
4512,151d98,AFL769,Russian Federation,1790930377.0,1790931236,39.6842,41.769,10668.0,False,223.39,333.32,0.0,,11178.54,5153,False,0
4513,75869f,CEB922,Philippines,1790931236.0,1790931236,130.0423,32.7143,6576.06,False,198.37,347.87,-9.43,,7002.78,,False,0
4514,48455a,KLM87R,Kingdom of the Netherlands,1790931237.0,1790931237,6.1509,53.1541,9585.96,False,247.66,39.78,7.15,,9875.52,1000,False,0
4515,495212,TAP62JR,Portugal,1790931236.0,1790931236,-6.797,40.4802,10363.2,False,233.66,36.95,0.33,,10850.88,3372,False,0
4516,48455e,KLM758,Kingdom of the Netherlands,1790931237.0,1790931237,-7.3406,50.7503,11277.6,False,265.17,77.91,0.0,,11513.82,6250,False,0
4517,495213,TAP11SV,Portugal,1790931236.0,1790931236,-7.5962,37.199,6400.8,False,210.93,292.06,0.0,,6758.94,2632,False,0
4518,495214,TAP13J,Portugal,1790931237.0,1790931237,-5.9852,53.4049,952.5,False,93.11,276.03,-5.2,,1082.04,7460,False,0
4519,495215,TAP874H,Portugal,1790931209.0,1790931209,10.935,43.4999,1798.32,False,113.3,228.13,-3.9,,2141.22,1000,False,0
4520,4baace,THY8NL,Turkey,1790931236.0,1790931237,29.0444,40.9247,2956.56,False,138.96,243.62,0.0,,3108.96,,False,0
4521,495216,TAP868,Portugal,1790931237.0,1790931237,7.0834,43.5896,10972.8,False,243.23,64.57,-0.33,,11460.48,1000,False,0
4522,48455f,KLM248,Kingdom of the Netherlands,1790931237.0,1790931237,-13.6235,53.9718,11277.6,False,271.39,92.61,0.33,,11315.7,,False,0
4523,484559,KLM1365,Kingdom of the Netherlands,1790931236.0,1790931237,7.7898,51.8131,11056.62,False,244.85,109.01,3.9,,11384.28,1000,False,0
4524,484558,KLM39J,Kingdom of the Netherlands,1790931236.0,1790931237,8.388,50.2393,11887.2,False,240.48,131.7,0.0,,12245.34,1000,False,0
4525,78105c,RLH6548,China,1790930958.0,1790930959,118.6644,41.2488,11003.28,False,175.6,257.31,0.0,,11216.64,,False,0
4526,484556,KLM49L,Kingdom of the Netherlands,1790931237.0,1790931237,10.5044,48.9765,7612.38,False,214.68,133.64,-4.88,,8001.0,1000,False,0
4527,380b7a,,France,1790931235.0,1790931236,1.3643,43.6182,,True,0.0,272.81,,,,,False,0
4528,484560,KLM226,Kingdom of the Netherlands,1790931236.0,1790931237,-1.1548,53.4414,11277.6,False,262.41,108.75,0.0,,11490.96,6306,False,0
4529,760993,PIA248,Pakistan,1790931227.0,1790931235,50.4069,26.682,4716.78,False,189.1,74.38,9.1,,4991.1,3103,False,0
4530,485873,KLC24J,Kingdom of the Netherlands,1790931236.0,1790931236,7.9571,51.4026,9144.0,False,235.35,330.97,-0.33,,9509.76,1000,False,0
4531,485870,KLC1817,Kingdom of the Netherlands,1790931057.0,1790931057,8.566,50.0332,,True,14.4,70.31,,,,1000,False,0
4532,85db54,ANA2177,Japan,1790931237.0,1790931237,140.3917,35.7864,,True,3.86,337.5,,,,,False,0
4533,4247b6,VPCFK,United Kingdom,1790931226.0,1790931231,10.5484,52.3158,,True,0.19,174.38,,,,,False,0
4534,151d4a,AZV3061,Russian Federation,1790930490.0,1790931236,44.2761,43.1782,10363.2,False,4.12,0.0,0.0,,9403.08,1140,False,0
4535,aa8a8a,TAI529,United States,1790931237.0,1790931237,-111.3886,30.279,10675.62,False,262.41,121.7,0.0,,11300.46,7363,False,0
4536,a7e906,DAL2069,United States,1790931237.0,1790931237,-86.233,32.1411,10668.0,False,233.17,118.32,0.0,,11338.56,5421,False,0
4537,75864e,RP3386,Philippines,1790930924.0,1790930924,120.8223,14.3262,76.2,False,15.44,88.09,-4.55,,129.54,,False,0
4538,781096,CSN6312,China,1790930959.0,1790930959,118.0559,39.7545,10698.48,False,256.69,61.38,0.0,,11003.28,,False,0
4539,ace62a,FDX1764,United States,1790931237.0,1790931237,-86.0393,39.7009,3619.5,False,207.78,43.5,6.5,,3749.04,,False,0
4540,78108c,CES539,China,1790931236.0,1790931236,139.9806,35.255,1592.58,False,102.95,347.01,-4.88,,1691.64,4430,False,0
4541,4b5c21,ZEBRA8,Switzerland,1790931236.0,1790931236,8.5527,47.445,,True,8.23,64.69,,,,,False,0
4542,4ca9c1,RYR53YN,Ireland,1790931237.0,1790931237,9.5467,49.9648,11582.4,False,220.15,279.55,0.0,,11963.4,1000,False,0
4543,4ca9c3,RYR7HC,Ireland,1790931237.0,1790931237,0.1323,45.1759,10363.2,False,216.26,209.19,0.33,,10789.92,5602,False,0
4544,4ca9aa,RYR87AA,Ireland,1790930963.0,1790930964,9.727,45.6642,114.3,False,78.74,284.76,-3.25,,304.8,3601,False,0
4545,a7d673,DAL822,United States,1790931236.0,1790931236,-82.323,36.9053,10058.4,False,259.48,87.73,0.0,,10698.48,7203,False,0
4546,4ca9d1,RYR17PP,Ireland,1790931209.0,1790931209,7.6461,45.1971,,True,5.14,255.94,,,,5233,False,0
4547,4ca9d3,RYR19HB,Ireland,1790931237.0,1790931237,0.2319,44.3337,10972.8,False,234.4,343.55,0.0,,11430.0,5521,False,0
4548,4ca9ba,EIN524,Ireland,1790931231.0,1790931231,-6.2455,53.422,,True,4.89,270.0,,,,,False,0
4549,4ca9bb,EIN108,Ireland,1790931237.0,1790931237,-12.5133,53.753,10294.62,False,250.64,100.53,-4.88,,10347.96,,False,0
4550,c8216e,ANZ459,New Zealand,1790931236.0,1790931236,174.7422,-41.4623,822.96,False,99.72,84.67,-3.58,,929.64,5203,False,0
4551,4b5c41,DIANA1,Switzerland,1790931237.0,1790931237,8.5659,47.4584,,True,12.86,135.0,,,,,False,0
4552,48ef35,SPSMJ,Poland,1790931237.0,1790931237,16.7774,52.4991,342.9,False,52.88,340.68,2.93,,525.78,,False,0
4553,aa435b,AAL1445,United States,1790931227.0,1790931235,-90.3631,38.7428,,True,0.0,191.25,,,,4563,False,0
4554,a8f63b,FDX1473,United States,1790931237.0,1790931237,-89.1447,35.2961,6804.66,False,248.17,53.34,6.83,,7178.04,1546,False,0
4555,485814,KLC73Y,Kingdom of the Netherlands,1790931237.0,1790931237,7.5949,45.134,3429.0,False,181.06,138.11,-18.86,,3710.94,1000,False,0
4556,44d872,OOVCR,Belgium,1790931237.0,1790931237,4.8356,51.0609,297.18,False,47.85,90.62,0.0,,502.92,2000,False,0
4557,3a3718,FONYY,France,1790931237.0,1790931237,151.8496,-33.7901,7063.74,False,149.72,50.02,8.13,,7406.64,1346,False,0
4558,7585b3,APG218,Philippines,1790931236.0,1790931236,121.1639,14.5888,891.54,False,99.29,240.51,-6.5,,967.74,,False,0
4559,4b5c1a,GUSTI2,Switzerland,1790931232.0,1790931232,8.5615,47.4487,,True,2.83,334.69,,,,,False,0
4560,782316,CCA810,China,1790930957.0,1790930958,117.7559,41.1363,5364.48,False,185.83,233.67,-5.53,,5516.88,,False,0
4561,a7d635,N604BA,United States,1790931237.0,1790931237,12.3074,44.822,10972.8,False,233.54,295.72,-0.33,,11422.38,4131,False,0
4562,a1fb1a,ATN3300,United States,1790931236.0,1790931236,-122.091,37.5041,1249.68,False,118.86,281.99,-3.9,,1264.92,0530,False,0
4563,4b5c4f,FLORIAN3,Switzerland,1790930982.0,1790930982,8.5526,47.4454,,True,0.06,208.12,,,,,False,0
4564,4ca9eb,RYR39DE,Ireland,1790931236.0,1790931236,-4.0674,42.3208,11277.6,False,226.11,186.14,0.0,,11719.56,0537,False,0
4565,782327,,China,1790930925.0,1790930925,115.6354,38.3948,10698.48,False,245.25,26.4,0.33,,11079.48,,False,0
4566,3dd2c9,GAM399A,Germany,1790931237.0,1790931237,9.0623,52.3468,60.96,False,52.45,158.72,-0.65,,266.7,,False,0
4567,151d9e,AFL2126,Russian Federation,1790931227.0,1790931227,37.4036,55.9769,,True,0.9,78.75,,,,,False,0
4568,48dc34,SPYBW,Poland,1790931221.0,1790931221,20.0576,52.1234,289.56,False,33.18,150.26,-0.33,,487.68,,False,0
4569,e4904c,AZU8800,Brazil,1790931237.0,1790931237,-8.6637,40.9432,1325.88,False,124.07,43.82,-3.9,,1516.38,6204,False,0
4570,782328,CSN3602,China,1790930958.0,1790930958,117.1738,39.8515,9776.46,False,210.98,215.47,0.0,,10066.02,,False,0
4571,4ca9e7,NOS556,Ireland,1790931237.0,1790931237,1.3627,41.7113,10660.38,False,252.66,293.9,-0.33,,11148.06,4050,False,0
4572,a4009e,UPS1152,United States,1790931237.0,1790931237,-82.1619,39.3631,8526.78,False,277.44,52.0,-6.18,,8976.36,6755,False,0
4573,781009,CCA1397,China,1790931234.0,1790931234,113.0978,22.5001,2293.62,False,134.63,151.97,-4.55,,2423.16,,False,0
4574,a09e70,UPS1142,United States,1790931236.0,1790931236,-82.2486,40.3882,9448.8,False,278.65,44.85,0.0,,9966.96,6723,False,0
4575,4ca9cf,RYR3CE,Ireland,1790931227.0,1790931234,-8.6733,41.2363,,True,0.0,168.75,,,,4705,False,0
4576,4ca9cc,RYR45CN,Ireland,1790931237.0,1790931237,6.3655,50.2585,10972.8,False,240.88,26.78,0.0,,11346.18,1000,False,0
4577,aaffa2,AAL116,United States,1790931237.0,1790931237,-114.4931,33.8029,12489.18,False,272.24,83.71,-0.33,,13182.6,3715,False,0
4578,3d82fb,DFVVV,Germany,1790931237.0,1790931237,7.1115,48.4318,8839.2,False,140.84,156.99,0.0,,9258.3,4107,False,0
4579,3dd2cd,GAM699A,Germany,1790931235.0,1790931236,9.2366,52.5276,7.62,False,45.05,276.56,0.65,,213.36,0033,False,0
4580,3dd2ce,GAM630A,Germany,1790931236.0,1790931237,9.0891,52.2954,68.58,False,56.36,95.76,-0.98,,274.32,,False,0
4581,a95ca4,GTI8608,United States,1790931237.0,1790931237,128.0699,32.654,9525.0,False,223.39,247.1,-4.55,,10119.36,7045,False,0
4582,a042d5,DAL764,United States,1790931237.0,1790931237,-87.2264,40.2743,11285.22,False,282.95,72.65,0.33,,11849.1,2060,False,0
4583,3c0bd2,DATMJ,Germany,1790931139.0,1790931139,14.4814,41.1786,3649.98,False,121.8,51.0,-4.55,,3924.3,3075,False,0
4584,4601f5,FIN80U,Finland,1790931237.0,1790931237,24.9984,58.5538,5791.2,False,134.8,180.87,0.0,,6111.24,4304,False,0
4585,4601f4,FIN2NP,Finland,1790931237.0,1790931237,24.8598,60.4304,434.34,False,87.2,153.74,-1.63,,617.22,1275,False,0
4586,a8f9f2,FDX1526,United States,1790931237.0,1790931237,-89.7846,34.5428,5600.7,False,220.13,159.19,14.63,,5905.5,1576,False,0
4587,4601f8,FIN88T,Finland,1790931237.0,1790931237,21.8012,60.3773,5798.82,False,142.32,86.06,0.33,,6103.62,1222,False,0
4588,4601f7,FIN515,Finland,1790931236.0,1790931236,24.6517,60.9676,4884.42,False,109.14,357.84,3.25,,5158.74,0450,False,0
4589,e49889,GLO2031,Brazil,1790931236.0,1790931236,-43.739,-22.2409,4572.0,False,139.63,166.58,0.65,,4808.22,,False,0
4590,382dba,H160G,France,1790931237.0,1790931237,5.1679,43.544,121.92,False,48.12,276.14,-0.33,,297.18,5433,False,0
4591,4854cb,TRA26F,Kingdom of the Netherlands,1790931237.0,1790931237,-1.3308,44.1836,11582.4,False,245.51,25.71,0.0,,12009.12,1000,False,0
4592,e4988d,GLO1567,Brazil,1790931082.0,1790931082,-45.4479,-15.7374,12192.0,False,237.15,176.27,0.0,,12908.28,,False,0
4593,425952,SQUID27,United Kingdom,1790931211.0,1790931211,-0.4702,51.4746,,True,2.83,106.88,,,,,False,0
4594,7822f1,CES5392,China,1790931236.0,1790931236,113.8201,22.6117,4511.04,False,150.99,356.68,0.0,,4785.36,,False,0
4595,4854cd,TRA5276,Kingdom of the Netherlands,1790931236.0,1790931236,2.6738,49.9463,10614.66,False,254.51,40.0,-5.85,,10972.8,1000,False,0
4596,4601fb,FIN2EZ,Finland,1790931237.0,1790931237,24.9336,60.3604,68.58,False,59.13,152.54,-6.83,,281.94,6512,False,0
4597,4867eb,TRA78Z,Kingdom of the Netherlands,1790931237.0,1790931237,22.7559,40.6062,10355.58,False,208.57,340.85,0.0,,10607.04,2053,False,0
4598,4867ec,TRA55J,Kingdom of the Netherlands,1790931236.0,1790931236,-2.2972,46.1079,10660.38,False,217.39,222.41,0.0,,11079.48,2141,False,0
4599,4bab2e,THY6LD,Turkey,1790931236.0,1790931237,24.3098,43.7039,10668.0,False,213.82,139.49,0.0,,10934.7,1422,False,0
4600,a6ef7d,LBQ612,United States,1790931236.0,1790931236,-95.1209,38.233,5151.12,False,140.78,16.78,-8.78,,5379.72,0501,False,0
4601,4bab2c,THY1272,Turkey,1790931237.0,1790931237,26.2372,44.2131,10675.62,False,223.49,143.9,0.0,,10942.32,2230,False,0
4602,4bab2d,THY6DT,Turkey,1790931234.0,1790931234,28.767,41.3156,678.18,False,95.19,40.84,7.8,,,,False,0
4603,4841a9,TRA92R,Kingdom of the Netherlands,1790931236.0,1790931237,1.4911,42.5722,11582.4,False,244.8,353.73,0.0,,12062.46,1000,False,0
4604,43ea9a,MCVGL,United Kingdom,1790931236.0,1790931236,28.2324,44.1852,12504.42,False,246.57,128.9,-0.33,,12702.54,3407,False,0
4605,4841a5,TRA64R,Kingdom of the Netherlands,1790931237.0,1790931237,1.0672,44.0766,11582.4,False,239.07,355.06,0.0,,12047.22,1000,False,0
4606,4bab47,,Turkey,1790931236.0,1790931237,30.4297,37.5947,5615.94,False,186.41,166.27,-7.8,,5783.58,1012,False,0
4607,44c1e2,NM86,Belgium,1790931236.0,1790931236,4.5027,51.1412,449.58,False,58.17,272.03,0.0,,655.32,1402,False,0
4608,7c5c77,SJT,Australia,1790931232.0,1790931237,115.6912,-32.5506,1783.08,False,80.26,359.27,-1.95,,1851.66,,False,0
4609,4bab55,TKJ80T,Turkey,1790931237.0,1790931237,29.0441,40.7635,5334.0,False,204.94,286.48,14.96,,5486.4,,False,0
4610,7cac37,8AX,Australia,1790931237.0,1790931237,116.834,-33.251,3604.26,False,65.03,30.42,-6.83,,3710.94,1200,False,0
4611,84bd16,SFJ51,Japan,1790930951.0,1790930951,130.4632,33.5677,30.48,False,67.32,329.71,-4.23,,99.06,,False,0
4612,4bab56,TKJ7XM,Turkey,1790931237.0,1790931237,29.4478,40.3683,2697.48,False,137.57,323.52,-3.9,,2842.26,,False,0
4613,aaba81,SCX3086,United States,1790931236.0,1790931236,-102.2189,36.5878,10668.0,False,226.25,65.12,0.0,,11216.64,,False,0
4614,490d0e,NJE684E,Portugal,1790931237.0,1790931237,1.3748,50.844,4610.1,False,175.59,318.09,-7.48,,4846.32,5743,False,0
4615,a523c6,GTI8775,United States,1790931236.0,1790931236,133.2305,36.0508,12192.0,False,199.02,264.36,0.0,,12763.5,6154,False,0
4616,7cac8d,BMBR615,Australia,1790931237.0,1790931237,115.805,-32.0939,320.04,False,89.51,90.0,-2.6,,342.9,0067,False,0
4617,c8280d,PLC1,New Zealand,1790931235.0,1790931235,174.8305,-36.9819,320.04,False,60.51,142.25,-1.3,,487.68,,False,0
4618,a5cf3f,UAL258,United States,1790931237.0,1790931237,-75.4966,39.77,5836.92,False,209.28,43.11,-9.75,,6164.58,4751,False,0
4619,490d06,NJE134R,Portugal,1790931235.0,1790931235,20.4612,40.586,13098.78,False,239.63,285.44,-0.33,,13357.86,5664,False,0
4620,490d04,NJE345N,Portugal,1790931237.0,1790931237,-0.8514,51.231,762.0,False,100.08,206.57,0.65,,960.12,2045,False,0
4621,490d02,NJE607R,Portugal,1790931223.0,1790931236,17.6721,55.0981,12496.8,False,235.2,167.88,0.33,,12832.08,4506,False,0
4622,7585e8,CEB358,Philippines,1790931237.0,1790931237,122.1547,12.4836,7185.66,False,215.04,325.63,18.86,,7650.48,,False,0
4623,4867c0,KLM35B,Kingdom of the Netherlands,1790931237.0,1790931237,1.6559,51.7499,7094.22,False,171.96,265.02,-5.53,,7376.16,7337,False,0
4624,4867c4,KLM66A,Kingdom of the Netherlands,1790931214.0,1790931214,4.733,52.3018,,True,13.89,182.81,,,,7337,False,0
4625,4867c2,KLM23N,Kingdom of the Netherlands,1790931236.0,1790931236,11.0612,55.8713,10668.0,False,247.95,47.44,0.0,,10995.66,0175,False,0
4626,c08852,POE266,Canada,1790931237.0,1790931237,-77.0501,45.9231,6347.46,False,214.25,117.92,-8.45,,6461.76,4554,False,0
4627,3cd834,JEI353,Germany,1790931237.0,1790931237,9.5302,49.701,5410.2,False,182.13,147.93,-9.43,,5745.48,1275,False,0
4628,394dea,FGTPK,France,1790931237.0,1790931237,1.4688,44.6959,2316.48,False,62.64,14.26,-0.33,,2506.98,4567,False,0
4629,abda7d,FDX5217,United States,1790931234.0,1790931236,29.6034,41.6112,4785.36,False,173.44,258.19,-14.63,,4968.24,,False,0
4630,4867b0,TRA80E,Kingdom of the Netherlands,1790931236.0,1790931236,1.9138,49.0445,10972.8,False,252.72,32.78,0.0,,11338.56,5347,False,0
4631,758773,CEB571,Philippines,1790931236.0,1790931237,122.081,13.5109,8290.56,False,229.25,143.67,6.83,,8892.54,,False,0
4632,758769,CEB906,Philippines,1790931236.0,1790931236,121.7884,12.8456,6705.6,False,222.3,332.13,0.0,,7200.9,,False,0
4633,702f06,BS2,Bangladesh,1790931236.0,1790931236,90.4041,23.8439,,True,2.06,2.81,,,,,False,0
4634,75872c,CEB805,Philippines,1790931236.0,1790931236,104.1404,1.5719,1028.7,False,96.24,241.24,-3.58,,1104.9,2754,False,0
4635,3c0d0c,TUI123,Germany,1790931236.0,1790931236,22.7837,41.2301,11582.4,False,223.05,311.45,0.0,,11833.86,5370,False,0
4636,a70ea4,DAL579,United States,1790931237.0,1790931237,-104.3086,34.4996,10637.52,False,239.07,85.06,2.28,,11193.78,2041,False,0
4637,a16883,DAL676,United States,1790931237.0,1790931237,-96.9906,42.516,11277.6,False,251.11,80.92,0.0,,11673.84,,False,0
4638,758723,CEB774,Philippines,1790931237.0,1790931237,121.3522,13.7714,4991.1,False,164.65,358.93,-3.58,,5364.48,,False,0
4639,a0cbff,UPS1366,United States,1790931237.0,1790931237,-84.6723,33.7614,9624.06,False,241.25,169.43,-5.53,,10264.14,4027,False,0
4640,aa4903,AAL954,United States,1790931237.0,1790931237,-77.6503,28.4712,11277.6,False,235.33,357.49,0.0,,11971.02,6322,False,0
4641,70c105,OMA815,Oman,1790931236.0,1790931236,89.9867,17.59,12496.8,False,245.49,108.7,-0.33,,13228.32,4047,False,0
4642,a1427f,AAL2156,United States,1790931237.0,1790931237,-77.5046,41.1812,10050.78,False,271.71,91.41,0.0,,10530.84,0775,False,0
4643,e4851b,TAM3825,Brazil,1790931236.0,1790931237,-45.0449,-19.7209,10972.8,False,216.45,219.21,0.0,,11635.74,,False,0
4644,440a08,OEFJG,Austria,1790931237.0,1790931237,11.8108,44.9161,7018.02,False,113.72,236.81,0.0,,7429.5,7116,False,0
4645,3de585,IBIS2,Germany,1790931232.0,1790931235,9.4651,50.3103,411.48,False,60.27,39.81,0.0,,632.46,0036,False,0
4646,a32bba,AAL2453,United States,1790931233.0,1790931236,-103.6865,36.9311,10058.4,False,229.31,65.62,0.0,,10607.04,1065,False,0
4647,394f03,FGTYD,France,1790931236.0,1790931236,3.6056,46.2483,678.18,False,53.18,192.29,-5.85,,876.3,,False,0
4648,394f04,FGTYE,France,1790931074.0,1790931074,5.2628,45.3796,556.26,False,50.42,180.58,-2.6,,754.38,,False,0
4649,846d80,FDA505,Japan,1790931235.0,1790931235,135.9114,36.7939,11277.6,False,289.94,64.57,0.0,,11795.76,,False,0
4650,4b012b,JGH064,Switzerland,1790931237.0,1790931237,13.8333,46.3061,6400.8,False,146.94,126.03,0.0,,6751.32,1000,False,0
4651,70c122,OMA104,Oman,1790931237.0,1790931237,10.9641,48.5589,11887.2,False,252.09,118.66,-0.33,,12306.3,4637,False,0
4652,a33eda,UPS1172,United States,1790931237.0,1790931237,-82.863,38.7463,10066.02,False,270.54,71.25,0.0,,10607.04,5260,False,0
4653,a27567,MXY353,United States,1790931237.0,1790931237,-98.4307,31.1178,10668.0,False,253.06,98.89,0.0,,11315.7,7227,False,0
4654,7822d9,CCA134,China,1790931237.0,1790931237,126.9007,37.3992,9761.22,False,194.92,284.99,0.33,,10149.84,7016,False,0
4655,a870c5,N643EA,United States,1790931237.0,1790931237,-81.8438,31.1679,6713.22,False,115.92,194.65,-0.33,,7109.46,,False,0
4656,e49830,AZU4153,Brazil,1790931236.0,1790931236,-46.1309,-21.7609,8999.22,False,209.31,187.91,-4.23,,9509.76,,False,0
4657,abed37,GTI8676,United States,1790931236.0,1790931236,-101.8387,38.8427,9448.8,False,285.43,147.51,0.0,,9936.48,4155,False,0
4658,486897,KLM71N,Kingdom of the Netherlands,1790931236.0,1790931236,8.654,46.0545,10668.0,False,232.87,186.21,0.0,,11125.2,1000,False,0
4659,ac0bc4,UAL2097,United States,1790931205.0,1790931205,-103.1638,43.2774,11277.6,False,257.23,86.33,0.0,,11734.8,,False,0
4660,7c1474,QFA61,Australia,1790931232.0,1790931236,139.7921,32.3046,11582.4,False,247.45,352.59,0.0,,12367.26,,False,0
4661,78114b,CSN5457,China,1790931028.0,1790931033,113.0769,23.6858,8115.3,False,231.36,346.89,-0.65,,8663.94,0626,False,0
4662,ad2baa,JBU398,United States,1790931227.0,1790931227,-100.5948,46.741,10058.4,False,265.2,96.68,0.0,,10294.62,,False,0
4663,7c1472,QFA23,Australia,1790931237.0,1790931237,101.4021,12.6435,8953.5,False,238.75,327.41,-9.1,,9585.96,,False,0
4664,7c1465,QFA454,Australia,1790930804.0,1790931228,151.1731,-33.935,-91.44,False,56.81,167.98,0.33,,30.48,3630,False,0
4665,7c1468,QFA7536,Australia,1790931237.0,1790931237,137.2844,-30.1475,11887.2,False,300.24,109.83,0.0,,12359.64,,False,0
4666,78115d,CCA749,China,1790931234.0,1790931237,86.7014,55.5636,10972.8,False,231.98,301.86,0.0,,11056.62,,False,0
4667,4ca973,ITY1765,Ireland,1790931236.0,1790931236,11.3194,42.6399,10668.0,False,230.19,159.46,0.0,,11125.2,1000,False,0
4668,486869,PHGCD,Kingdom of the Netherlands,1790931237.0,1790931237,7.8687,50.813,2438.4,False,73.16,333.25,0.0,,2674.62,4126,False,0
4669,3918d9,FGGGZ,France,1790931237.0,1790931237,1.436,48.6138,731.52,False,29.81,158.75,0.33,,937.26,3702,False,0
4670,a44be5,UPS994,United States,1790931237.0,1790931237,-94.7428,41.5596,10980.42,False,218.53,289.67,0.0,,11399.52,,False,0
4671,77044c,ALK127,Sri Lanka,1790931236.0,1790931236,79.2519,11.6229,10965.18,False,229.29,6.31,-2.28,,11612.88,,False,0
4672,4ca97a,RYR57SC,Ireland,1790931237.0,1790931237,5.5075,51.5125,11269.98,False,238.38,128.43,0.0,,11597.64,7506,False,0
4673,ad953c,UAL796,United States,1790931237.0,1790931237,-97.7314,44.2581,10668.0,False,266.08,82.67,0.0,,11003.28,,False,0
4674,aa7bae,GLG7393,United States,1790931097.0,1790931097,-77.3603,23.5313,11262.36,False,241.87,181.46,-0.33,,11978.64,3056,False,0
4675,a07d01,UPS1444,United States,1790931237.0,1790931237,-84.6065,38.6374,5166.36,False,234.69,46.33,0.33,,5410.2,,False,0
4676,7c6dec,QFA135,Australia,1790931237.0,1790931237,153.2605,-27.286,1417.32,False,129.64,89.55,12.68,,1584.96,,False,0
4677,ac0bfb,SWA3367,United States,1790931237.0,1790931237,-82.1899,39.6576,11277.6,False,268.39,82.29,-0.33,,11910.06,2644,False,0
4678,c01f28,FLE636,Canada,1790931236.0,1790931237,-95.1689,49.7022,11277.6,False,273.48,108.88,0.0,,11292.84,2132,False,0
4679,ade543,AAL1148,United States,1790931237.0,1790931237,-108.7189,36.3725,10058.4,False,234.59,52.75,0.0,,10614.66,,False,0
4680,486840,TRA9A,Kingdom of the Netherlands,1790931237.0,1790931237,-5.1261,42.4578,10965.18,False,233.3,25.89,0.0,,11437.62,5430,False,0
4681,48683e,TRA36J,Kingdom of the Netherlands,1790931236.0,1790931237,2.0804,48.0782,10660.38,False,217.18,198.22,0.0,,11056.62,2101,False,0
4682,a76516,N576DZ,United States,1790931236.0,1790931236,-93.2315,44.8641,,True,0.0,0.0,,,,,False,0
4683,c01f1e,FLE2627,Canada,1790931236.0,1790931237,-90.1474,32.6501,11887.2,False,236.87,33.03,0.0,,12633.96,,False,0
4684,486836,KLM66U,Kingdom of the Netherlands,1790931147.0,1790931147,-3.5624,40.4892,,True,5.92,8.44,,,,,False,0
4685,4d4039,3AMPJ,Monaco,1790931237.0,1790931237,7.3596,43.7183,182.88,False,50.95,54.87,6.83,,335.28,,False,0
4686,78119c,CES5133,China,1790931208.0,1790931209,118.6662,32.05,7498.08,False,223.58,164.11,0.0,,7947.66,,False,0
4687,c827b1,ANZ216,New Zealand,1790931234.0,1790931234,148.2243,-39.1347,10668.0,False,258.04,119.63,0.0,,10873.74,1410,False,0
4688,733494,IRB9718,Islamic Republic of Iran,1790931236.0,1790931236,39.0241,39.5683,10355.58,False,207.93,278.25,0.0,,,5051,False,0
4689,008feb,FJW88N,South Africa,1790931211.0,1790931211,27.4969,-23.0371,10965.18,False,243.28,340.22,0.33,,11567.16,,False,0
4690,a4f239,DAL109,United States,1790931237.0,1790931237,-8.4686,42.9538,10668.0,False,232.91,310.16,0.0,,11102.34,6023,False,0
4691,a2c4b6,FDX1483,United States,1790931237.0,1790931237,-85.4875,36.4276,11894.82,False,256.44,69.2,-0.33,,12618.72,5627,False,0
4692,7c6da0,QFA476,Australia,1790931237.0,1790931237,144.8492,-37.6636,,True,0.0,320.62,,,,,False,0
4693,88084a,AIQ321,Thailand,1790931237.0,1790931237,100.5658,13.8671,701.04,False,104.32,253.08,4.55,,701.04,,False,0
4694,880858,AIQ3134,Thailand,1790931236.0,1790931236,100.6388,12.3751,10439.4,False,225.5,177.78,9.43,,11125.2,,False,0
4695,abec9b,AMX665,United States,1790931236.0,1790931237,-111.567,30.0977,11277.6,False,257.48,129.89,0.0,,11963.4,3225,False,0
4696,880856,AIQ3900,Thailand,1790931237.0,1790931237,99.6902,17.123,10271.76,False,225.01,162.43,5.85,,9265.92,4564,False,0
4697,486804,KLM1662,Kingdom of the Netherlands,1790931237.0,1790931237,7.7239,51.7024,10645.14,False,225.19,318.33,-7.48,,10988.04,1000,False,0
4698,486802,KLC27U,Kingdom of the Netherlands,1790931236.0,1790931237,8.9185,48.8575,11666.22,False,229.4,152.63,8.13,,12054.84,1000,False,0
4699,7609ee,PIA285,Pakistan,1790931236.0,1790931237,55.9684,25.0421,10972.8,False,226.21,277.45,0.0,,11643.36,3567,False,0
4700,486803,KLM46Z,Kingdom of the Netherlands,1790931237.0,1790931237,6.3424,53.1067,6606.54,False,183.53,240.99,-5.2,,6873.24,1000,False,0
4701,486800,KLM1523,Kingdom of the Netherlands,1790931237.0,1790931237,-3.0969,44.1468,8115.3,False,204.24,202.04,-10.73,,8503.92,1000,False,0
4702,7609eb,PIA326,Pakistan,1790931233.0,1790931233,68.9811,31.1534,10546.08,False,250.31,63.65,4.88,,11140.44,,False,0
4703,880846,AIQ3553,Thailand,1790931237.0,1790931237,100.387,17.1906,9921.24,False,216.45,192.35,9.75,,,,False,0
4704,880849,AIQ356,Thailand,1790931237.0,1790931237,100.6113,14.1225,1577.34,False,107.55,91.37,-7.48,,1645.92,,False,0
4705,a777b8,UPS76,United States,1790931236.0,1790931236,113.1136,22.7453,3291.84,False,139.49,165.91,0.0,,3459.48,,False,0
4706,3df902,DHONY,Germany,1790931237.0,1790931237,10.8839,48.7787,472.44,False,26.24,1.12,-0.33,,678.18,,False,0
4707,a06a46,FRG700,United States,1790931236.0,1790931236,-90.918,37.7604,8229.6,False,176.6,49.49,0.33,,8686.8,0552,False,0
4708,c827f0,ANZ204,New Zealand,1790931236.0,1790931236,154.1811,-28.4238,8435.34,False,226.35,151.05,4.55,,8877.3,,False,0
4709,7609f2,SIF742,Pakistan,1790931221.0,1790931228,69.8769,28.4744,9753.6,False,228.35,232.05,-0.33,,10325.1,,False,0
4710,3c0ca3,TUI3FB,Germany,1790931237.0,1790931237,9.6995,51.2663,6987.54,False,212.36,6.68,-10.73,,7345.68,1000,False,0
4711,3c0ca7,TUI3CD,Germany,1790931237.0,1790931237,13.7327,45.2069,11582.4,False,219.73,315.57,0.0,,12024.36,6631,False,0
4712,76d103,TGW684,Singapore,1790931204.0,1790931209,101.9509,4.1073,11582.4,False,229.91,327.52,-0.33,,12359.64,0126,False,0
4713,c06193,POE656,Canada,1790931237.0,1790931237,-104.5849,38.8074,11277.6,False,233.86,74.95,0.0,,11833.86,2761,False,0
4714,76d102,TGW694,Singapore,1790931237.0,1790931237,103.9535,1.7585,6248.4,False,189.03,8.92,8.45,,6667.5,2234,False,0
4715,88085a,AIQ3434,Thailand,1790931236.0,1790931236,100.6411,14.2716,1623.06,False,126.43,164.66,-2.6,,1676.4,,False,0
4716,7609e5,ABQ212,Pakistan,1790931236.0,1790931237,67.5208,29.8034,11582.4,False,216.58,227.02,0.0,,12230.1,,False,0
4717,76d107,TGW670,Singapore,1790931235.0,1790931236,103.6379,2.9031,8595.36,False,244.77,335.81,3.9,,9189.72,2262,False,0
4718,76d106,TGW551,Singapore,1790931232.0,1790931232,103.9836,1.3588,,True,9.26,22.5,,,,,False,0
4719,4a4e63,YRSSC,Romania,1790931236.0,1790931236,26.1904,44.2498,1082.04,False,52.23,206.31,0.33,,1287.78,1000,False,0
4720,a18a1c,FDX1742,United States,1790931236.0,1790931236,-102.6348,37.9423,10980.42,False,243.62,257.31,0.0,,11536.68,4053,False,0
4721,c0618e,POE324,Canada,1790931237.0,1790931237,-96.0014,47.4609,11887.2,False,267.18,98.97,0.0,,12031.98,,False,0
4722,70c0f6,OMA843,Oman,1790931236.0,1790931236,84.9712,17.2474,11879.58,False,235.2,103.79,0.0,,12595.86,,False,0
4723,ab6851,DAL184,United States,1790931237.0,1790931237,4.9498,48.2697,10363.2,False,248.68,103.52,-0.33,,10767.06,1152,False,0
4724,782437,CES6049,China,1790931237.0,1790931237,104.1841,2.1098,4130.04,False,140.45,310.69,-5.2,,4389.12,,False,0
4725,4bab21,THY5BH,Turkey,1790931237.0,1790931237,40.1661,39.8966,10972.8,False,198.63,268.66,0.0,,11254.74,5165,False,0
4726,4ca8e8,RYR4ZF,Ireland,1790931237.0,1790931237,-8.4433,40.1637,9707.88,False,225.54,208.03,-12.35,,10180.32,0505,False,0
4727,a31a57,UAL63,United States,1790931213.0,1790931234,-78.5532,24.9336,10965.18,False,244.83,297.53,0.0,,11689.08,5741,False,0
4728,7c6de9,QFA741,Australia,1790931237.0,1790931237,138.6553,-34.8635,632.46,False,82.86,229.78,-4.88,,739.14,,False,0
4729,4ca8e6,RYR2KK,Ireland,1790931237.0,1790931237,6.2754,48.8255,9753.6,False,225.24,354.76,0.33,,10149.84,5747,False,0
4730,7c6de7,QFA147,Australia,1790931133.0,1790931134,155.3622,-35.1132,10668.0,False,245.36,107.45,0.0,,11071.86,1411,False,0
4731,7c6de6,QFA626,Australia,1790931236.0,1790931236,153.1751,-28.3817,5234.94,False,194.07,12.71,-10.08,,5577.84,1265,False,0
4732,7c6de4,QFA475,Australia,1790931236.0,1790931236,151.1771,-33.9312,,True,0.0,191.25,,,,,False,0
4733,4bab28,THY6WN,Turkey,1790931237.0,1790931237,28.7753,40.9227,1676.4,False,116.89,334.45,-2.93,,1828.8,,False,0
4734,7c6ddf,QFA856,Australia,1790931236.0,1790931236,138.2871,-33.1955,11269.98,False,287.26,102.09,0.0,,11567.16,,False,0
4735,7c6dde,QFA045,Australia,1790931227.0,1790931233,144.8448,-37.6671,,True,2.83,132.19,,,,,False,0
4736,4bab26,THY1146,Turkey,1790931194.0,1790931194,17.9366,33.2805,10668.0,False,241.69,69.83,0.0,,11026.14,,False,0
4737,4bab23,THY845,Turkey,1790931231.0,1790931231,34.8952,38.7405,11582.4,False,228.48,311.62,0.0,,11856.72,,False,0
4738,7c6ddb,QFA597,Australia,1790931236.0,1790931237,150.8483,-31.8766,8534.4,False,188.22,198.48,0.98,,8945.88,1211,False,0
4739,7609ad,ABQ810,Pakistan,1790931236.0,1790931236,71.3079,30.0187,2080.26,False,142.49,211.57,9.43,,2156.46,,False,0
4740,781112,CXA849,China,1790931237.0,1790931237,-154.4669,59.4567,11269.98,False,269.09,79.31,-0.33,,11018.52,,False,0
4741,4ca8f5,ITY1675,Ireland,1790931093.0,1790931093,11.1953,43.8036,-53.34,False,68.1,47.76,-3.25,,121.92,,False,0
4742,31ff17,PROVA29,Italy,1790931235.0,1790931236,8.2842,45.3636,297.18,False,0.0,0.0,0.0,,495.3,4471,False,0
4743,78110e,CXA816,China,1790931237.0,1790931237,128.8911,33.0639,12192.0,False,209.35,237.44,0.0,,12908.28,6101,False,0
4744,4bab2a,THY4DT,Turkey,1790931237.0,1790931237,7.5268,47.5977,,True,5.14,286.88,,,,,False,0
4745,78110a,CHH7498,China,1790930955.0,1790930955,117.3615,39.1247,,True,8.75,64.69,,,,,False,0
4746,4ca8db,RYR7PJ,Ireland,1790931236.0,1790931236,11.8285,40.6348,10668.0,False,244.62,177.35,0.0,,11140.44,2565,False,0
4747,781127,CSN3355,China,1790931237.0,1790931237,113.0708,23.0246,3520.44,False,140.78,196.78,-5.2,,3749.04,,False,0
4748,a7a25f,DAL783,United States,1790931226.0,1790931233,-84.4324,33.6495,259.08,False,61.22,90.0,-0.65,,281.94,0771,False,0
4749,7609b6,PIA283,Pakistan,1790931096.0,1790931170,67.9901,30.1828,10972.8,False,216.53,226.64,0.0,,11582.4,,False,0
4750,3dd1bd,PTO7738,Germany,1790931237.0,1790931237,12.1977,53.9245,609.6,False,49.4,278.38,5.53,,815.34,,False,0
4751,7c6dc9,QFA631,Australia,1790931104.0,1790931110,144.8492,-37.6672,,True,0.0,81.56,,,,1004,False,0
4752,4ca8af,RYR4PY,Ireland,1790931236.0,1790931236,-7.6995,43.0449,10698.48,False,243.2,39.08,5.53,,11132.82,4735,False,0
4753,782461,CES5115,China,1790930957.0,1790930957,116.6116,39.4431,3055.62,False,143.8,15.78,-10.4,,3261.36,,False,0
4754,4853f4,KLC92M,Kingdom of the Netherlands,1790931236.0,1790931237,10.1571,50.4239,7688.58,False,223.47,313.13,5.2,,8069.58,4141,False,0
4755,7c6dba,QFA473,Australia,1790931237.0,1790931237,148.6061,-35.8387,10972.8,False,203.22,235.1,0.0,,11269.98,3672,False,0
4756,4840c9,RVP464,Kingdom of the Netherlands,1790931237.0,1790931237,-8.5982,39.2762,982.98,False,84.55,281.58,-1.3,,1150.62,,False,0
4757,c06156,WJA1992,Canada,1790931237.0,1790931237,-91.3101,39.3859,10668.0,False,237.42,128.93,0.0,,11186.16,,False,0
4758,4ca8d9,RYR47FB,Ireland,1790931235.0,1790931236,15.1591,44.5369,10972.8,False,243.24,148.93,-0.33,,11399.52,1000,False,0
4759,7c6db5,QFA628,Australia,1790931237.0,1790931237,150.6969,-31.23,11887.2,False,267.87,34.91,0.33,,12352.02,1271,False,0
4760,4ca8d4,RYR5VN,Ireland,1790931237.0,1790931237,-0.3726,46.0534,11582.4,False,234.68,349.13,-0.33,,11986.26,1043,False,0
4761,4ca8bd,EIN874,Ireland,1790931190.0,1790931190,-16.9829,28.7924,5494.02,False,211.48,178.88,-12.68,,6088.38,,False,0
4762,c07676,WJA736,Canada,1790931236.0,1790931236,-85.4763,43.7626,11277.6,False,277.58,105.48,0.0,,11673.84,,False,0
4763,3c7439,TUI1AG,Germany,1790931236.0,1790931236,6.774,46.9079,10363.2,False,225.46,352.0,0.0,,10797.54,1000,False,0
4764,49d6c1,OKVPG,Czech Republic,1790931237.0,1790931237,-9.3977,38.9725,1973.58,False,78.16,22.85,4.55,,2156.46,1336,False,0
4765,7810d1,EPA6242,China,1790930998.0,1790931064,113.6636,22.8291,929.64,False,98.54,151.29,-0.33,,967.74,,False,0
4766,4baa46,THY8NC,Turkey,1790927932.0,1790931233,23.2842,53.7985,9631.68,False,233.61,10.15,0.0,,11018.52,1356,False,0
4767,3c0ac5,CFG6VY,Germany,1790931236.0,1790931236,5.3226,42.5403,10972.8,False,229.04,31.41,0.0,,11445.24,5551,False,0
4768,a511f6,AAL1587,United States,1790931236.0,1790931236,-76.7861,41.5797,10668.0,False,268.85,110.03,0.0,,11239.5,1532,False,0
4769,3c0ac7,CFG3CP,Germany,1790931237.0,1790931237,23.9355,39.6549,10980.42,False,232.38,320.39,0.33,,11178.54,2033,False,0
4770,4baa52,THY9HC,Turkey,1790931236.0,1790931236,9.832,52.2929,6195.06,False,217.17,135.1,7.48,,6484.62,7614,False,0
4771,38e85b,AIB03XV,France,1790931237.0,1790931237,-0.0326,44.5036,10668.0,False,268.35,32.08,0.0,,11087.1,2670,False,0
4772,3c743a,TUI1FA,Germany,1790931236.0,1790931236,8.3979,49.9949,495.3,False,82.73,68.86,-6.18,,723.9,1000,False,0
4773,4baa4e,THY9SF,Turkey,1790931235.0,1790931235,21.2002,43.2224,10683.24,False,214.99,73.17,0.0,,10988.04,0217,False,0
4774,a31a96,UAL78,United States,1790931237.0,1790931237,141.2926,35.6957,6553.2,False,243.12,77.29,7.48,,6896.1,6166,False,0
4775,88803f,VJC942,Viet Nam,1790931236.0,1790931236,113.8328,22.3503,9791.7,False,236.71,109.03,0.0,,10469.88,,False,0
4776,758806,CEB789,Philippines,1790931075.0,1790931075,121.0281,14.515,,True,3.09,59.06,,,,,False,0
4777,40072b,EXS91FR,United Kingdom,1790931236.0,1790931236,11.4265,44.7759,10058.4,False,221.23,165.32,0.33,,10507.98,0527,False,0
4778,49c3b5,OKCUN20,Czech Republic,1790931236.0,1790931236,17.9401,49.5028,1821.18,False,49.0,243.17,,,,,False,0
4779,aa7e7c,UAL1726,United States,1790931237.0,1790931237,-103.4713,40.8875,11277.6,False,244.8,83.73,0.33,,11803.38,3273,False,0
4780,4baa0c,THY2MT,Turkey,1790931237.0,1790931237,29.8796,39.8979,8176.26,False,219.62,338.42,-5.85,,8412.48,5143,False,0
4781,48a5c6,SPKOG,Poland,1790930933.0,1790930933,20.8932,52.2711,-7.62,False,31.7,103.13,-3.25,,182.88,,False,0
4782,7cad4b,VOZ786,Australia,1790931237.0,1790931237,153.0907,-27.4111,99.06,False,72.7,26.93,-3.58,,251.46,4430,False,0
4783,38e83b,FWMIL,France,1790931232.0,1790931232,1.3643,43.6153,,True,0.0,272.81,,,,,False,0
4784,3c0acc,CFG2YU,Germany,1790931237.0,1790931237,10.0529,50.8343,8016.24,False,248.85,60.26,6.5,,8397.24,1000,False,0
4785,48a5b2,SPKNT,Poland,1790931236.0,1790931237,18.4944,48.558,6080.76,False,102.58,224.59,-0.33,,6423.66,1000,False,0
4786,7810fb,GCR7888,China,1790930959.0,1790930959,117.1836,39.2411,723.9,False,98.93,63.43,-3.58,,838.2,,False,0
4787,7c4a56,JST033,Australia,1790931237.0,1790931237,135.4995,-29.0514,9753.6,False,205.33,331.57,0.0,,10218.42,1452,False,0
4788,7c4a57,JST120,Australia,1790931236.0,1790931236,153.4972,-34.3212,10355.58,False,216.19,338.5,-0.33,,10767.06,,False,0
4789,7c4a54,JST451,Australia,1790931236.0,1790931237,144.8538,-35.5994,7932.42,False,198.08,270.89,0.33,,8122.92,1037,False,0
4790,47bb0a,SAS85J,Norway,1790931236.0,1790931236,13.9144,52.1723,11582.4,False,234.13,351.41,0.0,,11978.64,7357,False,0
4791,4855d0,KLM48F,Kingdom of the Netherlands,1790931237.0,1790931237,4.3726,52.4451,1653.54,False,149.76,88.43,-10.08,,1859.28,4772,False,0
4792,4855d1,KLM52R,Kingdom of the Netherlands,1790931237.0,1790931237,5.9995,52.8291,4869.18,False,178.3,251.15,-8.78,,5128.26,1000,False,0
4793,add2ad,ASA584,United States,1790931236.0,1790931236,-121.4676,36.6933,9974.58,False,229.56,135.82,8.78,,10507.98,3332,False,0
4794,4868df,PHLUA,Kingdom of the Netherlands,1790931237.0,1790931237,2.59,48.9295,10668.0,False,179.46,199.42,0.0,,11033.76,1000,False,0
4795,4baa94,TKJ29V,Turkey,1790931214.0,1790931214,33.5022,35.1503,,True,2.57,202.5,,,,5331,False,0
4796,49c3e5,OKDUI87,Czech Republic,1790931237.0,1790931237,13.9465,50.147,769.62,False,49.13,17.68,0.0,,967.74,,False,0
4797,4baa92,THY381,Turkey,1790931232.0,1790931236,44.9626,41.6695,,True,0.0,42.19,,,,0752,False,0
4798,c01fba,CJT1507,Canada,1790931226.0,1790931226,-77.119,-12.0346,,True,6.43,67.5,,,,,False,0
4799,4baa90,THY3ZY,Turkey,1790931234.0,1790931234,21.433,43.5881,10668.0,False,225.4,114.4,0.0,,10980.42,4156,False,0
4800,4868f8,KLM41H,Kingdom of the Netherlands,1790931237.0,1790931237,4.3627,51.4418,7543.8,False,207.05,202.81,8.13,,7863.84,1000,False,0
4801,4baa8d,,Turkey,1790931219.0,1790931219,12.6396,55.6155,,True,0.0,213.75,,,,,False,0
4802,4baa8b,THY2CV,Turkey,1790931103.0,1790931103,28.7071,41.2803,,True,32.92,0.0,,,,4536,False,0
4803,4a1923,BNL301,Romania,1790931237.0,1790931237,30.7848,36.9999,10965.18,False,237.47,353.91,0.33,,11201.4,4105,False,0
4804,4a1924,BNL999,Romania,1790931237.0,1790931237,22.815,36.6485,10058.4,False,227.77,153.43,0.0,,10241.28,1264,False,0
4805,4868f7,KLM1031,Kingdom of the Netherlands,1790931237.0,1790931237,2.4306,53.0247,10195.56,False,220.79,289.32,4.88,,10477.5,7341,False,0
4806,4baa67,THY8JE,Turkey,1790931045.0,1790931045,18.043,40.9599,10050.78,False,219.7,83.14,-0.33,,10393.68,,False,0
4807,4baa62,THY3082,Turkey,1790927861.0,1790931233,28.9948,42.298,9761.22,False,229.34,318.91,0.33,,9921.24,1741,False,0
4808,4baa61,THY9JE,Turkey,1790929505.0,1790931198,31.9279,54.6956,9006.84,False,27.63,208.95,0.0,,9113.52,1153,False,0
4809,888040,VJC853,Viet Nam,1790930894.0,1790931189,118.3874,19.5995,10972.8,False,238.27,224.74,0.33,,11742.42,,False,0
4810,3a3480,ACI151,France,1790931221.0,1790931221,153.1122,-27.4016,,True,0.0,298.12,,,,2552,False,0
4811,aa7e2e,UAL436,United States,1790931237.0,1790931237,-98.1851,43.6748,11277.6,False,261.03,87.74,0.0,,11643.36,,False,0
4812,4868e2,TRA72W,Kingdom of the Netherlands,1790931236.0,1790931236,2.4248,49.8271,10706.1,False,255.09,28.68,-2.28,,11079.48,1000,False,0
4813,4baa69,THY7AY,Turkey,1790931236.0,1790931236,30.6057,40.872,7818.12,False,214.53,276.89,-9.43,,8039.1,,False,0
4814,4baa75,THY5EA,Turkey,1790930943.0,1790930943,28.7073,41.2695,-7.62,False,67.39,359.56,-2.6,,175.26,1744,False,0
4815,4baa76,THY66C,Turkey,1790931237.0,1790931237,28.157,40.6636,3032.76,False,127.77,76.02,-9.75,,3208.02,5127,False,0
4816,4baa74,THY1JR,Turkey,1790930401.0,1790931236,36.1462,54.7587,3116.58,False,27.88,209.88,-5.2,,2164.08,2674,False,0
4817,3c7426,TUI52N,Germany,1790931236.0,1790931237,19.4866,41.6474,10972.8,False,216.62,331.49,-0.33,,11300.46,5534,False,0
4818,4baa6f,THY7HD,Turkey,1790928558.0,1790931218,31.9274,54.7054,10058.4,False,28.13,140.19,0.0,,9707.88,5306,False,0
4819,4baa6b,THY1SL,Turkey,1790928440.0,1790931233,25.4349,56.0229,10668.0,False,227.16,33.08,0.0,,11071.86,2206,False,0
4820,4baa6c,THY2FQ,Turkey,1790931236.0,1790931236,7.8768,45.2129,9944.1,False,244.98,91.68,3.25,,10386.06,0421,False,0
4821,4baa6a,THY1GH,Turkey,1790930224.0,1790931237,23.047,52.9076,10668.0,False,911.77,184.01,0.0,,10972.8,2657,False,0
4822,3c7422,TUI98Y,Germany,1790931237.0,1790931237,10.9789,51.3185,7056.12,False,224.31,333.43,-11.05,,7429.5,1000,False,0
4823,3c7424,TUI7JW,Germany,1790931237.0,1790931237,-8.5886,37.6775,11277.6,False,222.75,214.46,0.0,,11803.38,3751,False,0
4824,4baa79,THY1WL,Turkey,1790931237.0,1790931237,31.093,40.4119,9464.04,False,239.65,107.62,2.93,,9662.16,,False,0
4825,4ca90a,ITY1638,Ireland,1790931043.0,1790931043,9.2791,45.4553,,True,0.39,90.0,,,,1000,False,0
4826,440b49,LDX12C,Austria,1790931236.0,1790931237,14.0365,52.3401,12192.0,False,239.72,348.74,-0.33,,12573.0,7356,False,0
4827,4ca912,RYR205A,Ireland,1790931237.0,1790931237,2.1273,41.5659,3154.68,False,150.44,196.08,-9.1,,3429.0,1000,False,0
4828,4b7fae,COL31,Switzerland,1790931236.0,1790931236,8.7269,47.1521,883.92,False,160.13,63.68,3.9,,1097.28,6100,False,0
4829,4ca911,RYR8VE,Ireland,1790931237.0,1790931237,15.0037,38.7348,8389.62,False,235.53,142.45,-6.5,,8778.24,6324,False,0
4830,a80a8f,UPS762,United States,1790931237.0,1790931237,-93.4942,34.4705,12192.0,False,223.57,245.68,0.0,,12893.04,6605,False,0
4831,4b7fac,PEG61,Switzerland,1790931237.0,1790931237,8.3347,47.107,777.24,False,93.57,73.06,20.48,,960.12,1551,True,0
4832,4b7fab,COL42,Switzerland,1790931236.0,1790931237,8.7255,47.1508,906.78,False,158.56,64.85,4.23,,1112.52,6100,False,0
4833,c82744,ANZ1314,New Zealand,1790931023.0,1790931024,156.1131,-35.2634,10066.02,False,246.19,104.65,0.65,,10469.88,1453,False,0
4834,43c8eb,SYS27,United Kingdom,1790931237.0,1790931237,-2.6727,52.784,76.2,False,29.72,246.54,3.25,,251.46,,False,0
4835,440b1e,EJU9040,Austria,1790931237.0,1790931237,8.7741,45.4448,1074.42,False,96.45,348.93,-2.6,,1295.4,7446,False,0
4836,4b7fb1,LOVEU,Switzerland,1790930944.0,1790930946,8.4041,46.973,289.56,False,0.0,0.0,0.0,,495.3,,False,0
4837,46f09e,FOTA1,Greece,1790931185.0,1790931185,23.9273,37.9256,,True,9.26,36.56,,,,,False,0
4838,c82759,ANZ148,New Zealand,1790931237.0,1790931237,153.1379,-27.3697,198.12,False,86.32,34.07,10.4,,335.28,,False,0
4839,4868a6,KLM15L,Kingdom of the Netherlands,1790931236.0,1790931236,4.3387,56.3116,11887.2,False,252.04,13.7,0.0,,12077.7,0150,False,0
4840,c8273f,ANZ81,New Zealand,1790931233.0,1790931233,113.927,22.3216,,True,7.2,163.12,,,,,False,0
4841,4b7fe0,T333,Switzerland,1790931237.0,1790931237,8.8247,47.3777,1668.78,False,62.58,63.65,-0.65,,1889.76,1543,False,0
4842,7823a9,CCA414,China,1790931237.0,1790931237,101.0974,19.7111,10668.0,False,237.51,18.43,0.0,,11369.04,,False,0
4843,c82762,AWK75,New Zealand,1790931237.0,1790931237,174.3365,-38.2046,8488.68,False,226.5,195.14,11.38,,8770.62,5215,False,0
4844,ab8b0b,AAL729,United States,1790931237.0,1790931237,-5.1963,52.1676,10965.18,False,224.1,286.81,-0.33,,11170.92,7720,False,0
4845,a38367,JBU372,United States,1790931237.0,1790931237,-81.9299,42.3905,11277.6,False,275.67,98.48,0.0,,11780.52,6020,False,0
4846,7cad47,VOZ237,Australia,1790931237.0,1790931237,140.6298,-36.3222,10187.94,False,192.44,307.94,-2.93,,10309.86,3725,False,0
4847,43c8ba,PRF96,United Kingdom,1790931236.0,1790931236,-0.4477,53.0344,358.14,False,73.07,57.65,11.7,,533.4,,False,0
4848,7cad49,VOZ065,Australia,1790931230.0,1790931230,147.2616,-29.5164,8534.4,False,233.29,326.7,0.0,,8961.12,1567,False,0
4849,7823c7,CSN6342,China,1790930958.0,1790930958,116.8247,39.9488,10698.48,False,213.32,351.4,0.0,,10995.66,,False,0
4850,7823c6,CSN6063,China,1790931237.0,1790931237,99.3454,9.9674,9136.38,False,245.26,206.14,0.0,,9753.6,,False,0
4851,7823c5,CSN6467,China,1790930940.0,1790930959,117.1331,37.2528,9784.08,False,190.87,245.65,-0.33,,10187.94,,False,0
4852,7cad44,VOZ095,Australia,1790931236.0,1790931236,141.1316,-36.2348,10363.2,False,230.31,297.25,0.0,,10485.12,1273,False,0
4853,7cad43,VOZ744,Australia,1790931237.0,1790931237,144.7448,-35.5979,11582.4,False,198.08,270.89,0.0,,11826.24,1012,False,0
4854,7cad41,VOZ567,Australia,1790931236.0,1790931236,151.2622,-34.2942,2750.82,False,163.11,164.82,9.75,,2933.7,6777,False,0
4855,7c01c0,AM211,Australia,1790931237.0,1790931237,151.6317,-32.88,3657.6,False,121.38,259.5,-0.65,,3878.58,,False,0
4856,3d2adc,DEOME,Germany,1790931237.0,1790931237,7.3263,52.1777,883.92,False,61.22,241.93,-0.98,,1051.56,7742,False,0
4857,a3f930,UPS1332,United States,1790931237.0,1790931237,-84.8853,34.4656,11285.22,False,244.46,171.53,0.0,,11978.64,6735,False,0
4858,aa6b9d,UAL942,United States,1790931236.0,1790931237,-12.4981,38.9756,11887.2,False,243.94,91.57,0.0,,12374.88,3354,False,0
4859,3d2abf,DEOLB,Germany,1790930943.0,1790930944,10.1449,54.3833,,True,0.06,264.38,,,,5053,False,0
4860,7823ba,CSZ9527,China,1790931237.0,1790931237,113.8941,22.7381,3901.44,False,175.78,326.22,0.33,,4130.04,3151,False,0
4861,888098,HVN630,Viet Nam,1790931236.0,1790931236,104.0777,2.7805,10378.44,False,239.05,12.3,0.0,,11071.86,2366,False,0
4862,4ca95e,RYR84HY,Ireland,1790931237.0,1790931237,2.0483,51.154,11277.6,False,250.2,98.51,0.0,,11582.4,0517,False,0
4863,8678e2,ANA73,Japan,1790931236.0,1790931236,139.9571,36.7647,8161.02,False,236.79,1.99,7.48,,8534.4,4742,False,0
4864,75883f,PAL508,Philippines,1790931234.0,1790931234,113.2466,8.6132,10972.8,False,248.03,51.82,0.0,,11727.18,,False,0
4865,7810a3,CXA802,China,1790931237.0,1790931237,120.0341,14.83,11574.78,False,259.32,356.25,-0.33,,12405.36,,False,0
4866,495038,TAP11MG,Portugal,1790931237.0,1790931237,-5.1078,36.6116,6621.78,False,175.47,286.52,9.43,,7018.02,2605,False,0
4867,4ca961,NOS5901,Ireland,1790931236.0,1790931237,-6.7119,47.587,10668.0,False,236.55,143.58,0.0,,11010.9,2222,False,0
4868,495039,TAP429,Portugal,1790931237.0,1790931237,2.2859,48.4819,4038.6,False,162.43,220.25,12.68,,4320.54,7650,False,0
4869,4ca92d,EIN776,Ireland,1790931237.0,1790931237,-9.3414,40.0079,10668.0,False,219.67,180.4,-0.33,,11148.06,3721,False,0
4870,45d069,VKG108,Denmark,1790931237.0,1790931237,1.2625,48.7095,10668.0,False,208.08,224.6,0.0,,11026.14,3520,False,0
4871,48436b,KLM743,Kingdom of the Netherlands,1790930909.0,1790931013,-1.1638,51.4504,9144.0,False,233.06,258.54,0.0,,9441.18,,False,0
4872,48436a,KLM844,Kingdom of the Netherlands,1790931237.0,1790931237,77.1536,30.2436,10363.2,False,235.48,291.8,0.0,,10919.46,,False,0
4873,a6ca7f,ASA40,United States,1790931237.0,1790931237,-92.9473,43.2972,10668.0,False,257.66,94.93,0.0,,11018.52,,False,0
4874,4ca935,EIN4CE,Ireland,1790931237.0,1790931237,10.873,46.3057,7780.02,False,229.39,152.92,-4.55,,8206.74,2270,False,0
4875,45d066,VKG192,Denmark,1790931237.0,1790931237,33.4151,34.8902,4229.1,False,148.8,129.25,-7.15,,4389.12,7422,False,0
4876,7823da,JDL2748,China,1790931237.0,1790931237,78.2227,27.8137,9403.08,False,264.75,110.83,6.83,,9966.96,,False,0
4877,48436d,,Kingdom of the Netherlands,1790931041.0,1790931041,-1.5949,51.396,9144.0,False,232.45,258.64,0.0,,9441.18,,False,0
4878,45d065,VKG790,Denmark,1790931236.0,1790931236,32.9857,35.0581,4960.62,False,199.64,109.42,-7.8,,5143.5,7420,False,0
4879,43c8e2,SYS104,United Kingdom,1790931237.0,1790931237,-2.5251,52.7267,640.08,False,51.53,345.55,0.0,,807.72,,False,0
4880,48436f,KLM743,Kingdom of the Netherlands,1790931236.0,1790931236,-2.2186,51.2778,9144.0,False,232.53,252.89,0.0,,9441.18,2111,False,0
4881,45d064,VKG291,Denmark,1790931236.0,1790931236,30.1447,35.7972,10058.4,False,239.19,107.27,0.0,,10264.14,7422,False,0
4882,484368,KLM105,Kingdom of the Netherlands,1790931237.0,1790931237,3.3843,50.0148,9448.8,False,239.48,199.06,0.0,,9814.56,0141,False,0
4883,ac75dc,SWA4171,United States,1790931230.0,1790931230,-122.3816,37.6161,,True,3.34,295.31,,,,0711,False,0
4884,4ca947,EIN893,Ireland,1790931236.0,1790931237,-8.6742,42.1415,10972.8,False,230.74,348.82,0.0,,11422.38,4407,False,0
4885,4a068c,ROT403G,Romania,1790931237.0,1790931237,13.9927,42.3383,6400.8,False,148.41,242.55,0.0,,6736.08,,False,0
4886,758828,CEB509,Philippines,1790931231.0,1790931231,121.0136,14.5055,,True,10.8,253.12,,,,,False,0
4887,e495d0,AZU2601,Brazil,1790931234.0,1790931235,-46.0381,-5.7687,11125.2,False,248.7,101.33,2.28,,11833.86,,False,0
4888,7c0276,ARS,Australia,1790931237.0,1790931237,153.0077,-27.5724,,True,5.92,272.81,,,,,False,0
4889,e495d8,AZU2901,Brazil,1790931226.0,1790931226,-45.4323,-25.2569,12192.0,False,196.83,225.95,0.0,,12748.26,,False,0
4890,78125e,CSN6781,China,1790931235.0,1790931236,112.2646,22.8755,10081.26,False,228.33,57.42,-0.33,,10767.06,,False,0
4891,4005c1,BAW6AC,United Kingdom,1790931237.0,1790931237,-4.8433,53.9649,11277.6,False,246.76,118.38,0.0,,11430.0,5172,False,0
4892,4005c0,,United Kingdom,1790931229.0,1790931229,-0.4293,51.475,,True,3.6,106.88,,,,2000,False,0
4893,3bc9ff,BAL5,France,1790931043.0,1790931043,2.3141,48.7163,,True,24.18,281.25,,,,,False,0
4894,4ca892,RYR46LK,Ireland,1790931236.0,1790931237,-1.273,46.6496,10972.8,False,227.36,332.22,0.0,,11376.66,4067,False,0
4895,45d04d,OYTBM,Denmark,1790931237.0,1790931237,3.4357,45.1585,9448.8,False,147.03,229.4,-0.33,,9883.14,3506,False,0
4896,abece7,DAL704,United States,1790931236.0,1790931236,-84.4225,33.6479,,True,7.72,270.0,,,,6072,False,0
4897,e495cf,AZU4232,Brazil,1790931208.0,1790931209,-42.4592,-18.5237,10668.0,False,243.44,37.18,0.33,,11323.32,,False,0
4898,add324,FDX1570,United States,1790931236.0,1790931236,-85.7617,37.2658,10683.24,False,262.99,55.44,2.93,,11323.32,5641,False,0
4899,770590,ALK501,Sri Lanka,1790931236.0,1790931236,2.2054,49.0071,1051.56,False,116.72,84.94,-0.65,,1280.16,1000,False,0
4900,4ca84f,RYR598Z,Ireland,1790931237.0,1790931237,8.7456,46.0361,11277.6,False,240.96,140.81,0.0,,11711.94,5225,False,0
4901,7c023e,VHAP8,Australia,1790931236.0,1790931237,23.7553,38.0674,358.14,False,45.39,35.31,-1.95,,502.92,,False,0
4902,770593,ALK90L,Sri Lanka,1790931237.0,1790931237,83.4523,17.5057,12192.0,False,254.72,226.47,0.0,,12938.76,4740,False,0
4903,4ca84e,RYR8HX,Ireland,1790931237.0,1790931237,0.7246,43.2087,11277.6,False,205.76,193.45,0.0,,11734.8,1000,False,0
4904,872fa0,ANA837,Japan,1790931235.0,1790931237,86.4246,25.3512,12192.0,False,242.59,286.13,-0.33,,12954.0,3104,False,0
4905,4ca857,RYR87RV,Ireland,1790931237.0,1790931237,6.7113,44.9883,11582.4,False,226.78,5.21,0.0,,12031.98,5533,False,0
4906,4ca853,RYR8SB,Ireland,1790931236.0,1790931236,-4.7348,36.2279,4404.36,False,163.62,219.9,-9.1,,4709.16,4063,False,0
4907,4ca854,RYR8GM,Ireland,1790931236.0,1790931237,5.878,40.1665,10972.8,False,234.49,74.87,0.0,,11483.34,1452,False,0
4908,46f008,FLWME 2,Greece,1790931231.0,1790931231,22.9536,40.523,,True,14.92,101.25,,,,,False,0
4909,a8d62a,FDX1564,United States,1790931237.0,1790931237,-89.5893,35.2037,4343.4,False,211.06,55.23,11.7,,4549.14,1606,False,0
4910,a275b8,FDX1717,United States,1790931237.0,1790931237,-88.5899,41.3541,9151.62,False,233.0,304.11,0.0,,9555.48,,False,0
4911,add336,MTN8300,United States,1790931237.0,1790931237,-77.4961,38.9532,388.62,False,53.15,312.65,5.2,,388.62,,False,0
4912,3990c2,FHEGC,France,1790931215.0,1790931215,23.9105,40.9941,1181.1,False,48.79,284.04,0.98,,1371.6,,False,0
4913,3d2c14,DEOYE,Germany,1790931237.0,1790931237,12.7082,47.9705,2133.6,False,56.82,84.81,-0.33,,2362.2,7524,False,0
4914,486954,KLM1303,Kingdom of the Netherlands,1790931237.0,1790931237,10.1547,54.0263,11887.2,False,244.81,64.08,0.33,,12184.38,1000,False,0
4915,4ca88c,RYR3915,Ireland,1790931237.0,1790931237,11.9244,43.2651,7559.04,False,234.85,171.94,5.53,,7955.28,7432,False,0
4916,a5bcda,UPS896,United States,1790931237.0,1790931237,-91.2544,39.0908,11582.4,False,203.44,282.56,0.0,,12138.66,6721,False,0
4917,a3e69d,UPS802,United States,1790931237.0,1790931237,-96.3245,40.1028,11574.78,False,229.62,282.95,0.33,,12054.84,4066,False,0
4918,4005be,,United Kingdom,1790931216.0,1790931226,-0.4702,51.4705,-114.3,True,0.0,270.0,,,,2000,False,0
4919,4005bd,BAW17R,United Kingdom,1790931235.0,1790931235,-13.6327,51.636,11582.4,False,219.5,261.51,0.0,,11719.56,6030,False,0
4920,7587fb,CEB5056,Philippines,1790931077.0,1790931078,140.3909,35.7777,,True,0.13,149.06,,,,6504,False,0
4921,7587fa,CEB996,Philippines,1790931236.0,1790931236,121.2928,14.4899,2377.44,False,123.91,8.84,-2.6,,2560.32,,False,0
4922,4b37a8,LUC2M,Switzerland,1790931237.0,1790931237,-4.996,50.4377,,True,0.9,78.75,,,,,False,0
4923,48691b,PHPAJ,Kingdom of the Netherlands,1790931237.0,1790931237,-7.97,38.2218,8534.4,False,146.62,28.27,0.33,,8953.5,1344,False,0
4924,4bbd08,TKJ3TH,Turkey,1790931236.0,1790931237,19.0655,45.8092,10972.8,False,229.09,302.16,0.0,,11346.18,3237,False,0
4925,4bbd07,TKJ2MS,Turkey,1790931237.0,1790931237,26.3405,41.1174,9448.8,False,216.03,105.33,-0.33,,9639.3,6035,False,0
4926,4bbd04,TKJ7LT,Turkey,1790931236.0,1790931236,9.0723,40.7368,11277.6,False,225.79,249.46,0.0,,11772.9,7224,False,0
4927,a0ce68,FDX1458,United States,1790931236.0,1790931236,-89.2121,34.2969,7338.06,False,239.84,126.45,12.35,,7772.4,5676,False,0
4928,aadfae,N80BS,United States,1790931237.0,1790931237,-92.7507,44.8099,1127.76,False,76.39,315.0,0.33,,1173.48,,False,0
4929,038259,VRE803,Côte d'Ivoire,1790931237.0,1790931237,11.4658,4.0467,2156.46,False,129.85,100.73,-4.23,,2308.86,,False,0
4930,781225,CSZ9109,China,1790931237.0,1790931237,113.6951,22.5621,2301.24,False,137.25,346.12,9.43,,2423.16,,False,0
4931,78121f,YZR7581,China,1790930959.0,1790930959,118.9255,38.4483,4655.82,False,170.37,328.71,-9.75,,4876.8,,False,0
4932,390835,CSR40V,France,1790931233.0,1790931235,3.6598,43.4824,1097.28,False,37.98,28.3,0.0,,1295.4,4764,False,0
4933,47ba78,SAS005,Norway,1790931236.0,1790931236,17.9491,59.6326,,True,6.43,315.0,,,,1000,False,0
4934,038227,VRE179,Côte d'Ivoire,1790931237.0,1790931237,2.5753,38.8006,11887.2,False,231.14,191.03,0.0,,12390.12,7623,False,0
4935,4a4d79,HYS7882,Romania,1790931237.0,1790931237,14.3489,40.6563,10363.2,False,221.55,26.62,0.0,,10805.16,6145,False,0
4936,4baa08,THY7LX,Turkey,1790931235.0,1790931237,27.2018,41.1755,5128.26,False,147.58,80.57,-7.8,,5334.0,4547,False,0
4937,acc619,FDX1727,United States,1790931237.0,1790931237,-84.0595,34.2814,11887.2,False,239.89,158.88,0.0,,12603.48,6674,False,0
4938,39082f,CSR54P,France,1790931226.0,1790931234,3.7117,43.5086,800.1,False,68.34,244.59,0.33,,990.6,4765,False,0
4939,ac0cab,AAL161,United States,1790931237.0,1790931237,23.8382,39.6953,9898.38,False,231.56,350.54,5.2,,10088.88,6455,False,0
4940,490d81,NJE465M,Portugal,1790931237.0,1790931237,3.0883,49.5179,11277.6,False,224.88,321.69,-0.33,,11650.98,5732,False,0
4941,76d254,TGW309,Singapore,1790931236.0,1790931236,103.9715,0.6732,4259.58,False,138.27,347.1,-4.88,,4549.14,,False,0
4942,0d09d5,VOI771,Mexico,1790931038.0,1790931061,-109.4625,28.3401,10058.4,False,262.76,130.39,0.0,,10675.62,3364,False,0
4943,390813,FGCAT,France,1790931236.0,1790931236,1.4991,48.4935,304.8,False,53.04,251.92,-1.95,,495.3,4432,False,0
4944,501dd2,9ADVW,Croatia,1790931236.0,1790931236,13.7201,45.151,1828.8,False,44.09,70.93,1.63,,2049.78,3653,False,0
4945,4bbd19,TKJ6ET,Turkey,1790931237.0,1790931237,29.1796,40.4206,2286.0,False,140.46,300.6,-3.58,,2438.4,,False,0
4946,4bbd15,TKJ3WS,Turkey,1790931236.0,1790931236,12.6539,52.2567,10972.8,False,235.81,316.59,0.0,,11369.04,3552,False,0
4947,4bbd14,TKJ7FK,Turkey,1790931236.0,1790931236,17.9788,59.7038,228.6,False,75.57,191.39,-3.58,,403.86,1000,False,0
4948,a56e0d,SWA3943,United States,1790931237.0,1790931237,-92.3201,34.0609,11887.2,False,255.25,108.69,0.0,,12603.48,3355,False,0
4949,4bbd12,TKJ9SE,Turkey,1790931237.0,1790931237,7.004,52.1536,7711.44,False,201.38,299.71,-5.2,,8039.1,1000,False,0
4950,3c0c9e,TUI10D,Germany,1790931237.0,1790931237,24.4243,39.6659,11582.4,False,227.37,321.52,-0.33,,11788.14,2072,False,0
4951,a658a1,GTI873,United States,1790931236.0,1790931236,-103.8122,50.2491,10058.4,False,283.67,121.73,0.0,,10157.46,4113,False,0
4952,49c4a8,OKFUI17,Czech Republic,1790931237.0,1790931237,14.9179,50.3863,403.86,False,52.78,226.97,-0.33,,594.36,,False,0
4953,4ca7b6,RYR7NM,Ireland,1790931237.0,1790931237,24.1916,44.4181,9639.3,False,259.11,265.33,8.78,,9936.48,4133,False,0
4954,4ca7b7,RYR75DX,Ireland,1790931237.0,1790931237,11.9776,42.456,6484.62,False,212.79,350.54,12.35,,6850.38,,False,0
4955,4bbd0f,TKJ5ED,Turkey,1790931237.0,1790931237,18.8077,47.4417,9334.5,False,232.25,294.75,-5.2,,9738.36,5363,False,0
4956,4ca7b3,RYR60LN,Ireland,1790931237.0,1790931237,-4.1305,50.8916,11582.4,False,230.79,347.51,0.0,,11833.86,2315,False,0
4957,4bbd0e,TKJ5BQ,Turkey,1790931232.0,1790931232,31.3097,40.2156,8366.76,False,210.0,283.46,-5.2,,8641.08,,False,0
4958,4bbd0c,TKJ7MW,Turkey,1790931236.0,1790931236,16.1391,49.1284,10355.58,False,231.4,118.84,7.15,,10774.68,1436,False,0
4959,4bbd0b,TKJ71C,Turkey,1790931237.0,1790931237,9.9848,51.9681,3726.18,False,164.98,5.91,-2.28,,3977.64,1000,False,0
4960,4bbd0a,TKJ87E,Turkey,1790931236.0,1790931237,29.7768,39.7873,8420.1,False,212.65,156.47,6.83,,8618.22,,False,0
4961,86796c,ANA658,Japan,1790931237.0,1790931237,135.016,34.8655,7383.78,False,247.06,73.3,9.75,,7772.4,0466,False,0
4962,3eaf61,LIMIT04,Germany,1790931237.0,1790931237,11.3151,50.9758,1066.8,False,72.41,133.56,0.0,,1272.54,7613,False,0
4963,7811de,CSC3902,China,1790931237.0,1790931237,97.3929,22.7505,10668.0,False,220.17,66.01,0.0,,11353.8,2537,False,0
4964,401725,GPAWA,United Kingdom,1790931237.0,1790931237,-0.4381,51.5494,91.44,False,39.67,260.29,5.53,,289.56,4364,False,0
4965,c0730e,ACA328,Canada,1790931237.0,1790931237,-96.3492,49.5184,10058.4,False,248.09,102.94,0.0,,10073.64,3363,False,0
4966,48eb0e,SPSMY,Poland,1790931236.0,1790931236,15.7619,52.1592,594.36,False,59.48,49.56,4.55,,769.62,,False,0
4967,e49640,AZU4657,Brazil,1790931236.0,1790931236,-48.5514,-26.7767,8961.12,False,181.62,355.61,7.15,,9326.88,,False,0
4968,aa45e7,GTI8915,United States,1790931236.0,1790931236,-150.0058,61.1904,,True,7.2,343.12,,,,7470,False,0
4969,888175,VJC946,Viet Nam,1790931228.0,1790931232,112.8911,22.6137,10393.68,False,238.64,105.5,0.0,,11109.96,,False,0
4970,88815c,VJC860,Viet Nam,1790931235.0,1790931237,119.1495,21.5516,10668.0,False,233.07,76.21,0.0,,11422.38,,False,0
4971,49d5aa,OKTDI,Czech Republic,1790931236.0,1790931236,17.5607,49.3439,1371.6,False,51.66,225.81,0.0,,1600.2,3343,False,0
4972,a0a903,UAL144,United States,1790931237.0,1790931237,-10.8466,41.9013,11262.36,False,251.36,105.43,-2.6,,11689.08,4424,False,0
4973,3c1ce9,,Germany,1790931226.0,1790931226,9.8222,53.544,,True,0.0,14.06,,,,,False,0
4974,7811ff,GCR6414,China,1790930959.0,1790930959,117.4815,39.3876,1424.94,False,103.48,162.65,-0.33,,1508.76,,False,0
4975,4ca6c4,EIN780,Ireland,1790931237.0,1790931237,-10.2621,39.5877,10668.0,False,218.75,194.85,-0.33,,11148.06,3750,False,0
4976,e4961c,PSFPG,Brazil,1790931237.0,1790931237,-44.788,-20.5211,9144.0,False,165.68,212.7,0.0,,9685.02,,False,0
4977,ac85ce,DAL2904,United States,1790931237.0,1790931237,-95.2029,34.1721,10668.0,False,245.59,106.8,0.0,,11292.84,6323,False,0
4978,478e51,SCQ1R,Norway,1790931234.0,1790931234,8.0621,58.1808,190.5,False,38.84,191.46,3.25,,350.52,,False,0
4979,4ca6aa,RYR68QQ,Ireland,1790931235.0,1790931235,14.4391,40.7429,11277.6,False,250.05,143.96,0.0,,11711.94,1000,False,0
4980,a641bf,DAL473,United States,1790931237.0,1790931237,-90.6392,46.5362,10050.78,False,287.14,101.47,-1.95,,10218.42,,False,0
4981,49d5d6,TVS91M,Czech Republic,1790931237.0,1790931237,21.7462,46.683,10972.8,False,238.14,308.95,-0.33,,11315.7,5336,False,0
4982,49d5ce,OKASF,Czech Republic,1790931236.0,1790931236,15.6365,50.3425,662.94,False,44.29,92.66,0.33,,853.44,,False,0
4983,a69d79,N525WD,United States,1790931237.0,1790931237,5.0019,66.9234,13716.0,False,182.72,274.68,0.33,,13837.92,,False,0
4984,49d5e8,NTF695E,Czech Republic,1790931237.0,1790931237,11.1426,47.9343,4876.8,False,179.69,27.08,0.0,,5189.22,1000,False,0
4985,88812b,HVN385,Viet Nam,1790931235.0,1790931237,132.964,34.2016,11582.4,False,212.15,251.04,-0.33,,12260.58,3122,False,0
4986,48fe91,SPSBWS,Poland,1790931236.0,1790931236,18.003,53.1538,312.42,False,31.4,235.01,-0.33,,495.3,,False,0
4987,44d2b6,TFL9ED,Belgium,1790931237.0,1790931237,7.2906,51.2145,8587.74,False,232.74,127.28,6.5,,8945.88,0167,False,0
4988,4b10f7,SFS70,Switzerland,1790931237.0,1790931237,26.4799,44.6532,2750.82,False,103.57,256.79,0.0,,2948.94,7356,False,0
4989,49d5f5,OKCSL,Czech Republic,1790931237.0,1790931237,6.8015,43.1971,5067.3,False,162.47,278.93,-4.88,,5379.72,1000,False,0
4990,44d2aa,JAF3NE,Belgium,1790931237.0,1790931237,-3.5843,41.207,10363.2,False,234.86,353.96,0.33,,10805.16,4525,False,0
4991,5084e2,UTN7422,Ukraine,1790931236.0,1790931236,30.8247,37.1354,10363.2,False,239.12,6.3,0.0,,10584.18,7316,False,0
4992,49d5ec,OKHEI,Czech Republic,1790931187.0,1790931187,14.9,50.3993,,True,5.92,39.38,,,,,False,0
4993,49d5ee,TVS4WY,Czech Republic,1790931237.0,1790931237,15.7771,49.1283,9060.18,False,222.23,321.49,-5.2,,9464.04,2653,False,0
4994,02a199,TAR954,Tunisia,1790931237.0,1790931237,6.8326,45.3565,11582.4,False,229.01,353.16,0.0,,12047.22,1000,False,0
4995,888165,HVN503,Viet Nam,1790931071.0,1790931074,113.6966,21.5524,8519.16,False,239.52,191.02,2.93,,9090.66,3125,False,0
4996,3c1ca9,AIB324A,Germany,1790931237.0,1790931237,9.6105,54.3282,9113.52,False,216.04,242.95,6.5,,9425.94,7773,False,0
4997,02a194,TAR894,Tunisia,1790930938.0,1790930942,10.0038,53.6299,,True,0.0,109.69,,,,3111,False,0
4998,ac72f7,TAI568,United States,1790931237.0,1790931237,-73.4728,40.5302,1203.96,False,144.87,30.75,-0.33,,1234.44,1017,False,0
4999,ac72fc,N901B,United States,1790930961.0,1790930967,18.9763,47.45,-7.62,False,14.13,100.49,-0.98,,205.74,7000,False,0
5000,478e27,WIF47H,Norway,1790931237.0,1790931237,5.5099,60.3998,3390.9,False,172.36,33.93,5.53,,3528.06,,False,0
5001,a667e8,SCX3022,United States,1790931237.0,1790931237,-97.1879,33.2769,1531.62,False,138.18,238.09,-5.85,,1584.96,1145,False,0
5002,4ca6fb,RYR7LX,Ireland,1790931237.0,1790931237,5.8512,50.3367,5448.3,False,198.99,306.48,-5.2,,5753.1,1000,False,0
5003,a21cb8,BYA235,United States,1790931237.0,1790931237,-82.0973,34.9878,2286.0,False,115.75,233.13,-10.08,,2423.16,5225,False,0
5004,382bfc,FJIVJ,France,1790931193.0,1790931194,5.6207,43.9947,1226.82,False,72.07,357.95,0.0,,1402.08,7000,False,0
5005,4002cd,VPCKY,United Kingdom,1790931047.0,1790931047,113.99,21.9968,2194.56,False,121.82,299.05,-2.6,,2316.48,,False,0
5006,86ec40,ANA493,Japan,1790931236.0,1790931237,140.3003,35.646,5669.28,False,182.13,222.02,12.68,,5935.98,4617,False,0
5007,4ca806,RYR22EY,Ireland,1790931236.0,1790931236,-3.7477,44.7952,11582.4,False,239.05,19.88,0.0,,11993.88,4731,False,0
5008,4ca809,RYR9NN,Ireland,1790931235.0,1790931236,-8.9996,48.583,10972.8,False,215.82,182.87,0.0,,11262.36,3617,False,0
5009,4ca802,RYR8YY,Ireland,1790931237.0,1790931237,9.9898,52.5707,10302.24,False,243.06,87.45,-10.4,,10660.38,2044,False,0
5010,4ca805,RYR6929,Ireland,1790931236.0,1790931236,12.431,42.3617,5661.66,False,166.18,155.1,-4.88,,6012.18,1000,False,0
5011,7cae09,NWK2925,Australia,1790931237.0,1790931237,116.4732,-30.9611,5676.9,False,169.03,198.82,-7.8,,5836.92,7206,False,0
5012,7cae06,NWK2901,Australia,1790931237.0,1790931237,116.6786,-30.3359,9608.82,False,229.75,190.58,-11.38,,9867.9,7221,False,0
5013,7cae05,NWK1673,Australia,1790931237.0,1790931237,116.6458,-32.0116,3406.14,False,151.38,307.96,-8.78,,3535.68,4261,False,0
5014,a16632,N19DW,United States,1790931237.0,1790931237,-9.3083,38.7145,251.46,False,80.58,138.88,0.0,,365.76,,False,0
5015,4ca837,EIN642,Ireland,1790931237.0,1790931237,14.3874,50.1501,685.8,False,90.91,244.89,-4.88,,899.16,4615,False,0
5016,44c06d,PGC85K,Belgium,1790931236.0,1790931236,3.8615,50.5941,5981.7,False,79.04,222.1,5.85,,6278.88,7162,False,0
5017,44c06b,PGC16C,Belgium,1790931237.0,1790931237,6.4926,49.3239,7010.4,False,137.53,156.41,0.0,,7376.16,2016,False,0
5018,76d1c7,TGW175,Singapore,1790931236.0,1790931236,104.1063,1.9702,5090.16,False,142.87,169.42,-3.25,,5417.82,,False,0
5019,76d1c9,TGW472,Singapore,1790931236.0,1790931236,101.4906,2.3848,2842.26,False,142.62,275.38,-2.6,,3002.28,0141,False,0
5020,4ca849,RYR4RA,Ireland,1790931236.0,1790931236,12.8095,44.6412,8831.58,False,239.51,87.17,6.18,,9250.68,0260,False,0
5021,7c02d2,AUC,Australia,1790931236.0,1790931236,153.2312,-27.9755,1584.96,False,46.86,160.77,0.0,,1744.98,,False,0
5022,aa7b78,SWA2491,United States,1790931236.0,1790931236,-110.3653,35.3702,11277.6,False,236.71,72.16,0.0,,11864.34,2077,False,0
5023,4ca80f,RYR11LR,Ireland,1790931233.0,1790931233,15.3401,37.4014,2667.0,False,117.58,64.33,-6.83,,2887.98,2055,False,0
5024,4ca80b,RYR6MZ,Ireland,1790931236.0,1790931236,0.3104,41.0758,10668.0,False,221.19,253.38,0.0,,11155.68,1000,False,0
5025,4ca80c,RYR2198,Ireland,1790931237.0,1790931237,1.44,43.5581,457.2,False,98.16,323.31,-5.53,,647.7,4310,False,0
5026,4ca80d,RYR87XX,Ireland,1790931237.0,1790931237,-0.7123,39.1876,11582.4,False,241.18,44.74,-0.33,,12070.08,1000,False,0
5027,4ca80e,RYR42NF,Ireland,1790931236.0,1790931236,3.927,40.448,10972.8,False,235.75,23.26,0.0,,11475.72,5307,False,0
5028,70605a,KAC417,Kuwait,1790931236.0,1790931237,121.3053,14.7772,2209.8,False,127.5,121.64,1.3,,2385.06,,False,0
5029,485343,KLM749,Kingdom of the Netherlands,1790930957.0,1790930957,4.771,52.3138,,True,2.83,292.5,,,,6310,False,0
5030,76d1ca,TGW477,Singapore,1790931236.0,1790931237,102.9129,1.0717,9959.34,False,189.17,169.03,-5.53,,10645.14,,False,0
5031,706067,KAC167,Kuwait,1790931236.0,1790931236,25.5315,43.4104,12192.0,False,246.7,293.73,0.0,,12428.22,3203,False,0
5032,7cae48,VH8PM,Australia,1790931236.0,1790931236,23.7783,38.1008,160.02,False,35.89,27.3,-3.58,,289.56,,False,0
5033,7811d7,DKH1885,China,1790931228.0,1790931228,114.0305,22.9576,2468.88,False,139.93,269.79,-3.9,,2750.82,5023,False,0
5034,404b89,,United Kingdom,1790930989.0,1790930989,0.5205,51.8955,281.94,False,48.46,93.65,4.55,,472.44,,False,0
5035,4ca813,RYR9ED,Ireland,1790931236.0,1790931237,7.2954,51.822,6400.8,False,203.02,121.64,0.0,,6697.98,4657,False,0
5036,7cae42,MB46C,Australia,1790931237.0,1790931237,116.1514,-31.8438,929.64,False,101.5,241.88,-8.13,,1013.46,4364,False,0
5037,4ca816,RYR8AE,Ireland,1790931236.0,1790931236,8.2794,54.6605,11582.4,False,214.42,222.76,0.33,,11849.1,0741,False,0
5038,3e1686,BPO217,Germany,1790931237.0,1790931237,10.7022,47.8706,800.1,False,63.64,57.21,0.98,,1013.46,,False,0
5039,4ca810,RYR4AZ,Ireland,1790931237.0,1790931237,0.3497,49.0831,11277.6,False,223.02,163.66,0.0,,11612.88,2277,False,0
5040,4ca812,RYR82AX,Ireland,1790931237.0,1790931237,3.1812,48.4656,10363.2,False,224.88,336.54,0.0,,10751.82,1000,False,0
5041,7811ce,CSH9450,China,1790931112.0,1790931113,117.7695,23.9353,6888.48,False,209.74,66.89,0.0,,7345.68,,False,0
5042,a34fcc,REH32,United States,1790930985.0,1790930985,-122.9341,39.2706,1546.86,False,72.09,287.01,-2.93,,1592.58,,False,0
5043,48b641,SPNTB,Poland,1790931231.0,1790931231,19.4889,51.8688,342.9,False,59.08,73.3,0.33,,518.16,,False,0
5044,aacb19,FDX1409,United States,1790931237.0,1790931237,-84.4053,31.1497,11269.98,False,232.57,133.12,-1.63,,11948.16,1634,False,0
5045,aa7b4a,UAL2823,United States,1790931237.0,1790931237,-97.5617,38.7693,9448.8,False,241.52,68.9,0.0,,9883.14,,False,0
5046,501d0a,ISR345,Croatia,1790931215.0,1790931233,26.5553,35.8376,10965.18,False,221.61,299.48,0.0,,11186.16,4137,False,0
5047,706072,KAC161,Kuwait,1790931229.0,1790931235,30.8501,41.3695,10363.2,False,243.92,302.25,0.0,,10553.7,,False,0
5048,a1fcc5,UAL56,United States,1790931237.0,1790931237,-3.9283,49.5552,9753.6,False,233.33,286.0,0.0,,10081.26,0663,False,0
5049,706073,KAC157,Kuwait,1790931237.0,1790931237,35.0195,35.4555,11582.4,False,224.42,299.68,0.0,,11917.68,,False,0
5050,ac1e2d,DAL1843,United States,1790931236.0,1790931237,-89.4566,37.5624,10668.0,False,247.55,127.06,0.0,,11269.98,6624,False,0
5051,7c15e1,ELV,Australia,1790931236.0,1790931236,151.9306,-27.5527,830.58,False,44.67,28.93,0.0,,982.98,,False,0
5052,70605e,KAC101,Kuwait,1790931227.0,1790931227,36.8977,36.7064,9753.6,False,265.43,340.05,0.0,,10073.64,,False,0
5053,4a0483,ISR730,Romania,1790931236.0,1790931236,28.7969,41.2953,8953.5,False,238.28,178.39,5.2,,9166.86,1176,False,0
5054,4ca74e,EIN49W,Ireland,1790931237.0,1790931237,-8.4015,40.0435,11887.2,False,239.5,175.32,0.0,,12352.02,3710,False,0
5055,486651,KLM35G,Kingdom of the Netherlands,1790931236.0,1790931237,17.5241,48.5874,10668.0,False,243.81,133.46,0.0,,11087.1,1000,False,0
5056,e494b3,AZU4335,Brazil,1790931236.0,1790931236,-45.6096,-20.5487,10972.8,False,231.73,212.95,0.0,,11605.26,,False,0
5057,4bcde9,SXS3VR,Turkey,1790931059.0,1790931059,35.5623,38.7847,11277.6,False,256.46,44.92,0.0,,11551.92,5104,False,0
5058,4bcde8,SXS7HX,Turkey,1790931235.0,1790931236,24.8136,43.2038,11582.4,False,242.46,292.32,0.0,,11818.62,3243,False,0
5059,4bcde6,SXS8JX,Turkey,1790926792.0,1790931237,28.0813,43.0669,11582.4,False,1887.1,285.43,0.0,,10622.28,3213,False,0
5060,4bcdf6,SXS8HN,Turkey,1790931229.0,1790931229,10.0006,53.6289,,True,3.86,213.75,,,,,False,0
5061,4bcdf2,SXS3CA,Turkey,1790931235.0,1790931236,25.3976,42.4094,11277.6,False,218.63,121.33,0.0,,11506.2,0105,False,0
5062,486661,PHZVT,Kingdom of the Netherlands,1790931237.0,1790931237,5.5421,52.4686,-68.58,False,33.15,228.14,-3.58,,137.16,,False,0
5063,49c413,OKDUD62,Czech Republic,1790931236.0,1790931236,14.96,49.8372,731.52,False,53.39,122.01,,,,,False,0
5064,4bcdf0,SXS4WY,Turkey,1790931188.0,1790931188,8.5754,50.0462,,True,4.37,59.06,,,,3230,False,0
5065,846dc8,JJP587,Japan,1790931237.0,1790931237,135.1267,35.0052,9456.42,False,201.68,258.37,6.18,,9966.96,2203,False,0
5066,781392,CES235,China,1790931236.0,1790931236,98.2319,14.0896,10972.8,False,242.29,262.56,0.0,,11704.32,,False,0
5067,781393,CES7405,China,1790931007.0,1790931007,115.0015,2.5891,11582.4,False,236.65,180.5,0.0,,12405.36,,False,0
5068,4bcdee,SXS4AP,Turkey,1790931237.0,1790931237,32.6121,36.908,9448.8,False,227.54,94.41,0.0,,9677.4,0745,False,0
5069,4bcdec,SXS6EG,Turkey,1790931237.0,1790931237,27.0607,42.8836,10972.8,False,236.61,312.89,0.33,,11193.78,3275,False,0
5070,4bcdeb,SXS8UH,Turkey,1790931236.0,1790931236,7.672,51.0297,2674.62,False,145.07,278.36,-4.88,,2910.84,6623,False,0
5071,49c40b,OKDUD77,Czech Republic,1790931236.0,1790931237,14.5601,50.1566,434.34,False,44.14,40.75,,,,,False,0
5072,a2605b,N252QS,United States,1790931236.0,1790931236,5.853,46.4231,4023.36,False,206.26,131.56,-11.05,,4320.54,2037,False,0
5073,4ca75f,RYR798V,Ireland,1790931237.0,1790931237,4.6338,42.8273,11277.6,False,223.22,210.47,0.0,,11757.66,0630,False,0
5074,a77645,DAL1325,United States,1790931237.0,1790931237,-93.816,45.6101,10668.0,False,266.45,102.83,0.0,,10934.7,,False,0
5075,4ca765,RYR97BW,Ireland,1790931236.0,1790931236,0.0847,41.0063,11277.6,False,225.49,253.84,0.0,,11772.9,4070,False,0
5076,394c14,AFR93YY,France,1790931237.0,1790931237,1.0589,44.1929,9753.6,False,229.06,347.68,0.0,,10187.94,1000,False,0
5077,4ca761,RYR85RT,Ireland,1790931236.0,1790931237,-3.5415,45.9922,11285.22,False,223.68,190.87,0.0,,11666.22,5230,False,0
5078,4ca762,RYR3WY,Ireland,1790931237.0,1790931237,13.5831,52.3909,137.16,False,75.09,248.71,-3.9,,327.66,5153,False,0
5079,394c19,AFR22YN,France,1790931237.0,1790931237,-2.5975,40.9754,5440.68,False,166.73,181.41,-7.15,,5768.34,1000,False,0
5080,4ca764,RYR5UM,Ireland,1790931236.0,1790931236,2.8731,50.1449,7947.66,False,237.19,44.3,-13.33,,8305.8,1000,False,0
5081,394c18,AFR45LB,France,1790931236.0,1790931236,2.6284,48.8332,3634.74,False,171.09,237.03,14.31,,3870.96,1000,False,0
5082,4bcdd2,SXS8FR,Turkey,1790931237.0,1790931237,11.4963,48.5284,11277.6,False,225.97,133.62,0.0,,11696.7,7717,False,0
5083,3b9b60,FNY5018,France,1790931140.0,1790931140,6.1363,43.1998,2438.4,False,143.25,193.29,-10.4,,1501.14,1756,False,0
5084,48eac8,SPMMU,Poland,1790931237.0,1790931237,20.6238,52.4739,274.32,False,43.97,186.04,0.65,,472.44,,False,0
5085,4ca737,RYR2TN,Ireland,1790931237.0,1790931237,-3.5168,37.0987,10972.8,False,229.29,43.18,0.0,,11483.34,6450,False,0
5086,4ca738,RYR30AP,Ireland,1790931220.0,1790931236,14.7919,44.1734,10668.0,False,217.08,6.81,0.0,,11102.34,1000,False,0
5087,4ca739,RYR96XU,Ireland,1790931236.0,1790931236,-4.7752,38.4703,11277.6,False,226.88,200.16,0.0,,11772.9,3766,False,0
5088,3809fd,FJZCG,France,1790931235.0,1790931236,5.6393,43.4061,975.36,False,57.95,163.5,,,,7000,False,0
5089,aa9fe3,FDX1481,United States,1790931236.0,1790931236,-88.3372,33.5701,10469.88,False,246.87,129.93,7.8,,11132.82,4217,False,0
5090,4ca73f,RYR78ZJ,Ireland,1790931236.0,1790931236,0.6209,43.04,11277.6,False,208.09,187.53,0.0,,11727.18,2221,False,0
5091,4ca73b,RYR11LH,Ireland,1790931236.0,1790931236,-3.6858,47.9574,11277.6,False,209.66,205.12,0.0,,11612.88,7502,False,0
5092,78007e,CAO1187,China,1790931234.0,1790931234,-162.896,59.3753,10058.4,False,257.43,73.99,0.0,,,,False,0
5093,4ca73d,RYR5WL,Ireland,1790931237.0,1790931237,-1.4561,52.7857,1219.2,False,104.89,222.22,10.08,,1394.46,2052,False,0
5094,4ca73e,RYR7RX,Ireland,1790931237.0,1790931237,-9.4031,38.9612,11277.6,False,219.26,209.21,0.0,,11765.28,2045,False,0
5095,4ca73a,RYR3349,Ireland,1790931236.0,1790931236,-6.6512,35.4547,10972.8,False,231.92,35.06,0.0,,11483.34,6267,False,0
5096,3b9b5e,RESCT1,France,1790931189.0,1790931230,-149.6416,-17.5568,137.16,False,55.03,103.52,0.33,,160.02,,False,0
5097,4bcde4,SXS7HB,Turkey,1790931237.0,1790931237,23.4415,40.9655,11887.2,False,231.19,126.77,-0.33,,12100.56,7702,False,0
5098,4bcde3,SXS8GT,Turkey,1790931237.0,1790931237,24.4828,44.5079,10972.8,False,238.2,307.36,0.0,,11247.12,3264,False,0
5099,4bcde1,SXS7TL,Turkey,1790931236.0,1790931236,11.7691,48.4663,11277.6,False,231.05,122.45,0.0,,11689.08,7640,False,0
5100,38d19c,FJLDH,France,1790931232.0,1790931232,2.0738,48.8068,,True,3.34,129.38,,,,,False,0
5101,780092,CAO3159,China,1790931237.0,1790931237,9.2734,54.6861,11582.4,False,226.38,226.84,0.0,,11902.44,3510,False,0
5102,4ca740,RYR3185,Ireland,1790931231.0,1790931235,2.0774,41.3006,,True,0.0,247.5,,,,,False,0
5103,4ca741,RYR86DZ,Ireland,1790931237.0,1790931237,4.065,48.7655,5791.2,False,193.55,178.02,0.0,,6096.0,1000,False,0
5104,4bcdce,SXS3TX,Turkey,1790931236.0,1790931237,29.66,40.6241,11582.4,False,235.14,334.05,0.0,,11788.14,3206,False,0
5105,48eace,,Poland,1790931229.0,1790931229,16.8221,52.4201,,True,12.35,286.88,,,,,False,0
5106,48eae8,SPBITE,Poland,1790931236.0,1790931236,18.1424,54.33,411.48,False,62.67,350.07,-0.98,,579.12,,False,0
5107,48c910,SPTIR,Poland,1790931237.0,1790931237,20.9081,52.3587,350.52,False,43.69,167.76,1.3,,563.88,,False,0
5108,ace96a,ASA382,United States,1790931237.0,1790931237,-98.8783,42.1003,10668.0,False,267.35,116.02,0.0,,11102.34,,False,0
5109,e481d8,GLO1761,Brazil,1790931109.0,1790931109,-52.0882,-13.7355,11887.2,False,253.64,111.41,0.0,,12603.48,,False,0
5110,a58fdf,AAL3166,United States,1790931236.0,1790931236,-76.8829,40.4078,6339.84,False,236.15,110.13,-10.73,,6652.26,4371,False,0
5111,3b9b17,FNY5276,France,1790931237.0,1790931237,-2.8298,47.5348,5288.28,False,179.03,133.6,13.0,,5585.46,,False,0
5112,4ca76f,EIN7PM,Ireland,1790931237.0,1790931237,-10.9437,37.5631,11277.6,False,226.21,194.35,0.33,,11788.14,3744,False,0
5113,adf64c,CSB599,United States,1790931237.0,1790931237,-84.4825,34.4334,10972.8,False,240.37,178.16,0.0,,11620.5,6717,False,0
5114,e494bc,GLO2081,Brazil,1790931235.0,1790931236,-43.4091,-22.3535,4267.2,False,119.41,255.78,-4.55,,4488.18,,False,0
5115,48eafb,SPAWU,Poland,1790931228.0,1790931228,20.3246,49.6245,1379.22,False,46.28,204.29,,,1409.7,7000,False,0
5116,3b9b1f,BELIGOUT,France,1790931237.0,1790931237,6.7189,43.5283,1219.2,False,74.51,197.68,-2.6,,1432.56,,False,0
5117,449683,JAF29J,Belgium,1790931236.0,1790931236,23.3246,36.9258,9913.62,False,216.95,333.37,3.58,,10081.26,,False,0
5118,a178c0,N194TR,United States,1790931237.0,1790931237,-97.3315,47.0878,4777.74,False,115.55,294.74,0.0,,4853.94,,False,0
5119,405e24,TOM41Y,United Kingdom,1790931006.0,1790931006,14.4031,41.0571,3497.58,False,125.72,59.24,-6.83,,3810.0,7273,False,0
5120,4ca783,ITY1727,Ireland,1790931236.0,1790931236,15.6541,37.5476,2087.88,False,116.13,351.08,-5.2,,2293.62,6315,False,0
5121,7705c2,ALK167,Sri Lanka,1790931236.0,1790931236,78.7231,8.5669,9136.38,False,213.67,312.95,0.0,,9646.92,,False,0
5122,7705c5,ALK178,Sri Lanka,1790931237.0,1790931237,79.6077,14.9871,10119.36,False,238.7,174.68,4.23,,10736.58,,False,0
5123,491d8e,NJE118U,Portugal,1790931237.0,1790931237,42.3289,41.3467,12489.18,False,273.01,80.24,-0.33,,12763.5,1032,False,0
5124,7c0307,AVT,Australia,1790931216.0,1790931216,153.5204,-28.1878,15.24,False,30.63,330.85,-2.28,,160.02,,False,0
5125,491d8a,NJE088F,Portugal,1790931237.0,1790931237,11.7439,41.0391,13106.4,False,237.85,267.77,0.0,,13548.36,2350,False,0
5126,888128,VJC973,Viet Nam,1790930952.0,1790930952,103.988,1.3407,,True,6.43,202.5,,,,,False,0
5127,4851f5,KLM862,Kingdom of the Netherlands,1790931237.0,1790931237,-163.7075,68.6194,9448.8,False,244.11,26.94,0.0,,8953.5,,False,0
5128,491d99,NJE834N,Portugal,1790931236.0,1790931237,14.8408,57.8575,12192.0,False,236.5,223.77,0.0,,12534.9,0744,False,0
5129,4851f6,KLM591,Kingdom of the Netherlands,1790931195.0,1790931195,4.7757,52.3054,,True,3.09,151.88,,,,,False,0
5130,780005,CAO1152,China,1790931237.0,1790931237,29.0062,40.8968,8336.28,False,203.91,115.08,4.55,,8534.4,1043,False,0
5131,491d84,NJE452M,Portugal,1790931236.0,1790931236,19.852,44.6711,12496.8,False,253.32,117.19,-0.33,,12847.32,7567,False,0
5132,48a1ad,SPINN,Poland,1790931237.0,1790931237,10.6327,50.1673,3962.4,False,100.75,51.84,0.0,,4236.72,7662,False,0
5133,a0a8da,UAL576,United States,1790931236.0,1790931236,-82.6878,41.9297,11277.6,False,284.0,90.83,0.0,,11788.14,6744,False,0
5134,43c61a,NVY572,United Kingdom,1790931237.0,1790931237,-5.9565,50.5083,1828.8,False,81.25,151.65,0.0,,2026.92,7362,False,0
5135,a0cb68,AAL2777,United States,1790931237.0,1790931237,-95.691,33.4172,10066.02,False,248.07,104.9,0.0,,10660.38,,False,0
5136,4864ee,KLM67F,Kingdom of the Netherlands,1790931232.0,1790931232,-2.1945,57.1976,0.0,False,26.56,158.4,0.0,,121.92,7345,False,0
5137,4864ec,KLM83R,Kingdom of the Netherlands,1790931237.0,1790931237,0.3298,53.3059,10058.4,False,212.68,280.88,-8.13,,10287.0,6276,False,0
5138,4ca6a4,RYR8DU,Ireland,1790931237.0,1790931237,12.9519,57.0631,10972.8,False,213.53,225.29,0.0,,11300.46,0734,False,0
5139,4864ed,KLM42N,Kingdom of the Netherlands,1790931237.0,1790931237,-3.3089,55.4903,7399.02,False,226.66,99.14,10.08,,7543.8,6330,False,0
5140,a5237f,DAL226,United States,1790931236.0,1790931236,-73.5316,40.3306,1203.96,False,148.05,58.35,0.0,,1242.06,4273,False,0
5141,3f7e3d,GAF106,Germany,1790931237.0,1790931237,13.7198,50.9154,8831.58,False,210.82,113.44,0.33,,9227.82,7632,False,0
5142,780019,CAO1159,China,1790931237.0,1790931237,12.0425,59.356,10972.8,False,233.99,262.55,0.0,,11300.46,2231,False,0
5143,ac9923,UAL987,United States,1790931236.0,1790931236,1.7056,49.2442,2545.08,False,145.91,136.29,-7.48,,2781.3,6301,False,0
5144,781350,CDG2210,China,1790930957.0,1790930957,117.1361,39.0194,5394.96,False,165.08,41.59,0.0,,5585.46,,False,0
5145,02a263,TAR903,Tunisia,1790931237.0,1790931237,5.6139,42.326,6827.52,False,239.07,165.55,6.83,,7246.62,5663,False,0
5146,4864ea,KLC53F,Kingdom of the Netherlands,1790931237.0,1790931237,10.0962,60.7006,11887.2,False,257.03,14.37,0.0,,12138.66,0152,False,0
5147,4864eb,KLM96D,Kingdom of the Netherlands,1790931237.0,1790931237,4.1093,51.6653,4030.98,False,191.19,3.39,-6.18,,4274.82,1000,False,0
5148,3df5ab,NHC06,Germany,1790930957.0,1790930957,7.1355,53.6187,68.58,False,60.51,333.22,-0.98,,266.7,0020,False,0
5149,02a261,TAR718,Tunisia,1790931237.0,1790931237,4.4564,46.8524,10370.82,False,229.58,328.38,0.0,,10789.92,1000,False,0
5150,780031,HYT9158,China,1790931237.0,1790931237,90.3092,24.0911,11277.6,False,238.6,102.96,0.0,,12016.74,0510,False,0
5151,781362,CSN343,China,1790931237.0,1790931237,144.1541,-36.1738,5646.42,False,186.83,147.71,-7.15,,5798.82,,False,0
5152,02a260,TAR744,Tunisia,1790931237.0,1790931237,8.8962,48.4836,9608.82,False,232.2,355.55,-5.2,,10005.06,1000,False,0
5153,4851b0,KLM596,Kingdom of the Netherlands,1790931237.0,1790931237,13.53,-9.8115,10363.2,False,261.46,343.78,0.0,,11064.24,,False,0
5154,780041,CSZ8991,China,1790931165.0,1790931174,112.7021,22.5201,6614.16,False,207.81,221.19,0.65,,7033.26,,False,0
5155,7c298c,IHQ,Australia,1790931237.0,1790931237,149.8555,-34.2297,2065.02,False,98.67,78.57,0.65,,2240.28,4225,False,0
5156,781374,CUA5955,China,1790930957.0,1790930957,116.9907,38.8673,4511.04,False,196.27,174.89,0.0,,4671.06,,False,0
5157,49d6b5,OKCEO,Czech Republic,1790931237.0,1790931237,14.1146,50.4154,4267.2,False,131.2,5.17,-0.33,,4572.0,,False,0
5158,4b7f5a,GIZ81,Switzerland,1790931237.0,1790931237,8.7686,47.2075,1684.02,False,120.54,50.19,-8.78,,1905.0,1540,False,0
5159,478d83,WIF5FA,Norway,1790931236.0,1790931236,16.9632,68.3615,7315.2,False,162.14,209.25,-0.33,,7559.04,,False,0
5160,781383,,China,1790931185.0,1790931185,117.5973,23.7965,6568.44,False,197.45,233.37,15.28,,6797.04,,False,0
5161,e49527,GLO1749,Brazil,1790931236.0,1790931236,-48.6973,-26.3143,11125.2,False,180.67,345.49,-0.33,,11612.88,,False,0
5162,4ca5c7,EIN580,Ireland,1790931236.0,1790931237,-4.7773,37.8654,7719.06,False,214.15,189.12,-9.43,,8168.64,2232,False,0
5163,501c0c,EXS7MJ,Croatia,1790931236.0,1790931237,-0.5133,50.8985,3230.88,False,157.28,86.06,-2.6,,3459.48,7464,False,0
5164,501c1c,TDR163,Croatia,1790931237.0,1790931237,21.2821,40.2423,11269.98,False,240.02,137.87,-0.33,,11551.92,6505,False,0
5165,4853d4,TRA88B,Kingdom of the Netherlands,1790931237.0,1790931237,23.7873,37.7591,891.54,False,85.82,37.69,0.98,,1028.7,6522,False,0
5166,a5bb1b,ASA593,United States,1790931237.0,1790931237,-149.9978,61.1712,,True,5.92,272.81,,,,,False,0
5167,e49523,GLO7212,Brazil,1790931232.0,1790931232,-51.0244,-27.7752,12199.62,False,213.28,219.91,-0.33,,12649.2,,False,0
5168,e49525,GLO1519,Brazil,1790931237.0,1790931237,-46.2882,-19.9749,11887.2,False,248.17,155.51,0.0,,12565.38,,False,0
5169,706137,JZR611,Kuwait,1790931237.0,1790931237,44.9709,41.6535,480.06,False,65.87,316.58,-3.9,,541.02,0755,False,0
5170,48ea00,ENT4061,Poland,1790931237.0,1790931237,21.0218,52.0752,1028.7,False,126.72,169.24,14.96,,1234.44,,False,0
5171,706130,JZR534,Kuwait,1790931236.0,1790931236,72.1578,23.0256,10972.8,False,227.75,266.76,0.0,,11666.22,,False,0
5172,706131,JZR731,Kuwait,1790931055.0,1790931088,34.3007,29.1411,10965.18,False,196.68,288.29,-0.33,,11513.82,,False,0
5173,e4952b,GLO1827,Brazil,1790931058.0,1790931071,-43.2917,-22.7938,190.5,False,80.08,125.32,-4.23,,205.74,,False,0
5174,4866df,TRA44B,Kingdom of the Netherlands,1790931237.0,1790931237,11.1487,49.7045,10965.18,False,232.85,319.66,0.0,,11399.52,1000,False,0
5175,3d083f,DEBJJ,Germany,1790931236.0,1790931236,8.7307,54.5176,1150.62,False,86.87,288.65,-2.93,,1333.5,5077,False,0
5176,c01dcb,FLE106,Canada,1790931237.0,1790931237,-97.8396,47.9803,11277.6,False,259.8,100.84,0.0,,11422.38,,False,0
5177,48c9f3,PPU01,Poland,1790931236.0,1790931237,16.1728,51.1899,3048.0,False,138.35,112.75,-0.33,,3307.08,,False,0
5178,405ea7,GHHDR,United Kingdom,1790931237.0,1790931237,0.8632,51.2553,731.52,False,54.94,136.14,0.98,,929.64,4575,False,0
5179,341682,IBS1632,Spain,1790931237.0,1790931237,-4.5726,39.3273,8694.42,False,205.89,45.2,-11.7,,9174.48,6221,False,0
5180,501c16,CFG2JH,Croatia,1790931237.0,1790931237,24.4052,39.8173,10972.8,False,226.16,319.24,0.0,,11178.54,2017,False,0
5181,4bce43,SXS9UK,Turkey,1790931237.0,1790931237,29.6786,37.8086,9951.72,False,229.96,133.73,-11.38,,10180.32,4510,False,0
5182,acc3b4,AAL2514,United States,1790931172.0,1790931172,-100.6931,39.6221,10066.02,False,249.0,96.41,0.0,,10546.08,3374,False,0
5183,ae29fc,VM205,United States,1790931237.0,1790931237,10.1479,42.1388,7620.0,False,154.34,179.62,0.0,,8039.1,2574,False,0
5184,aacc5b,UAL46,United States,1790931237.0,1790931237,7.8399,50.0541,3048.0,False,152.52,159.67,-4.88,,3307.08,5234,False,0
5185,acc3b1,UPS788,United States,1790931237.0,1790931237,-86.7052,37.0742,10370.82,False,226.66,230.71,7.15,,11003.28,6703,False,0
5186,c0611f,ACA845,Canada,1790931237.0,1790931237,8.3916,50.9087,6347.46,False,220.63,333.55,8.13,,6667.5,2511,False,0
5187,501c3b,CTN56E,Croatia,1790931235.0,1790931235,15.7164,45.6979,1188.72,False,112.83,136.85,-4.88,,1417.32,1000,False,0
5188,48c9e4,SPTPE,Poland,1790931237.0,1790931237,20.8647,52.9951,350.52,False,27.66,223.49,-3.58,,556.26,,False,0
5189,4bce49,SXS5NW,Turkey,1790931237.0,1790931237,25.3566,40.9225,11887.2,False,225.24,136.39,0.0,,12092.94,4373,False,0
5190,4866e8,PHZLD,Kingdom of the Netherlands,1790931237.0,1790931237,5.0092,51.7211,472.44,False,47.55,238.72,-0.65,,685.8,7000,False,0
5191,4bce45,SXS6WA,Turkey,1790931237.0,1790931237,15.8306,51.7305,10949.94,False,234.56,140.34,4.23,,11353.8,7602,False,0
5192,48ea20,SPGMW,Poland,1790930958.0,1790930959,21.7013,49.7403,434.34,False,42.03,158.46,-0.98,,632.46,,False,0
5193,501c49,CTN39PR,Croatia,1790931237.0,1790931237,12.1124,47.9717,3474.72,False,165.46,140.17,11.38,,3741.42,1000,False,0
5194,c07446,SLG4,Canada,1790931236.0,1790931236,-106.2592,53.2299,6096.0,False,137.64,197.62,0.0,,6096.0,,False,0
5195,a2d5eb,FDX1429,United States,1790931237.0,1790931237,-93.6432,35.7687,9761.22,False,238.31,284.25,0.0,,10325.1,1544,False,0
5196,e4950b,PPLHG,Brazil,1790931233.0,1790931233,-48.6481,-26.8794,,True,0.06,146.25,,,,,False,0
5197,7c03fa,QLK1944,Australia,1790931227.0,1790931227,151.1807,-33.9318,,True,0.0,185.62,,,,,False,0
5198,7cf0a0,,Australia,1790931008.0,1790931008,144.8528,-37.685,,True,5.14,126.56,,,,,False,0
5199,3d085a,DEBKK,Germany,1790931237.0,1790931237,14.7038,46.4663,7620.0,False,116.34,167.75,0.0,,8016.24,1000,False,0
5200,3cd50b,TYW211F,Germany,1790931224.0,1790931224,15.4451,37.536,815.34,False,101.02,239.39,-0.33,,990.6,5540,False,0
5201,a82e57,UPS35,United States,1790931236.0,1790931236,148.6446,-32.9383,11582.4,False,206.11,299.12,0.0,,11993.88,1525,False,0
5202,394ce0,FGTHA,France,1790931236.0,1790931237,5.9509,44.4987,3672.84,False,47.4,152.88,4.55,,3962.4,7071,False,0
5203,48c9c9,SPTOK,Poland,1790931236.0,1790931237,16.7632,50.9797,304.8,False,40.16,267.8,-0.33,,510.54,,False,0
5204,501c5e,CTN4435,Croatia,1790931237.0,1790931237,13.3513,46.8557,5791.2,False,135.08,158.32,0.0,,6134.1,1000,False,0
5205,501c5a,CTN4487,Croatia,1790931237.0,1790931237,18.1149,59.6188,1036.32,False,137.0,72.52,7.15,,1211.58,1000,False,0
5206,86ebfa,ANA855,Japan,1790930922.0,1790930927,106.6262,-6.1212,160.02,False,77.57,68.2,-4.23,,175.26,,False,0
5207,48ea3a,ENT1UC,Poland,1790931236.0,1790931237,23.6548,42.0652,12496.8,False,233.43,145.96,0.0,,12725.4,2222,False,0
5208,48ea3b,ENT4809,Poland,1790930916.0,1790930962,26.9186,34.7426,11277.6,False,233.12,156.32,0.0,,11513.82,7524,False,0
5209,48c9b2,SPTNT,Poland,1790931233.0,1790931236,19.4076,51.0901,1828.8,False,59.78,33.42,0.0,,2057.4,,False,0
5210,501c4b,CTN37RA,Croatia,1790931236.0,1790931236,12.4137,47.9549,3954.78,False,170.97,135.0,11.38,,4244.34,1000,False,0
5211,43c6f6,RRR9915,United Kingdom,1790930968.0,1790930969,33.6379,30.6242,8839.2,False,237.11,150.21,0.0,,9288.78,2210,False,0
5212,43c6f7,TTN59,United Kingdom,1790931236.0,1790931236,1.266,53.4355,3657.6,False,159.87,276.1,0.0,,3878.58,6070,False,0
5213,501c59,CTN25F,Croatia,1790931237.0,1790931237,2.4366,48.9859,457.2,False,77.93,85.46,-4.23,,670.56,1000,False,0
5214,405ee1,BAW758,United Kingdom,1790931237.0,1790931237,7.527,47.5991,,True,2.31,95.62,,,,2274,False,0
5215,c01dac,FLE664,Canada,1790931236.0,1790931237,-100.5649,48.2173,11277.6,False,270.74,95.34,0.0,,11452.86,,False,0
5216,48ea4a,SPCTX,Poland,1790931236.0,1790931236,20.1183,52.0536,266.7,False,62.02,69.61,-0.98,,472.44,,False,0
5217,48ea4d,RYR9688,Poland,1790931235.0,1790931235,-6.2499,53.4296,,True,5.14,278.44,,,,5222,False,0
5218,a03406,N112EA,United States,1790931218.0,1790931222,21.1942,55.8294,1036.32,False,92.29,157.72,4.55,,1257.3,2663,False,0
5219,845d1c,JAL516,Japan,1790931237.0,1790931237,141.4249,41.5737,10088.88,False,219.04,190.97,4.55,,10218.42,,False,0
5220,acb0b6,ASA1648,United States,1790931236.0,1790931236,-101.5863,36.0778,10668.0,False,239.99,148.32,0.0,,11201.4,6657,False,0
5221,49d4f8,OKBAC,Czech Republic,1790931237.0,1790931237,17.2346,45.891,2895.6,False,84.1,203.43,0.0,,3147.06,6743,False,0
5222,49d4f1,OKPUL,Czech Republic,1790931236.0,1790931236,13.9547,49.817,1379.22,False,84.6,104.8,-3.9,,1584.96,7661,False,0
5223,781416,CES738,China,1790931237.0,1790931237,120.3982,15.1898,10355.58,False,258.84,358.63,0.0,,11117.58,,False,0
5224,ae03e7,CNV5302,United States,1790931133.0,1790931133,20.5163,35.7122,7612.38,False,155.77,110.29,0.0,,7894.32,,False,0
5225,48ea77,SPRACE,Poland,1790931237.0,1790931237,16.4898,46.7662,2887.98,False,79.76,210.2,-0.33,,3147.06,6023,False,0
5226,48418b,,Kingdom of the Netherlands,1790931185.0,1790931185,4.7736,52.3087,,True,3.6,357.19,,,,,False,0
5227,a0cab1,FDX1729,United States,1790931236.0,1790931236,-86.1574,38.7533,9288.78,False,239.28,146.75,4.55,,9799.32,,False,0
5228,3cc24b,AWH29M,Germany,1790931237.0,1790931237,11.2704,48.0726,701.04,False,83.3,224.75,19.51,,899.16,1000,False,0
5229,48ea83,SPHSA,Poland,1790931236.0,1790931236,19.1479,50.2582,190.5,False,40.52,110.05,-1.3,,396.24,,False,0
5230,7caf1b,VOZ697,Australia,1790931237.0,1790931237,143.2978,-38.0109,8054.34,False,213.32,257.61,6.5,,8168.64,4265,False,0
5231,48ea93,SPIWD,Poland,1790931237.0,1790931237,18.874,50.3681,411.48,False,47.69,227.19,0.0,,624.84,,False,0
5232,478f0b,SCQZ71N,Norway,1790931014.0,1790931014,8.7353,58.5288,144.78,False,29.68,295.68,-1.63,,365.76,,False,0
5233,7812b4,CES2665,China,1790930936.0,1790930955,120.5027,37.9189,9784.08,False,225.66,184.97,0.0,,10149.84,,False,0
5234,4243f5,SMR104,United Kingdom,1790931236.0,1790931236,31.0566,41.7769,9075.42,False,243.31,86.36,5.53,,9136.38,,False,0
5235,a14104,DAL915,United States,1790931237.0,1790931237,-106.1339,40.0416,10668.0,False,248.4,73.52,0.0,,11201.4,6751,False,0
5236,48548c,KLC1070,Kingdom of the Netherlands,1790931237.0,1790931237,3.4377,52.4036,4495.8,False,203.7,69.14,-7.8,,4747.26,7632,False,0
5237,e480d1,TAM3095,Brazil,1790931236.0,1790931236,-47.1188,-23.1901,4122.42,False,181.81,168.24,-6.5,,4343.4,,False,0
5238,ab79ca,AAL293P,United States,1790931237.0,1790931237,-68.4516,41.2405,11582.4,False,247.04,268.33,0.0,,12207.24,,False,0
5239,484166,KLM65M,Kingdom of the Netherlands,1790931237.0,1790931237,11.0989,60.1999,,True,10.29,106.88,,,,0162,False,0
5240,7caf17,VOZ241,Australia,1790931237.0,1790931237,143.0038,-37.1152,10180.32,False,208.94,291.07,6.83,,10302.24,4004,False,0
5241,4243fa,AZG1312,United Kingdom,1790931126.0,1790931126,-137.7446,61.1373,10058.4,False,274.39,110.98,0.0,,9745.98,5750,False,0
5242,7caf16,VOZ870,Australia,1790931237.0,1790931237,150.9299,-34.8691,8473.44,False,212.89,241.89,4.88,,8823.96,3256,False,0
5243,50848a,SQY4112,Ukraine,1790931234.0,1790931234,31.0487,38.8228,10332.72,False,238.32,4.21,4.23,,10507.98,,False,0
5244,7c29da,VOZ341,Australia,1790931237.0,1790931237,146.293,-36.0152,11384.28,False,232.4,40.6,3.25,,11620.5,1275,False,0
5245,48548e,KLC948,Kingdom of the Netherlands,1790931237.0,1790931237,-5.9077,54.5844,762.0,False,57.36,209.55,8.45,,868.68,,False,0
5246,48415f,KLM1406,Kingdom of the Netherlands,1790931237.0,1790931237,2.9276,49.8006,7292.34,False,228.81,21.08,4.88,,7642.86,1000,False,0
5247,a16761,AMF4202,United States,1790931236.0,1790931236,-98.0414,30.6707,5501.64,False,128.52,198.43,0.0,,5814.06,,False,0
5248,a2b10c,UAL1827,United States,1790931236.0,1790931236,-88.2757,40.4343,11277.6,False,272.89,84.48,0.0,,11818.62,,False,0
5249,a2b10b,UAL1194,United States,1790931237.0,1790931237,-86.5595,40.3528,11277.6,False,279.7,81.01,0.0,,11849.1,0776,False,0
5250,7812be,CXA830,China,1790931236.0,1790931237,-127.2905,44.3661,10355.58,False,244.79,333.54,-0.33,,10736.58,1341,False,0
5251,484155,KLM93W,Kingdom of the Netherlands,1790931237.0,1790931237,11.65,45.2533,2072.64,False,140.35,168.15,-2.93,,2308.86,1000,False,0
5252,4bcda9,SXS2HQ,Turkey,1790931237.0,1790931237,16.074,46.5136,11277.6,False,239.71,124.07,0.0,,11711.94,7641,False,0
5253,4bcda6,SXS4PL,Turkey,1790931236.0,1790931236,24.0943,40.337,10972.8,False,231.61,312.3,-0.33,,11178.54,5335,False,0
5254,a81b4e,N621PW,United States,1790931237.0,1790931237,-75.6171,40.5799,1005.84,False,32.23,278.26,1.63,,1021.08,,False,0
5255,4bcda5,SXS3FR,Turkey,1790931236.0,1790931236,28.6955,38.5136,11277.6,False,236.17,131.47,0.33,,11498.58,7620,False,0
5256,4bcda4,SXS5AR,Turkey,1790931237.0,1790931237,17.3281,47.8545,11582.4,False,208.78,306.08,0.0,,11993.88,3225,False,0
5257,845d88,ANA537,Japan,1790931236.0,1790931236,139.802,35.5385,,True,5.4,182.81,,,,,False,0
5258,4bcda2,SXS2,Turkey,1790931237.0,1790931237,26.761,38.8759,10668.0,False,232.96,122.01,0.0,,10866.12,7701,False,0
5259,4ca719,ITY1463,Ireland,1790931237.0,1790931237,11.7442,42.9561,8534.4,False,221.88,339.51,0.0,,8976.36,,False,0
5260,4bcdb0,SXS6EV,Turkey,1790931237.0,1790931237,9.4534,47.45,9265.92,False,235.79,107.13,6.5,,9685.02,6732,False,0
5261,484162,KLM29A,Kingdom of the Netherlands,1790931237.0,1790931237,8.4015,47.993,3962.4,False,143.44,9.5,0.0,,4244.34,1000,False,0
5262,484161,KLM59U,Kingdom of the Netherlands,1790931236.0,1790931236,16.9311,59.7946,3322.32,False,204.44,44.59,-4.55,,3558.54,1000,False,0
5263,4a5dd4,MYJ743,Romania,1790931236.0,1790931236,26.4154,41.1264,12496.8,False,215.07,89.04,-0.33,,12702.54,1263,False,0
5264,4bcdaa,SXS9UL,Turkey,1790931236.0,1790931237,15.8365,45.2733,11887.2,False,240.63,128.32,0.0,,12298.68,5570,False,0
5265,a2c440,N278AM,United States,1790930989.0,1790930995,-114.8039,35.7176,1752.6,False,63.36,156.56,-0.33,,1828.8,,False,0
5266,4bcdb5,SXS5LJ,Turkey,1790931237.0,1790931237,9.8524,51.3746,10972.8,False,231.87,294.23,0.0,,11346.18,3264,False,0
5267,3cc207,PWF750,Germany,1790931237.0,1790931237,6.5091,46.4287,8839.2,False,149.7,201.36,0.0,,9250.68,1000,False,0
5268,4bcdb3,SXS4NT,Turkey,1790931237.0,1790931237,26.6677,41.7666,11277.6,False,225.1,144.68,0.0,,11483.34,4441,False,0
5269,c01e93,CJT579,Canada,1790931236.0,1790931236,-92.7048,47.7367,10972.8,False,203.66,286.28,0.0,,11026.14,0525,False,0
5270,7caf5f,CT376,Australia,1790931236.0,1790931236,115.9698,-31.9439,,True,4.89,154.69,,,,3723,False,0
5271,4bcdae,SXS440,Turkey,1790931236.0,1790931236,29.9079,40.1653,10972.8,False,235.69,337.41,-0.33,,11186.16,,False,0
5272,ac0c24,SWA2251,United States,1790931237.0,1790931237,-103.5969,35.5294,10668.0,False,229.46,90.77,0.0,,11224.26,,False,0
5273,484132,KLM1042,Kingdom of the Netherlands,1790931237.0,1790931237,1.8008,52.2847,10447.02,False,248.16,96.79,-18.86,,10744.2,7633,False,0
5274,abec03,SWA1246,United States,1790931237.0,1790931237,-91.8493,39.3149,10668.0,False,280.83,81.57,-0.33,,11186.16,2025,False,0
5275,48412d,SMB270,Kingdom of the Netherlands,1790931236.0,1790931236,16.5785,47.9219,14325.6,False,244.83,309.54,0.0,,14676.12,2663,False,0
5276,49d600,OKDPH,Czech Republic,1790931237.0,1790931237,14.7231,50.2658,190.5,False,38.2,295.53,3.9,,388.62,,False,0
5277,49d617,ATJ261,Czech Republic,1790930281.0,1790931236,24.278,54.3936,12192.0,False,218.69,252.76,14.96,,8275.32,1000,False,0
5278,4ca703,RYR22KC,Ireland,1790931236.0,1790931237,-1.6903,52.4588,8275.32,False,226.85,153.9,10.4,,8519.16,6350,False,0
5279,4ca704,RYR5WQ,Ireland,1790931236.0,1790931237,-5.7931,35.7196,533.4,False,96.81,276.41,-5.2,,662.94,0472,False,0
5280,4243c3,AZG3824,United Kingdom,1790931237.0,1790931237,15.4085,49.1317,10058.4,False,255.49,106.98,0.0,,10485.12,6426,False,0
5281,4ca700,RYR59ET,Ireland,1790931237.0,1790931237,12.4913,41.8306,9753.6,False,216.52,352.22,0.0,,10195.56,,False,0
5282,49d611,OKDKB,Czech Republic,1790931237.0,1790931237,16.7189,55.8458,7620.0,False,128.56,33.24,0.0,,7970.52,6450,False,0
5283,4ca702,RUK3UK,Ireland,1790931229.0,1790931229,19.0863,42.4857,8267.7,False,223.48,329.42,7.48,,8488.68,,False,0
5284,4bccba,SXS46A,Turkey,1790931237.0,1790931237,30.763,36.7825,533.4,False,84.38,35.82,-1.63,,594.36,6424,False,0
5285,45f469,BB54,Denmark,1790931231.0,1790931231,8.6928,56.3999,853.44,False,30.15,154.75,4.88,,1021.08,,False,0
5286,841538,JAL327,Japan,1790931237.0,1790931237,137.4113,35.4243,11948.16,False,208.64,260.49,3.25,,12595.86,7350,False,0
5287,a7b40e,DAL2359,United States,1790931002.0,1790931002,-107.4397,45.8075,11277.6,False,279.5,95.28,0.0,,11681.46,3554,False,0
5288,49d60c,OKPEL,Czech Republic,1790931234.0,1790931235,15.8473,50.2423,,True,0.0,233.44,,,,,False,0
5289,45f45b,BB75,Denmark,1790931236.0,1790931236,9.4042,56.1899,601.98,False,33.85,313.15,10.08,,792.48,6375,False,0
5290,49d627,NTF683F,Czech Republic,1790931120.0,1790931122,19.0682,50.476,137.16,False,41.16,90.72,-1.63,,342.9,1000,False,0
5291,a2b156,UAL406,United States,1790931237.0,1790931237,-102.8514,40.1785,10668.0,False,246.98,78.83,0.0,,11201.4,6741,False,0
5292,49d624,AAO55,Czech Republic,1790931237.0,1790931237,-2.2654,40.1946,5669.28,False,146.3,275.65,-2.93,,6027.42,1000,False,0
5293,c085d5,WJA10,Canada,1790931236.0,1790931236,-5.103,50.1996,11879.58,False,259.59,127.19,-0.33,,12153.9,6320,False,0
5294,48676c,PHKFR,Kingdom of the Netherlands,1790931237.0,1790931237,6.5881,53.1692,289.56,False,49.82,163.81,-0.65,,487.68,7000,False,0
5295,48676d,PHKFQ,Kingdom of the Netherlands,1790931236.0,1790931236,6.6072,53.1222,1379.22,False,65.29,59.19,-0.65,,1584.96,7000,False,0
5296,45f463,BB51,Denmark,1790931075.0,1790931077,9.148,56.2976,38.1,False,34.98,270.0,-3.25,,220.98,6351,False,0
5297,48676b,PHKFS,Kingdom of the Netherlands,1790931237.0,1790931237,6.6238,53.0488,304.8,False,62.68,16.2,0.0,,510.54,7000,False,0
5298,c87efe,TXP2HAWK,New Zealand,1790931236.0,1790931237,179.6911,-41.61,,True,0.0,165.94,,,,,False,0
5299,c87efd,TXP1HAWK,New Zealand,1790931236.0,1790931236,179.0247,-41.5844,,True,0.0,165.94,,,,,False,0
5300,48676e,PHKFP,Kingdom of the Netherlands,1790931236.0,1790931236,6.5955,53.1275,-106.68,False,36.01,233.13,-2.28,,91.44,7000,False,0
5301,48676f,PHKFO,Kingdom of the Netherlands,1790931124.0,1790931132,6.5889,53.1243,-129.54,False,35.92,231.98,-2.28,,68.58,7000,False,0
5302,486769,PHKFU,Kingdom of the Netherlands,1790931236.0,1790931236,6.6882,53.3193,655.32,False,56.7,323.86,2.6,,861.06,7000,False,0
5303,3b77fe,CTM1296,France,1790931237.0,1790931237,1.936,48.2113,1363.98,False,119.68,208.22,0.0,,1577.34,3326,False,0
5304,abfdd1,AAL780,United States,1790931236.0,1790931236,-0.8306,46.7059,11887.2,False,257.74,115.29,0.0,,12291.06,1000,False,0
5305,780195,CPA629,China,1790931237.0,1790931237,116.1557,7.6281,12192.0,False,237.25,184.1,0.0,,13030.2,,False,0
5306,49d630,ELI30A,Czech Republic,1790931236.0,1790931236,1.8955,42.9986,13716.0,False,213.32,172.38,-0.33,,14135.1,2055,False,0
5307,49d633,OKBIS,Czech Republic,1790931237.0,1790931237,14.7186,50.5404,655.32,False,46.07,60.57,-3.25,,861.06,,False,0
5308,780193,CPA722,China,1790931157.0,1790931157,114.025,22.021,1821.18,False,135.38,292.57,-4.23,,1943.1,,False,0
5309,4ca643,RYR27LQ,Ireland,1790931236.0,1790931236,0.5738,42.7825,11277.6,False,207.38,187.13,0.0,,11727.18,2275,False,0
5310,ae0424,,United States,1790931237.0,1790931237,1.5726,53.4939,4884.42,False,147.67,279.63,-1.3,,5097.78,6067,False,0
5311,a38141,DAL2068,United States,1790931233.0,1790931233,-73.8585,40.769,,True,0.06,132.19,,,,1131,False,0
5312,abb775,DAL293,United States,1790931233.0,1790931233,-6.2425,53.4237,,True,0.0,323.44,,,,,False,0
5313,a2b136,UAL2009,United States,1790931235.0,1790931236,-109.1817,35.3906,11277.6,False,239.49,114.09,0.33,,11887.2,,False,0
5314,4bccb0,SXS4AX,Turkey,1790931232.0,1790931234,26.7292,38.3714,4023.36,False,194.73,266.97,13.66,,4145.28,3251,False,0
5315,405f12,EZY83MB,United Kingdom,1790931107.0,1790931113,3.6694,57.9281,10363.2,False,206.38,234.84,0.0,,10530.84,,False,0
5316,405f13,EZY83MU,United Kingdom,1790931237.0,1790931237,4.8999,44.799,9753.6,False,230.66,2.3,0.0,,10218.42,5320,False,0
5317,405f11,EZY48KP,United Kingdom,1790931237.0,1790931237,-5.7985,38.0762,6179.82,False,204.18,28.44,7.15,,6568.44,4634,False,0
5318,4bccaa,SXS4TM,Turkey,1790931203.0,1790931219,30.7909,36.8874,579.12,False,75.62,6.64,-1.3,,91.44,2545,False,0
5319,4ca61e,RYR322N,Ireland,1790931236.0,1790931237,-8.702,41.3265,1120.14,False,109.47,349.17,21.46,,1264.92,2226,False,0
5320,486741,KLM95Q,Kingdom of the Netherlands,1790931237.0,1790931237,7.5782,51.0662,10142.22,False,244.5,133.81,3.25,,10538.46,1000,False,0
5321,486742,KLM77G,Kingdom of the Netherlands,1790931236.0,1790931236,1.5717,47.0148,10668.0,False,223.91,209.45,-0.33,,11087.1,1000,False,0
5322,49d63c,OKVOJ,Czech Republic,1790931237.0,1790931237,16.947,46.301,1973.58,False,66.13,203.37,-1.3,,2217.42,0006,False,0
5323,4ca61c,RYR96TQ,Ireland,1790931237.0,1790931237,7.3202,41.8322,11582.4,False,228.13,37.67,0.0,,12054.84,1000,False,0
5324,78019c,CPA903,China,1790931222.0,1790931222,113.9137,22.3041,,True,11.83,250.31,,,,,False,0
5325,4bccb5,SXS5ZE,Turkey,1790931232.0,1790931232,30.7994,41.6136,7917.18,False,197.75,98.68,0.0,,8031.48,6421,False,0
5326,a40455,UPS1356,United States,1790931237.0,1790931237,-85.6558,37.7492,4602.48,False,202.14,189.97,17.56,,4800.6,,False,0
5327,ab9af3,AAL736,United States,1790931237.0,1790931237,-0.3461,51.3499,2796.54,False,134.42,141.68,-6.83,,3017.52,5140,False,0
5328,4ca623,RYR3RK,Ireland,1790931237.0,1790931237,2.7375,52.9464,11582.4,False,202.17,282.94,0.0,,11818.62,1337,False,0
5329,4ca624,RYR53AX,Ireland,1790931237.0,1790931237,-8.237,49.5392,11277.6,False,223.62,170.73,0.0,,11536.68,2043,False,0
5330,45f452,BB55,Denmark,1790931235.0,1790931235,8.73,56.1609,739.14,False,45.52,325.59,-1.3,,922.02,,False,0
5331,4bccaf,SXS9RW,Turkey,1790931236.0,1790931236,24.6499,44.5218,11582.4,False,233.56,314.29,0.0,,11826.24,3236,False,0
5332,4bccad,SXS6RQ,Turkey,1790931236.0,1790931236,21.3352,44.3729,11582.4,False,230.35,299.43,0.0,,11879.58,3242,False,0
5333,7c29d5,VOZ1274,Australia,1790931236.0,1790931236,152.3547,-26.6249,6088.38,False,203.1,112.02,-12.68,,6438.9,,False,0
5334,e480a4,TAM3339,Brazil,1790931237.0,1790931237,-46.7334,-23.3655,1790.7,False,93.5,155.97,0.0,,1866.9,,False,0
5335,aa3417,AAL36,United States,1790931119.0,1790931119,-16.6065,43.1995,11277.6,False,257.54,109.12,0.0,,,,False,0
5336,42447f,PEX49D,United Kingdom,1790931237.0,1790931237,-23.4929,64.2029,12496.8,False,257.76,126.07,0.0,,12306.3,,False,0
5337,49d665,BOH212,Czech Republic,1790931237.0,1790931237,0.5178,56.0727,12496.8,False,251.87,51.47,-0.33,,12641.58,6225,False,0
5338,49d65c,OKVTP,Czech Republic,1790931237.0,1790931237,14.4519,49.0308,556.26,False,55.77,142.5,-2.93,,754.38,,False,0
5339,8880b4,HVN594,Viet Nam,1790931236.0,1790931237,113.8707,22.3179,91.44,False,75.65,70.95,-3.9,,91.44,,False,0
5340,4ca660,SAS658,Ireland,1790931237.0,1790931237,10.7317,52.7007,10972.8,False,252.9,19.98,0.0,,11315.7,3745,False,0
5341,a059e3,UAL270,United States,1790931237.0,1790931237,-9.3178,53.1021,5059.68,False,179.08,105.15,-14.31,,5181.6,,False,0
5342,acb12d,FDX1579,United States,1790931236.0,1790931236,-84.5886,41.321,6019.8,False,236.88,46.32,-9.1,,6278.88,1553,False,0
5343,a53781,UPS610,United States,1790931237.0,1790931237,-85.3091,41.2641,9761.22,False,212.16,274.73,-13.66,,10210.8,2727,False,0
5344,8880e4,HVN780,Viet Nam,1790931195.0,1790931195,113.7977,5.6368,11582.4,False,274.74,307.62,0.0,,12390.12,,False,0
5345,841520,JAL16,Japan,1790931237.0,1790931237,139.7988,35.545,,True,8.23,149.06,,,,,False,0
5346,4bcced,THY6465,Turkey,1790931237.0,1790931237,21.2564,45.6681,10363.2,False,241.89,306.7,0.0,,10690.86,5332,False,0
5347,3b77e7,CTM2088,France,1790931237.0,1790931237,11.6935,49.8673,7620.0,False,171.4,96.55,-0.33,,8001.0,7563,False,0
5348,a2b176,UAL450,United States,1790931237.0,1790931237,-113.6116,54.3951,10058.4,False,263.69,128.35,0.0,,10081.26,,False,0
5349,e493b9,AZU4360,Brazil,1790931236.0,1790931236,-38.8252,-5.9351,11894.82,False,244.45,124.63,0.0,,12649.2,,False,0
5350,7813a5,CHH7491,China,1790930957.0,1790930959,116.394,39.466,8008.62,False,239.79,158.61,8.13,,8260.08,,False,0
5351,3d07b6,DEBEC,Germany,1790931236.0,1790931236,8.0702,50.4174,1097.28,False,52.36,79.24,,,1287.78,7000,False,0
5352,49d699,AAO52,Czech Republic,1790931236.0,1790931236,3.3186,48.6566,2133.6,False,129.93,313.24,0.0,,2362.2,5754,True,0
5353,ad2af4,AVA009,United States,1790931237.0,1790931237,-75.656,11.6815,11277.6,False,245.98,171.58,0.33,,12039.6,3616,False,0
5354,3d3d9b,DEVOT,Germany,1790931225.0,1790931225,6.6908,49.8039,525.78,False,60.51,52.25,-11.05,,723.9,1346,False,0
5355,a19c57,N2024B,United States,1790931236.0,1790931236,11.6748,56.9076,12496.8,False,227.33,41.88,0.33,,12801.6,1000,False,0
5356,86ebd8,ANA803,Japan,1790931237.0,1790931237,140.7534,35.0674,7566.66,False,213.7,175.31,8.45,,8008.62,3673,False,0
5357,888219,VJC935,Viet Nam,1790931223.0,1790931233,133.7729,34.3551,10363.2,False,202.4,256.78,0.0,,10988.04,3242,False,0
5358,888217,VJC948,Viet Nam,1790931236.0,1790931236,118.9785,22.8336,9494.52,False,233.63,58.69,-4.88,,10157.46,,False,0
5359,781432,CSZ9964,China,1790931116.0,1790931150,113.327,23.0557,1402.08,False,101.29,191.42,-3.58,,1455.42,,False,0
5360,a8d465,UAL505,United States,1790931237.0,1790931237,-114.4569,33.9072,10058.4,False,261.16,104.72,0.0,,10629.9,3312,False,0
5361,781455,CSH9070,China,1790931221.0,1790931229,123.8422,38.1495,9479.28,False,231.54,183.95,0.0,,9822.18,5313,False,0
5362,4852ed,PHCCL,Kingdom of the Netherlands,1790931236.0,1790931236,4.5831,51.5601,-7.62,False,40.51,310.36,-4.23,,213.36,7010,False,0
5363,a153c1,FDX150,United States,1790931236.0,1790931236,-85.7269,40.3774,7520.94,False,267.95,47.33,10.73,,7871.46,,False,0
5364,a08f94,UPS754,United States,1790931236.0,1790931237,-91.3423,39.818,9753.6,False,204.34,238.59,0.0,,10218.42,,False,0
5365,7c045e,JST766,Australia,1790931237.0,1790931237,148.8926,-34.028,10972.8,False,195.6,263.81,-0.33,,11361.42,4251,False,0
5366,7c045f,JST445,Australia,1790931237.0,1790931237,149.7463,-31.8378,8526.78,False,233.41,222.41,0.0,,8953.5,1117,False,0
5367,4852f4,KLC1944,Kingdom of the Netherlands,1790931237.0,1790931237,6.358,49.3864,10287.0,False,230.74,344.88,2.93,,10645.14,1000,False,0
5368,4bce0f,SXS7GT,Turkey,1790931237.0,1790931237,14.8171,46.3786,11277.6,False,233.69,109.95,0.0,,11704.32,3021,False,0
5369,4bce0d,SXS7CG,Turkey,1790931236.0,1790931236,11.7085,48.3162,1203.96,False,96.26,188.61,12.35,,1417.32,4352,False,0
5370,4bce0b,SXS9HP,Turkey,1790931237.0,1790931237,22.6237,45.4916,11582.4,False,239.65,306.18,-0.33,,11902.44,3277,False,0
5371,845bde,JL3555,Japan,1790931044.0,1790931044,130.7548,33.7794,3611.88,False,81.19,70.76,6.5,,2087.88,,False,0
5372,e4819c,TAM3057,Brazil,1790931237.0,1790931237,-46.8509,-23.5462,2087.88,False,111.72,285.76,0.33,,2179.32,,False,0
5373,a90770,FDX1548,United States,1790931236.0,1790931236,-91.1141,35.8938,8961.12,False,241.16,304.57,8.45,,9494.52,1570,False,0
5374,a8c121,UAL54,United States,1790931236.0,1790931236,-13.6183,51.7741,11277.6,False,261.83,105.26,-0.33,,11414.76,,False,0
5375,e4949a,TAM3495,Brazil,1790931237.0,1790931237,-43.4698,-12.9544,10378.44,False,234.45,237.18,0.0,,11033.76,,False,0
5376,e4949f,AZU4088,Brazil,1790931236.0,1790931236,-46.1808,-13.6361,11887.2,False,237.1,156.61,0.0,,12603.48,,False,0
5377,78147a,CSN0648,China,1790931237.0,1790931237,129.3586,36.1794,9753.6,False,200.82,291.17,0.0,,10218.42,6127,False,0
5378,a32c47,UPS1286,United States,1790931237.0,1790931237,-85.5728,37.9951,2727.96,False,157.37,116.4,13.98,,2827.02,,False,0
5379,3cc1c5,GFD69,Germany,1790931237.0,1790931237,8.1539,50.9103,10058.4,False,227.16,12.56,0.33,,10485.12,3562,False,0
5380,781494,OTC7304,China,1790930958.0,1790930958,117.499,37.3656,7193.28,False,203.82,260.7,0.0,,7513.32,,False,0
5381,4bce05,SXS8PJ,Turkey,1790931237.0,1790931237,19.2079,48.092,10668.0,False,223.64,130.62,0.0,,11041.38,7607,False,0
5382,3cc1c8,AWH42A,Germany,1790931236.0,1790931236,7.6567,47.8996,2727.96,False,147.09,274.61,-5.2,,2956.56,1000,False,0
5383,4bce02,SXS9NH,Turkey,1790931237.0,1790931237,16.1951,51.5669,11277.6,False,233.29,146.7,0.0,,11696.7,7610,False,0
5384,4bce01,SXS4GL,Turkey,1790931237.0,1790931237,16.3871,48.585,11277.6,False,241.13,146.31,0.0,,11696.7,4364,False,0
5385,a286ed,FDX1701,United States,1790931237.0,1790931237,-91.9385,39.009,10980.42,False,204.34,265.52,0.0,,11529.06,1043,False,0
5386,a8e75f,FDX1465,United States,1790931237.0,1790931237,-87.9225,33.2776,10660.38,False,247.2,130.02,0.0,,11369.04,1663,False,0
5387,4bce19,SXS5ZP,Turkey,1790931236.0,1790931237,13.059,46.6495,10668.0,False,235.02,111.17,0.0,,11117.58,3043,False,0
5388,780173,CPA565,China,1790931029.0,1790931047,131.3506,32.1792,10972.8,False,227.5,233.83,0.0,,11658.6,,False,0
5389,4bce16,SXS5BB,Turkey,1790931102.0,1790931102,32.3679,38.8176,11277.6,False,245.19,92.89,0.33,,11521.44,,False,0
5390,4bce15,SXS6A,Turkey,1790931236.0,1790931236,33.7246,35.3572,1828.8,False,130.94,149.81,0.33,,1912.62,2377,False,0
5391,4bce14,SXS8RG,Turkey,1790931236.0,1790931236,19.0386,48.1355,11582.4,False,218.35,310.03,0.0,,11955.78,3262,False,0
5392,780170,CPA919,China,1790931236.0,1790931236,121.0664,14.5346,281.94,False,79.25,240.44,-4.23,,297.18,,False,0
5393,4bce13,SXS9LY,Turkey,1790931223.0,1790931230,16.5729,48.1193,,True,0.0,348.75,,,,,False,0
5394,4bce12,SXS8ZN,Turkey,1790931236.0,1790931237,28.4424,38.722,11277.6,False,232.25,132.85,0.0,,11490.96,7654,False,0
5395,4d0105,CLX21M,Luxembourg,1790931237.0,1790931237,5.1819,50.4891,6423.66,False,206.63,135.61,-3.9,,6751.32,1146,False,0
5396,4d0104,CLX9364,Luxembourg,1790931232.0,1790931232,121.2197,25.0759,15.24,False,73.32,49.27,-2.6,,60.96,,False,0
5397,4d0103,CLX7544,Luxembourg,1790931236.0,1790931236,90.6453,19.8986,10668.0,False,246.01,127.18,0.33,,11346.18,0410,False,0
5398,4d0107,CLX9004,Luxembourg,1790931236.0,1790931237,9.7208,49.762,7315.2,False,239.51,279.64,0.0,,7688.58,3203,False,0
5399,4ab44a,SEMBJ,Sweden,1790931236.0,1790931236,10.8112,53.9459,1066.8,False,67.0,86.48,0.33,,1249.68,7756,False,0
5400,ad6bdc,JBU178,United States,1790931237.0,1790931237,-104.0317,40.6158,10668.0,False,247.55,63.33,0.0,,11193.78,5571,False,0
5401,a12c23,DAL245,United States,1790931237.0,1790931237,9.0486,40.8661,10363.2,False,240.76,270.12,0.0,,10858.5,1260,False,0
5402,a7f445,UPS62,United States,1790931237.0,1790931237,-91.3061,42.3952,10972.8,False,235.83,313.23,0.0,,11369.04,,False,0
5403,84655a,ANA388,Japan,1790931237.0,1790931237,137.2412,34.9108,11269.98,False,252.27,124.11,0.33,,11932.92,2453,False,0
5404,a81494,N62HA,United States,1790931237.0,1790931237,5.4209,52.4467,10972.8,False,224.55,289.68,0.0,,11254.74,3121,False,0
5405,a8147b,N62GA,United States,1790931237.0,1790931237,-111.7838,33.5399,2773.68,False,77.76,71.09,8.78,,2926.08,,False,0
5406,a6c15f,VJA534,United States,1790931235.0,1790931236,3.0566,48.8191,1554.48,False,137.22,313.03,-4.88,,1783.08,1000,False,0
5407,780e17,,China,1790931151.0,1790931151,135.2455,34.4318,,True,5.4,230.62,,,,,False,0
5408,4075af,EXS53JL,United Kingdom,1790931237.0,1790931237,1.6127,43.048,10355.58,False,227.58,326.06,3.58,,10820.4,1055,False,0
5409,780e0e,CSZ8664,China,1790931222.0,1790931236,113.7116,22.7769,716.28,False,98.26,152.23,-0.33,,739.14,1073,False,0
5410,ad127d,N941SP,United States,1790931237.0,1790931237,-8.5527,52.8571,1036.32,False,107.05,287.91,-4.88,,1150.62,5712,False,0
5411,3ff897,DMXGA,Germany,1790931236.0,1790931236,14.0969,45.2065,876.3,False,69.36,139.81,-2.93,,1051.56,7000,False,0
5412,846516,ANA613,Japan,1790931237.0,1790931237,139.7736,35.3571,3459.48,False,161.33,233.17,15.61,,3627.12,4605,False,0
5413,4075a2,CFE603,United Kingdom,1790931236.0,1790931236,7.2434,48.1759,11277.6,False,235.42,154.78,-0.33,,11711.94,0514,False,0
5414,4d012b,CLX7605,Luxembourg,1790931237.0,1790931237,21.4549,46.5489,11910.06,False,232.83,116.79,4.23,,12214.86,3502,False,0
5415,8940dc,GFA248,Bahrain,1790931236.0,1790931236,55.024,25.5358,9441.18,False,242.56,108.17,0.0,,10020.3,4436,False,0
5416,4d0115,CLX37,Luxembourg,1790931236.0,1790931236,6.2129,49.6297,,True,5.92,64.69,,,,0333,False,0
5417,a12c42,FDX1415,United States,1790931237.0,1790931237,-95.6938,37.5808,10980.42,False,228.42,300.9,-0.33,,11536.68,1630,False,0
5418,3843ba,MEDOC05,France,1790931236.0,1790931236,-2.4084,45.7022,10256.52,False,233.57,194.28,28.61,,10660.38,2641,False,0
5419,780e3a,CES790,China,1790931236.0,1790931236,139.6383,35.7875,4053.84,False,139.79,286.9,9.1,,4229.1,3201,False,0
5420,400e14,EZY67LM,United Kingdom,1790931236.0,1790931236,8.559,47.4548,,True,4.63,95.62,,,,3044,False,0
5421,400e13,EZY91HN,United Kingdom,1790931236.0,1790931236,0.2944,51.055,1836.42,False,141.18,322.25,-7.8,,2057.4,5736,False,0
5422,8940c5,GFA770,Bahrain,1790931237.0,1790931237,68.4668,30.5946,10058.4,False,249.89,48.0,0.0,,10637.52,,False,0
5423,846538,ANA538,Japan,1790931237.0,1790931237,139.7767,35.5601,,True,8.75,59.06,,,,2231,False,0
5424,484a94,ZXP04,Kingdom of the Netherlands,1790931236.0,1790931236,5.009,52.0454,205.74,False,41.65,295.62,0.65,,411.48,,False,0
5425,4d010b,CLX96Z,Luxembourg,1790931236.0,1790931236,-91.5511,35.8817,10058.4,False,278.91,30.11,0.0,,10614.66,2405,False,0
5426,4d010a,ICV66C,Luxembourg,1790931237.0,1790931237,-90.5434,40.4716,10668.0,False,298.42,37.86,0.0,,11109.96,2337,False,0
5427,a25f51,N252EA,United States,1790931237.0,1790931237,-112.4416,33.8974,1737.36,False,29.36,101.11,-0.98,,1805.94,,False,0
5428,346199,SWT183,Spain,1790931117.0,1790931117,-11.8527,32.8261,10980.42,False,237.88,36.65,0.0,,11544.3,,False,0
5429,a0c3fc,ABX3115,United States,1790931236.0,1790931236,-74.9623,43.0318,10363.2,False,212.78,254.72,0.0,,10873.74,,False,0
5430,424caf,MOCHI,United Kingdom,1790931236.0,1790931237,16.1224,48.2271,2225.04,False,122.45,90.96,-10.4,,2468.88,1000,False,0
5431,424cc5,MDUBS,United Kingdom,1790931162.0,1790931162,-0.765,51.2821,,True,5.4,92.81,,,,,False,0
5432,780cbd,CCA8226,China,1790930959.0,1790930959,117.3504,39.1219,,True,5.4,286.88,,,,,False,0
5433,48ad86,LOT6PH,Poland,1790931237.0,1790931237,20.5329,51.583,5684.52,False,182.63,209.16,10.08,,6027.42,,False,0
5434,869278,ANA328,Japan,1790931236.0,1790931237,138.8111,37.9433,9745.98,False,193.16,202.06,0.0,,10142.22,,False,0
5435,38a6fb,AIB01,France,1790931237.0,1790931237,1.3643,43.6161,,True,0.0,272.81,,,,,False,0
5436,48ad80,LOT2AK,Poland,1790931237.0,1790931237,12.4176,55.4875,9715.5,False,216.86,107.96,4.23,,10066.02,1000,False,0
5437,76ccce,,Singapore,1790931232.0,1790931236,100.5716,2.7567,10668.0,False,253.74,118.85,0.0,,11338.56,,False,0
5438,346185,IBE06AD,Spain,1790931237.0,1790931237,9.2988,45.2423,1112.52,False,89.21,356.03,-5.53,,1318.26,1000,False,0
5439,407667,EZY35YH,United Kingdom,1790931236.0,1790931236,-12.4105,39.5924,10668.0,False,220.22,203.69,-0.33,,11132.82,3753,False,0
5440,346181,AEA092,Spain,1790931237.0,1790931237,-3.432,40.3433,1112.52,False,107.66,321.6,0.33,,1295.4,3705,False,0
5441,346183,VLG8228,Spain,1790931236.0,1790931236,2.3706,48.7258,,True,11.83,253.12,,,,1000,False,0
5442,c05f25,CGKAU,Canada,1790931237.0,1790931237,-97.4432,49.9049,2674.62,False,135.29,64.31,-4.23,,2705.1,,False,0
5443,76cce2,SIA24,Singapore,1790931236.0,1790931236,128.2622,26.5724,11277.6,False,251.85,46.82,0.0,,12039.6,,False,0
5444,76cce3,SIA22,Singapore,1790931237.0,1790931237,-74.5201,41.5416,2865.12,False,153.14,141.82,-6.5,,2948.94,6252,False,0
5445,40631a,EZY42DJ,United Kingdom,1790931237.0,1790931237,6.2911,51.4752,11285.22,False,247.06,106.7,0.0,,11612.88,4771,False,0
5446,3006f6,IPTVR,Italy,1790931236.0,1790931236,14.3018,37.1241,259.08,False,52.03,245.46,1.95,,426.72,,False,0
5447,40631b,EZY23YX,United Kingdom,1790931237.0,1790931237,7.2078,43.6545,-121.92,False,71.3,45.0,-1.63,,60.96,6367,False,0
5448,76cce7,SIA23,Singapore,1790931237.0,1790931237,5.6535,50.638,11582.4,False,266.17,104.9,0.0,,11917.68,4614,False,0
5449,009382,ZSSFT,South Africa,1790931198.0,1790931198,28.2072,-25.6625,1402.08,False,45.18,97.85,-0.33,,1531.62,,False,0
5450,400cd8,EZY94TB,United Kingdom,1790931236.0,1790931236,-4.547,38.515,10576.56,False,221.76,181.06,-5.2,,11071.86,5665,False,0
5451,aab202,AAL193,United States,1790931234.0,1790931234,2.0853,41.2879,,True,10.29,64.69,,,,,False,0
5452,a7e198,DAL2077,United States,1790931237.0,1790931237,-86.6896,32.194,10675.62,False,234.78,120.55,0.0,,11346.18,0667,False,0
5453,a9217c,FFT3837,United States,1790931234.0,1790931234,-115.1372,36.0826,,True,0.0,143.44,,,,,False,0
5454,4791dd,NOZ1020,Norway,1790931236.0,1790931236,19.5944,52.9472,6080.76,False,164.15,151.35,-7.8,,6431.28,6021,False,0
5455,7502c3,MXD183,Malaysia,1790931237.0,1790931237,87.2335,24.2785,10668.0,False,239.87,163.04,0.0,,11361.42,2501,False,0
5456,406319,EZY62FE,United Kingdom,1790931237.0,1790931237,12.5726,55.5726,388.62,False,93.92,222.78,6.18,,563.88,0746,False,0
5457,5140d2,SZN404,Georgia,1790931236.0,1790931237,0.8028,45.5777,10668.0,False,207.17,213.45,0.0,,11102.34,7635,False,0
5458,acaec5,UPS982,United States,1790931237.0,1790931237,-95.9201,40.2679,10980.42,False,226.57,286.62,0.0,,11452.86,6657,False,0
5459,407642,TOM93Y,United Kingdom,1790931237.0,1790931237,-12.9928,38.5521,11277.6,False,217.31,203.29,0.0,,11772.9,3752,False,0
5460,7502d8,MXD638,Malaysia,1790931236.0,1790931236,100.4296,11.3354,10965.18,False,245.97,1.32,0.0,,,,False,0
5461,7502d9,MXD172,Malaysia,1790931237.0,1790931237,101.7128,2.8881,3962.4,False,140.16,280.36,-0.33,,4198.62,4123,False,0
5462,507c96,MFX7528,Uzbekistan,1790931234.0,1790931234,75.9601,29.0738,9753.6,False,208.93,297.57,0.0,,10287.0,,False,0
5463,5140c6,IGT1183,Georgia,1790931236.0,1790931236,101.1167,20.4639,12504.42,False,224.76,102.83,0.0,,13243.56,6754,False,0
5464,a5fc34,N485LP,United States,1790931237.0,1790931237,-112.5722,33.8939,1996.44,False,32.96,92.68,0.33,,2095.5,,False,0
5465,780cee,CSC8482,China,1790930957.0,1790930958,116.2701,39.1255,9174.48,False,204.59,253.34,0.0,,9502.14,,False,0
5466,7502bc,AXM1725,Malaysia,1790931236.0,1790931237,103.3996,1.0175,7551.42,False,171.53,149.74,-4.88,,8084.82,,False,0
5467,424cda,MAJKT,United Kingdom,1790931236.0,1790931236,82.3012,26.1409,11658.6,False,235.65,119.42,-4.23,,12405.36,,False,0
5468,347488,WFL3410,Spain,1790931237.0,1790931237,-3.5824,40.0884,1821.18,False,126.46,41.54,-4.23,,2019.3,3340,False,0
5469,40769a,TOM438,United Kingdom,1790931236.0,1790931236,-5.6364,44.4753,10668.0,False,231.71,203.83,0.0,,11079.48,0543,False,0
5470,3ccd45,IFA1383,Germany,1790931237.0,1790931237,-1.9932,60.5974,11582.4,False,235.14,301.67,0.0,,11620.5,,False,0
5471,3ccd47,IFA1384,Germany,1790931236.0,1790931236,3.3286,41.3643,12192.0,False,228.82,48.28,0.0,,12694.92,1000,False,0
5472,a8aaff,FFT1448,United States,1790931236.0,1790931237,-89.387,35.205,10058.4,False,247.95,110.65,0.0,,10690.86,3226,False,0
5473,851bdc,JAL614,Japan,1790931165.0,1790931170,139.7803,35.552,,True,0.0,149.06,,,,7322,False,0
5474,346147,IBE07KB,Spain,1790931237.0,1790931237,-2.0757,49.9823,10660.38,False,207.31,197.18,0.33,,10980.42,0544,False,0
5475,485d61,AGR1492,Kingdom of the Netherlands,1790931237.0,1790931237,12.4874,56.1802,11277.6,False,212.16,129.98,0.0,,11605.26,3726,False,0
5476,7502b7,AXM5221,Malaysia,1790931234.0,1790931234,103.7195,3.1622,11582.4,False,232.16,267.97,0.0,,12382.5,,False,0
5477,7502b2,MAS2634,Malaysia,1790931234.0,1790931236,113.7556,5.3312,9075.42,False,212.35,74.11,-5.53,,9738.36,,False,0
5478,40768c,EZY86YE,United Kingdom,1790931235.0,1790931237,18.3906,43.9767,10660.38,False,235.36,135.27,0.0,,11033.76,4747,False,0
5479,40768d,EZY82NZ,United Kingdom,1790931237.0,1790931237,-4.0541,37.0225,5783.58,False,189.87,17.5,12.35,,6134.1,4635,False,0
5480,84659e,ANA627,Japan,1790931022.0,1790931023,134.1425,33.1278,10972.8,False,209.54,249.3,0.0,,11666.22,1727,False,0
5481,ac4bdd,SWA3824,United States,1790931237.0,1790931237,-95.8309,40.4629,10668.0,False,258.44,96.63,0.33,,11117.58,3222,False,0
5482,459a66,FRO674,Denmark,1790931237.0,1790931237,13.3674,55.6108,960.12,False,98.45,3.6,10.73,,1127.76,,False,0
5483,34744c,VLG7QQ,Spain,1790931237.0,1790931237,-1.1244,38.9617,10355.58,False,237.48,37.34,0.0,,10850.88,5025,False,0
5484,34744d,VLG2WM,Spain,1790931237.0,1790931237,2.6379,41.4533,4274.82,False,176.03,62.31,10.73,,4579.62,,False,0
5485,347457,ANGEL02,Spain,1790931237.0,1790931237,-3.7093,40.4152,944.88,False,26.92,333.92,-0.33,,1127.76,7226,False,0
5486,347459,IBE0192,Spain,1790931229.0,1790931234,-3.57,40.4859,,True,1.8,0.0,,,,3361,False,0
5487,347454,IBE07AP,Spain,1790931237.0,1790931237,4.4773,52.4382,518.16,False,137.15,25.32,-4.23,,723.9,1000,False,0
5488,4791ac,NOZ33B,Norway,1790931237.0,1790931237,-0.0491,51.1951,2308.86,False,149.88,92.75,13.33,,2499.36,7026,False,0
5489,347453,IBE07SG,Spain,1790931236.0,1790931236,-1.563,50.2556,8282.94,False,206.93,10.89,-9.43,,8610.6,7466,False,0
5490,3950cc,AFR76SP,France,1790931237.0,1790931237,13.3894,51.4574,11871.96,False,236.66,74.36,0.33,,12268.2,1000,False,0
5491,48ad0e,LOT5LF,Poland,1790930952.0,1790930952,18.613,51.703,9014.46,False,217.23,256.16,6.5,,8923.02,,False,0
5492,407686,EZY42VZ,United Kingdom,1790931237.0,1790931237,-10.3609,40.8457,11277.6,False,215.59,213.61,0.0,,11750.04,5416,False,0
5493,48ad0c,LOT3VM,Poland,1790931237.0,1790931237,19.2198,50.6993,3162.3,False,161.55,244.74,-11.05,,3444.24,1000,False,0
5494,48ad0b,LOT7KG,Poland,1790931237.0,1790931237,21.0865,51.3903,6118.86,False,186.4,175.09,7.8,,6477.0,,False,0
5495,34610f,VLG7291,Spain,1790931237.0,1790931237,-0.1682,51.1525,,True,1.29,165.94,,,,,False,0
5496,48ad19,LOT48F,Poland,1790931233.0,1790931233,11.1216,60.2,,True,4.12,149.06,,,,,False,0
5497,40766d,EXS8EY,United Kingdom,1790931237.0,1790931237,-0.1087,50.029,11277.6,False,217.79,167.31,0.0,,11590.02,2250,False,0
5498,a08826,UPS1126,United States,1790931236.0,1790931236,-83.4796,42.2187,10683.24,False,275.58,92.89,0.33,,11170.92,,False,0
5499,400ceb,EFW16HC,United Kingdom,1790931236.0,1790931236,2.9956,46.8555,10073.64,False,237.03,161.53,0.0,,10485.12,7717,False,0
5500,8463b5,APJ740,Japan,1790931141.0,1790931141,131.0745,36.555,11277.6,False,271.73,122.4,0.0,,11795.76,4320,False,0
5501,3c4969,TUI6YL,Germany,1790931237.0,1790931237,19.191,43.7507,11582.4,False,217.04,317.69,0.0,,11917.68,5510,False,0
5502,48ad09,LOT5RW,Poland,1790931059.0,1790931059,20.9559,52.1689,-76.2,False,62.16,114.44,-3.58,,190.5,1000,False,0
5503,8463b4,IBX81,Japan,1790931236.0,1790931236,138.864,36.017,7696.2,False,275.51,67.84,-6.5,,8092.44,2224,False,0
5504,48ad08,,Poland,1790930926.0,1790930940,19.8679,50.9739,7002.78,False,191.54,227.61,-13.98,,7376.16,,False,0
5505,34754d,IBE0312,Spain,1790931237.0,1790931237,-85.877,37.4112,11277.6,False,276.47,44.55,0.0,,11917.68,3265,False,0
5506,48ad02,LOT3945,Poland,1790931237.0,1790931237,17.3699,52.2265,4411.98,False,185.82,287.23,-10.08,,4716.78,,False,0
5507,851c20,JAL672,Japan,1790931235.0,1790931235,134.2061,34.2496,11262.36,False,268.01,76.23,4.55,,11925.3,,False,0
5508,347555,PUE302,Spain,1790931237.0,1790931237,-20.1929,34.7886,11887.2,False,224.5,36.9,0.0,,12519.66,,False,0
5509,4b1b1b,HBKGX,Switzerland,1790931035.0,1790931040,8.5736,47.4545,,True,0.0,180.0,,,,7000,False,0
5510,34620c,IBE05LL,Spain,1790931237.0,1790931237,2.4773,49.8808,8953.5,False,249.48,28.04,-5.2,,9311.64,1000,False,0
5511,a13eca,N18EU,United States,1790931237.0,1790931237,9.6023,49.3923,1371.6,False,84.63,122.34,0.0,,1584.96,1255,False,0
5512,34620b,IBE07WM,Spain,1790931237.0,1790931237,8.0091,53.288,8420.1,False,259.18,68.58,-20.48,,8755.38,3372,False,0
5513,750405,MXD389,Malaysia,1790931084.0,1790931086,101.6391,2.872,678.18,False,85.18,145.83,-5.2,,723.9,,False,0
5514,750400,MXD807,Malaysia,1790931237.0,1790931237,104.0621,1.0757,3520.44,False,133.08,79.08,-2.93,,3741.42,2160,False,0
5515,4b1b60,HBKJO,Switzerland,1790931236.0,1790931237,7.204,46.899,1645.92,False,55.07,271.61,-0.65,,1866.9,7000,False,0
5516,7c52fa,QLK401D,Australia,1790931232.0,1790931232,151.1814,-33.9313,,True,0.0,264.38,,,,,False,0
5517,a07522,AAL1931,United States,1790931233.0,1790931233,-112.0015,33.4373,,True,0.0,270.0,,,,,False,0
5518,3c496d,TUI3WM,Germany,1790931236.0,1790931236,20.7261,42.4947,11582.4,False,207.63,318.01,0.0,,11864.34,5526,False,0
5519,3c496a,TUI4NH,Germany,1790931237.0,1790931237,20.3863,40.5169,11422.38,False,209.52,331.23,2.28,,11704.32,,False,0
5520,44ca0f,OORPO,Belgium,1790931236.0,1790931236,2.4047,50.9244,541.02,False,51.98,91.7,0.33,,762.0,,False,0
5521,3c496e,TUI9EX,Germany,1790931236.0,1790931236,9.8182,49.6406,9852.66,False,238.64,135.35,6.5,,10241.28,0125,False,0
5522,346204,IBE05AK,Spain,1790931211.0,1790931231,-3.5505,40.4598,525.78,False,65.97,321.97,-0.33,,701.04,3367,False,0
5523,ad10e9,ASA464,United States,1790931237.0,1790931237,-101.3871,43.7933,10668.0,False,275.7,115.18,0.0,,11071.86,,False,0
5524,4684af,SXAEO,Greece,1790931235.0,1790931236,24.5482,40.9099,1737.36,False,73.4,200.09,-0.98,,1920.24,,False,0
5525,4684ae,SXAEN,Greece,1790931210.0,1790931210,23.8514,40.581,2171.7,False,41.57,77.86,-0.65,,2354.58,,False,0
5526,76cda1,SIA962,Singapore,1790931229.0,1790931229,104.6206,0.385,6431.28,False,220.4,153.38,5.53,,6842.76,2241,False,0
5527,407630,EXS5KL,United Kingdom,1790931236.0,1790931237,-10.2078,37.8069,11277.6,False,231.15,208.73,-0.33,,11788.14,2051,False,0
5528,76cdb0,SIA242,Singapore,1790931237.0,1790931237,148.5692,-31.1241,12192.0,False,226.07,325.01,0.0,,12649.2,1240,False,0
5529,76cdb5,SIA479,Singapore,1790931236.0,1790931236,18.6002,-33.9599,198.12,False,80.23,345.52,14.63,,304.8,,False,0
5530,76cdb6,SIA298,Singapore,1790931026.0,1790931026,105.5542,1.1733,8442.96,False,222.6,345.55,-5.2,,10576.56,,False,0
5531,a826e9,UPS223,United States,1790931237.0,1790931237,-75.5318,47.8487,10668.0,False,312.95,50.74,0.0,,10904.22,6627,False,0
5532,76cdac,SIA337,Singapore,1790931237.0,1790931237,104.105,2.3587,5623.56,False,155.36,179.81,-3.9,,5981.7,,False,0
5533,acf0d8,ASA371,United States,1790931237.0,1790931237,-75.1035,39.9871,1005.84,False,148.26,74.71,-4.55,,1036.32,3503,False,0
5534,4b1b5f,HBKJN,Switzerland,1790931237.0,1790931237,7.5024,46.8904,723.9,False,39.67,313.42,2.28,,922.02,,False,0
5535,45fd16,MAAGE10,Denmark,1790931236.0,1790931236,12.6134,55.5973,,True,2.83,39.38,,,,,False,0
5536,a8ac35,UAL146,United States,1790931236.0,1790931236,-11.5541,51.9845,10668.0,False,274.34,91.83,0.0,,10797.54,5173,False,0
5537,c0175a,ACA833,Canada,1790931237.0,1790931237,4.4981,50.9094,,True,2.57,33.75,,,,,False,0
5538,3d6901,DFMAB,Germany,1790931237.0,1790931237,11.2559,50.2843,8229.6,False,152.52,132.95,0.0,,8580.12,1000,False,0
5539,a12bf3,RUF120,United States,1790931237.0,1790931237,-86.5616,33.6261,7620.0,False,141.06,70.84,0.0,,8100.06,2566,False,0
5540,780dc9,CQH8892,China,1790931013.0,1790931014,114.617,23.531,10698.48,False,236.65,48.97,0.0,,11452.86,,False,0
5541,85c19e,JA505C,Japan,1790931204.0,1790931233,139.0489,36.4461,944.88,False,40.77,349.82,0.65,,1028.7,,False,0
5542,a37eb0,AAL1356,United States,1790931237.0,1790931237,-89.7481,42.4436,11277.6,False,268.93,86.93,0.33,,11696.7,,False,0
5543,407600,SHT2P,United Kingdom,1790931236.0,1790931236,-1.6289,52.7799,5067.3,False,165.21,332.56,-8.78,,5295.9,6220,False,0
5544,8966f3,UAE9864,United Arab Emirates,1790931237.0,1790931237,85.6936,18.979,12496.8,False,231.01,108.84,0.0,,13220.7,6211,False,0
5545,750485,AXM1574,Malaysia,1790931237.0,1790931237,116.0195,6.2935,6355.08,False,206.19,59.4,6.5,,6835.14,,False,0
5546,300878,TJD800,Italy,1790931237.0,1790931237,10.9039,42.8997,7620.0,False,225.1,175.15,0.0,,8023.86,7052,False,0
5547,8966f0,UAE9843,United Arab Emirates,1790931236.0,1790931236,55.1069,24.9266,243.84,False,81.26,121.27,-3.58,,251.46,3524,False,0
5548,750481,AXM5306,Malaysia,1790931236.0,1790931236,116.0193,6.1624,1242.06,False,126.07,50.46,0.65,,1356.36,,False,0
5549,400d5b,BAW851,United Kingdom,1790931237.0,1790931237,10.636,50.6118,10965.18,False,228.27,287.58,0.0,,11346.18,3547,False,0
5550,8966df,,United Arab Emirates,1790931137.0,1790931145,54.1128,24.4795,1668.78,False,106.3,115.82,-4.23,,1767.84,1124,False,0
5551,75046c,MAS038,Malaysia,1790931236.0,1790931237,120.3821,22.4626,12496.8,False,237.07,346.45,0.0,,13335.0,,False,0
5552,a0628f,AAL2821,United States,1790931237.0,1790931237,-96.0454,35.5348,10058.4,False,267.49,85.04,-0.33,,10599.42,2603,False,0
5553,780e69,CSZ632,China,1790931236.0,1790931237,126.2376,37.5071,1973.58,False,127.62,271.39,14.96,,2095.5,4145,False,0
5554,8940a1,GFA155,Bahrain,1790931009.0,1790931104,89.6249,16.1471,11582.4,False,256.41,283.81,-0.33,,11704.32,,False,0
5555,8966ed,UAE9656,United Arab Emirates,1790931237.0,1790931237,5.0127,52.3358,5882.64,False,223.21,19.1,23.73,,6126.48,0172,False,0
5556,8966ee,UAE9791,United Arab Emirates,1790931237.0,1790931237,85.9724,22.8446,10363.2,False,250.31,274.6,0.0,,11026.14,5366,False,0
5557,c01729,ACA34,Canada,1790931226.0,1790931229,-158.8857,21.704,11277.6,False,267.18,29.28,0.0,,12031.98,,False,0
5558,3ff983,DMMBS,Germany,1790931236.0,1790931237,14.0914,45.2064,891.54,False,69.03,140.14,-1.3,,1059.18,7000,False,0
5559,75047c,AXM483,Malaysia,1790931237.0,1790931237,102.0383,2.1862,3832.86,False,193.31,162.82,10.08,,4061.46,,False,0
5560,75047d,AXM5133,Malaysia,1790931237.0,1790931237,102.2983,2.8534,4328.16,False,161.33,64.91,4.55,,4587.24,,False,0
5561,8966d0,ETD406,United Arab Emirates,1790931235.0,1790931235,85.0955,19.1679,11887.2,False,241.46,107.35,0.0,,12611.1,,False,0
5562,300850,IEKIA,Italy,1790931211.0,1790931211,10.3596,44.8023,792.48,False,68.52,12.58,-0.33,,982.98,,False,0
5563,a44548,DAL1775,United States,1790931236.0,1790931236,-118.271,33.9488,594.36,False,98.97,263.13,-5.2,,571.5,1326,False,0
5564,750463,AXM886,Malaysia,1790931235.0,1790931236,101.6802,2.6326,1104.9,False,105.68,216.09,7.48,,1158.24,,False,0
5565,8966be,ETD7YQ,United Arab Emirates,1790931236.0,1790931236,27.287,37.0219,10972.8,False,236.19,316.68,0.33,,11193.78,6012,False,0
5566,39b415,CALIBRA,France,1790931236.0,1790931236,2.001,51.0714,1211.58,False,109.62,358.39,0.0,,1417.32,6134,False,0
5567,8966bc,ETD134,United Arab Emirates,1790931237.0,1790931237,8.9073,50.2199,9372.6,False,235.76,133.94,5.85,,9768.84,6420,False,0
5568,8966bd,ETD80M,United Arab Emirates,1790931234.0,1790931236,55.1391,24.0047,3954.78,False,165.65,296.96,-3.25,,4213.86,3511,False,0
5569,a37efc,UPS772,United States,1790931237.0,1790931237,-95.0886,30.0295,1188.72,False,110.1,221.21,-3.25,,1211.58,6613,False,0
5570,4074b8,EZY42BT,United Kingdom,1790931237.0,1790931237,1.2654,51.7192,9753.6,False,187.38,265.28,0.0,,10050.78,6273,False,0
5571,780e83,CES5706,China,1790930956.0,1790930958,115.9301,39.3983,5516.88,False,196.53,216.27,10.08,,5699.76,,False,0
5572,ac16bb,SWA3359,United States,1790931237.0,1790931237,-96.6872,35.6366,11277.6,False,266.51,84.91,0.0,,11887.2,0764,False,0
5573,c01754,ACA853,Canada,1790931178.0,1790931231,-9.452,56.7692,10363.2,False,247.98,307.58,0.0,,10340.34,6021,False,0
5574,8966d4,ETD9SM,United Arab Emirates,1790931236.0,1790931237,13.3321,47.673,11277.6,False,251.37,120.5,0.0,,11711.94,5227,False,0
5575,300860,IOZZM,Italy,1790931237.0,1790931237,11.5643,44.4886,91.44,False,41.98,107.1,3.58,,289.56,,False,0
5576,750470,,Malaysia,1790931070.0,1790931073,100.2977,4.0044,8839.2,False,233.06,153.38,0.0,,9433.56,,False,0
5577,c0172e,ACA42,Canada,1790931237.0,1790931237,10.2178,51.6307,10668.0,False,251.11,106.91,-0.33,,11049.0,5216,False,0
5578,30085a,IOZZL,Italy,1790931197.0,1790931197,11.3704,45.2287,548.64,False,49.39,180.0,1.63,,746.76,,False,0
5579,780e8a,RLH6587,China,1790930959.0,1790930959,117.5765,40.2295,7802.88,False,214.42,217.2,0.0,,8039.1,,False,0
5580,750464,AXM710,Malaysia,1790931236.0,1790931236,102.2136,2.1328,5478.78,False,182.17,284.39,-4.88,,5829.3,2257,False,0
5581,8966e4,A6SSM,United Arab Emirates,1790931106.0,1790931122,56.24,25.1747,1135.38,False,57.44,149.3,-3.9,,1181.1,,False,0
5582,750465,AXM583,Malaysia,1790931237.0,1790931237,102.0354,2.3439,4533.9,False,185.22,260.41,-5.2,,4808.22,,False,0
5583,750466,AXM396,Malaysia,1790931234.0,1790931234,100.9116,2.9388,3459.48,False,168.91,132.78,-10.73,,3710.94,,False,0
5584,750441,AXM649,Malaysia,1790931235.0,1790931237,101.5185,2.8254,1059.18,False,133.41,326.0,-6.5,,1112.52,,False,0
5585,3460d7,ECMZH,Spain,1790931010.0,1790931010,2.1023,41.5225,22.86,False,12.05,129.81,-0.33,,205.74,,False,0
5586,0102ad,NMA645,Egypt,1790931237.0,1790931237,27.277,36.1898,10668.0,False,233.52,153.72,0.33,,10873.74,7430,False,0
5587,84b3c9,APJ198,Japan,1790931235.0,1790931236,135.2257,34.415,15.24,False,63.63,50.91,-2.6,,83.82,,False,0
5588,7c52f8,QLK108D,Australia,1790931226.0,1790931232,151.1776,-33.9332,,True,0.0,70.31,,,,,False,0
5589,750451,AXM189,Malaysia,1790931227.0,1790931227,101.5048,2.6363,2164.08,False,127.69,97.64,0.0,,2278.38,,False,0
5590,0102b6,NIA7502,Egypt,1790931237.0,1790931237,19.2946,47.4223,175.26,False,86.63,133.07,11.7,,381.0,,False,0
5591,8966af,ABY146,United Arab Emirates,1790931237.0,1790931237,49.8011,27.0286,11277.6,False,253.21,83.47,0.0,,11940.54,5253,False,0
5592,8966aa,ETD44,United Arab Emirates,1790931237.0,1790931237,13.0444,48.8827,10066.02,False,235.32,122.68,0.0,,10485.12,0142,False,0
5593,3460c8,DNC01RV,Spain,1790931237.0,1790931237,-3.8704,36.7186,1623.06,False,48.02,225.87,0.33,,1798.32,,False,0
5594,8966ab,ETD9GL,United Arab Emirates,1790931229.0,1790931234,8.5508,47.4629,266.7,True,0.0,275.62,,,,3022,False,0
5595,30083c,IHCBB,Italy,1790931237.0,1790931237,8.6128,40.5969,419.1,False,64.51,256.63,2.28,,594.36,,False,0
5596,8966c7,ETD7EE,United Arab Emirates,1790931237.0,1790931237,12.8313,49.5874,11277.6,False,247.74,122.54,-0.33,,11704.32,4624,False,0
5597,750443,9MSKB,Malaysia,1790931234.0,1790931234,102.3981,2.1587,480.06,False,48.77,243.71,0.0,,480.06,,False,0
5598,8966c3,ETD4RL,United Arab Emirates,1790931227.0,1790931227,38.0478,33.6636,10363.2,False,254.69,332.97,-0.33,,10812.78,,False,0
5599,4ab421,KBV501,Sweden,1790931237.0,1790931237,17.3436,58.6484,1120.14,False,86.76,122.65,2.93,,1303.02,,False,0
5600,750445,MXD178,Malaysia,1790931214.0,1790931214,101.3409,2.9316,1866.9,False,115.7,80.79,0.0,,1973.58,4135,False,0
5601,395144,MOLOCH86,France,1790931006.0,1790931018,-0.3159,45.5858,350.52,False,85.19,307.15,-0.65,,525.78,,False,0
5602,39b464,,France,1790930913.0,1790931018,1.0419,49.3713,312.42,False,45.39,231.44,1.3,,525.78,,False,0
5603,3ff91a,DMCTZ,Germany,1790931237.0,1790931237,8.3381,49.1626,0.0,False,70.01,2.11,-2.6,,754.99,7000,False,0
5604,a7081a,DAL411,United States,1790931237.0,1790931237,-140.8292,60.2921,11590.02,False,216.22,280.7,0.0,,11330.94,,False,0
5605,a55218,AAL2010,United States,1790931237.0,1790931237,-105.6867,39.493,10050.78,False,248.92,76.25,-0.33,,10614.66,7235,False,0
5606,39514b,MOLOCH61,France,1790930925.0,1790930925,-0.4786,46.018,1158.24,False,64.49,201.04,-0.65,,1470.66,,False,0
5607,8966a8,ETD74P,United Arab Emirates,1790931234.0,1790931237,3.0804,39.702,2781.3,False,149.32,62.73,7.8,,3032.76,,False,0
5608,06e00e,RWD452,Rwanda,1790931201.0,1790931204,35.3432,-1.4999,7620.0,False,165.65,89.82,0.0,,8138.16,,False,0
5609,750424,MXD503,Malaysia,1790931009.0,1790931009,101.61,2.839,701.04,False,83.47,146.31,-4.55,,731.52,,False,0
5610,479227,NOZ372,Norway,1790931237.0,1790931237,11.1068,60.1743,228.6,False,82.54,196.29,10.08,,373.38,,False,0
5611,4074e3,BAW36,United Kingdom,1790931237.0,1790931237,21.2018,45.9942,12184.38,False,249.85,296.41,0.0,,12504.42,3266,False,0
5612,750421,MXD2406,Malaysia,1790931237.0,1790931237,103.6313,1.7075,1066.8,False,99.7,301.07,10.4,,1112.52,,False,0
5613,3474da,IBS15LU,Spain,1790931236.0,1790931236,-13.5258,30.5689,10972.8,False,228.18,34.62,0.0,,11612.88,,False,0
5614,ad002b,FDX1491,United States,1790931236.0,1790931236,-86.9918,36.658,9448.8,False,270.39,55.86,0.0,,10020.3,1660,False,0
5615,300918,IACMX,Italy,1790931237.0,1790931237,14.4949,35.8293,289.56,False,41.92,284.21,-0.98,,441.96,,False,0
5616,4c0652,YUBSS,Serbia,1790931236.0,1790931236,19.9788,45.5133,769.62,False,47.18,27.96,0.0,,975.36,,False,0
5617,4cafc4,RYR59QZ,Ireland,1790931237.0,1790931237,6.3876,56.0961,11277.6,False,236.96,83.89,0.0,,11490.96,4733,False,0
5618,4cafc1,RYR20EE,Ireland,1790931236.0,1790931237,-4.6323,39.9097,11277.6,False,221.0,255.03,0.0,,11734.8,0465,False,0
5619,4cafc2,RYR908N,Ireland,1790931236.0,1790931236,-2.7124,40.2019,4404.36,False,144.81,275.91,-4.23,,4709.16,1000,False,0
5620,48ada6,LOT3YM,Poland,1790931236.0,1790931236,6.4343,46.469,3078.48,False,159.02,43.56,11.05,,3352.8,,False,0
5621,48ada1,LOT4JD,Poland,1790930388.0,1790931234,22.3145,47.9359,10668.0,False,0.0,0.0,0.0,,11010.9,1160,False,0
5622,4cafcf,RYR100T,Ireland,1790931236.0,1790931236,-1.3359,52.8309,,True,11.83,267.19,,,,,False,0
5623,3b39ff,LA5,France,1790931073.0,1790931073,2.3772,48.725,,True,6.17,95.62,,,,,False,0
5624,4c0662,YUBTC,Serbia,1790931236.0,1790931237,13.6322,45.4632,693.42,False,88.14,309.08,0.0,,876.3,3354,False,0
5625,0c21b7,CMP733,Panama,1790931210.0,1790931210,-76.2395,2.7261,11582.4,False,223.58,328.36,0.0,,12390.12,,False,0
5626,4cafd6,SAS1797,Ireland,1790931237.0,1790931237,20.5995,57.853,10980.42,False,212.32,229.32,-0.33,,11376.66,0273,False,0
5627,4cafd7,SAS2582,Ireland,1790931236.0,1790931237,6.1575,49.6062,769.62,False,87.8,240.13,12.68,,990.6,3507,False,0
5628,4ab345,SCQ2E,Sweden,1790931237.0,1790931237,-5.1771,37.4512,1935.48,False,60.52,35.31,0.0,,2118.36,7210,False,0
5629,717c87,SVA259,Saudi Arabia,1790931237.0,1790931237,29.6918,40.8659,3794.76,False,186.23,269.68,-10.08,,3954.78,5276,False,0
5630,44caae,OORUN,Belgium,1790931236.0,1790931237,4.5559,51.2263,152.4,False,41.57,130.99,-0.98,,350.52,2000,False,0
5631,a577a3,UPS1342,United States,1790931237.0,1790931237,-79.5665,31.3356,11582.4,False,244.22,197.4,-0.33,,12245.34,,False,0
5632,0c21a0,DAE926,Panama,1790930969.0,1790930970,-49.6054,-22.7997,9753.6,False,201.48,290.01,0.0,,10264.14,,False,0
5633,0c21a5,,Panama,1790931089.0,1790931089,-67.3898,-6.2431,10972.8,False,225.04,324.02,0.0,,11711.94,,False,0
5634,0c21a3,CMP857,Panama,1790931236.0,1790931236,-96.4968,19.1625,11079.48,False,226.46,95.74,5.53,,11765.28,,False,0
5635,0c21a8,CMP815,Panama,1790931237.0,1790931237,-75.477,37.2295,10363.2,False,227.77,206.57,0.0,,10980.42,2207,True,0
5636,485da3,KLM7915,Kingdom of the Netherlands,1790931199.0,1790931199,6.5855,53.1272,,True,5.66,53.44,,,,,False,0
5637,717c81,KNE893,Saudi Arabia,1790931170.0,1790931170,39.2375,31.3233,11277.6,False,251.61,131.02,-0.33,,11833.86,,False,0
5638,4cafb3,RYR41VQ,Ireland,1790931237.0,1790931237,-2.0762,53.4492,815.34,False,78.1,234.11,-3.9,,990.6,2765,False,0
5639,4cafb5,RYR55RY,Ireland,1790931237.0,1790931237,2.1363,55.7965,11582.4,False,219.73,260.3,0.0,,11765.28,6020,False,0
5640,40649f,BAW614,United Kingdom,1790931237.0,1790931237,3.5646,47.5463,11285.22,False,232.83,135.72,0.0,,11689.08,7573,False,0
5641,abc07b,SWA3626,United States,1790931237.0,1790931237,-91.594,35.8132,11887.2,False,261.09,92.6,0.0,,12565.38,6733,False,0
5642,a4dbef,DAL298,United States,1790931237.0,1790931237,7.0182,48.152,11887.2,False,249.14,124.31,0.0,,12283.44,2247,False,0
5643,4076cd,BAW892,United Kingdom,1790931236.0,1790931236,12.2634,47.8341,11879.58,False,225.9,124.7,-0.33,,12298.68,2173,False,0
5644,780f41,CES2989,China,1790931225.0,1790931234,124.6408,37.1856,7231.38,False,226.45,88.31,-4.88,,7543.8,6330,False,0
5645,0c21fc,CMP477,Panama,1790930922.0,1790930959,-85.0032,17.5789,11277.6,False,220.25,168.82,0.0,,12024.36,,False,0
5646,0c21fb,,Panama,1790930956.0,1790930956,-67.7195,-1.6326,10972.8,False,223.93,312.49,0.0,,11711.94,,False,0
5647,0100dc,MSR729,Egypt,1790931237.0,1790931237,29.7066,40.7384,10972.8,False,238.21,342.66,0.0,,11163.3,6130,False,0
5648,04c3b2,5YDRE,Kenya,1790931236.0,1790931236,36.8538,-1.3735,1988.82,False,79.74,53.13,-4.55,,2095.5,,False,0
5649,4ab346,SCQZ1W,Sweden,1790931035.0,1790931036,8.8081,58.6749,769.62,False,56.19,40.54,-3.25,,922.02,,False,0
5650,0c21dd,CMP253,Panama,1790931237.0,1790931237,-107.0913,32.2776,10668.0,False,244.41,123.76,0.33,,11231.88,,False,0
5651,0c21df,CMP734,Panama,1790931236.0,1790931236,-75.9542,5.7666,10363.2,False,238.93,310.72,0.0,,11087.1,,False,0
5652,4076b1,TOM3NX,United Kingdom,1790931237.0,1790931237,17.3839,41.655,11277.6,False,263.42,155.79,0.0,,11635.74,5236,False,0
5653,851ca8,JAL569,Japan,1790931237.0,1790931237,140.028,37.132,9982.2,False,257.88,11.62,6.5,,10469.88,7367,False,0
5654,a6e89f,AAL1191,United States,1790931237.0,1790931237,-101.6472,38.6267,9448.8,False,247.41,79.58,0.0,,9921.24,4641,False,0
5655,4ab34f,SCQ5R,Sweden,1790931236.0,1790931237,-7.9434,43.0593,3055.62,False,55.96,251.23,0.33,,3276.6,,False,0
5656,780f75,CSZ9204,China,1790931134.0,1790931134,112.8662,22.2924,2735.58,False,155.47,165.83,-4.88,,2941.32,,False,0
5657,4caff8,RYR22MM,Ireland,1790931237.0,1790931237,15.3151,40.482,11582.4,False,204.8,8.23,0.0,,11993.88,6561,False,0
5658,4caff4,,Ireland,1790931128.0,1790931128,4.7637,52.2962,,True,4.37,137.81,,,,,False,0
5659,3964ec,TVF583Z,France,1790931236.0,1790931237,5.2358,38.4325,11887.2,False,226.95,184.16,0.0,,12405.36,7626,False,0
5660,3964eb,TVF8625,France,1790931237.0,1790931237,4.2475,43.3874,11582.4,False,213.2,314.02,0.0,,12062.46,1000,False,0
5661,407795,EZY21VB,United Kingdom,1790931236.0,1790931237,-2.9862,52.2777,5974.08,False,200.14,180.74,-13.0,,6210.3,6212,False,0
5662,407796,EZY53AN,United Kingdom,1790931236.0,1790931237,16.2781,45.7295,11277.6,False,234.05,129.11,0.0,,11696.7,2265,False,0
5663,3964ea,TVF43GD,France,1790931236.0,1790931237,3.1008,44.5652,11879.58,False,231.7,148.25,0.0,,12336.78,7641,False,0
5664,7503fd,AXM6441,Malaysia,1790931215.0,1790931235,101.2991,2.5808,2171.7,False,133.35,156.1,-6.5,,2301.24,,False,0
5665,01024f,MSC3029,Egypt,1790931237.0,1790931237,-0.2824,39.4759,11277.6,False,228.59,293.33,0.0,,11788.14,4472,False,0
5666,86804e,SKY023,Japan,1790931237.0,1790931237,138.6566,35.4831,8244.84,False,182.13,265.63,7.15,,8694.42,2062,False,0
5667,3007ee,DLA5RW,Italy,1790931236.0,1790931236,11.4551,47.9991,4572.0,False,189.1,15.62,0.33,,4876.8,1000,False,0
5668,3007ef,DLH2YN,Italy,1790931133.0,1790931133,11.8002,48.3513,,True,7.72,84.38,,,,1000,False,0
5669,86804f,SKY018,Japan,1790931237.0,1790931237,139.8234,35.4834,350.52,False,77.91,329.88,-4.23,,419.1,0407,False,0
5670,484b8f,KLM12B,Kingdom of the Netherlands,1790931237.0,1790931237,4.3462,52.2946,495.3,False,136.33,18.71,-2.28,,708.66,1000,False,0
5671,407793,EZY48UK,United Kingdom,1790931237.0,1790931237,-10.4562,38.05,11269.98,False,223.94,201.14,0.0,,11795.76,1171,False,0
5672,407794,EZY27DV,United Kingdom,1790931237.0,1790931237,-2.7024,51.5592,1935.48,False,143.66,118.68,-8.13,,2133.6,6231,False,0
5673,010262,MSR703,Egypt,1790931236.0,1790931237,13.5301,44.7588,10363.2,False,230.38,306.28,0.0,,10797.54,2031,False,0
5674,40777c,EXS1386,United Kingdom,1790931237.0,1790931237,9.1234,48.8612,12192.0,False,218.35,306.09,0.0,,12580.62,3127,False,0
5675,ac5fd6,FDX5030,United States,1790930930.0,1790930949,28.7279,41.2519,68.58,False,71.52,358.76,-2.28,,236.22,,False,0
5676,39a1a4,FHINE,France,1790931236.0,1790931237,4.1552,43.5731,335.28,False,46.75,114.03,0.0,,502.92,5405,False,0
5677,484b90,KLM1137,Kingdom of the Netherlands,1790931236.0,1790931237,-5.1932,53.622,4076.7,False,148.66,238.73,-14.31,,4259.58,6260,False,0
5678,01023b,MSC2940,Egypt,1790931237.0,1790931237,25.464,37.8028,10972.8,False,235.22,329.51,0.0,,11178.54,5515,False,0
5679,aad981,AAL49,United States,1790931237.0,1790931237,-1.5724,49.1625,9753.6,False,231.18,277.03,0.0,,10111.74,0670,False,0
5680,86803a,SKY519,Japan,1790931232.0,1790931235,128.2032,27.0029,6545.58,False,222.37,203.3,-13.33,,6987.54,,False,0
5681,7c6887,VHUXL,Australia,1790931235.0,1790931235,115.8665,-31.9644,335.28,False,44.25,90.67,0.0,,358.14,,False,0
5682,abe636,LIFELN5,United States,1790931237.0,1790931237,-104.7086,38.4841,1844.04,False,59.73,177.53,0.0,,1958.34,,False,0
5683,399a61,FHGTB,France,1790931042.0,1790931079,1.5775,44.3791,609.6,False,52.07,240.4,-2.6,,784.86,7000,False,0
5684,407780,ULR85A,United Kingdom,1790931236.0,1790931236,-1.9065,57.3485,243.84,False,61.66,234.85,0.0,,358.14,,False,0
5685,010242,MSR781,Egypt,1790931237.0,1790931237,23.5642,40.2702,10347.96,False,219.71,328.21,0.0,,10584.18,7737,False,0
5686,40643b,EZY83YQ,United Kingdom,1790931237.0,1790931237,1.2544,41.0092,10576.56,False,216.96,353.46,4.55,,11056.62,,False,0
5687,40643d,EZY31FV,United Kingdom,1790931236.0,1790931236,-4.0524,49.0941,10660.38,False,204.99,206.69,0.0,,11003.28,0510,False,0
5688,010244,MSR791,Egypt,1790931235.0,1790931236,25.0093,35.9275,10972.8,False,223.44,320.89,0.0,,11186.16,,False,0
5689,010243,MSR843,Egypt,1790931163.0,1790931173,11.128,36.8073,4404.36,False,207.0,294.21,-13.66,,4709.16,6623,False,0
5690,010246,MSR847,Egypt,1790931237.0,1790931237,10.2359,36.2125,10363.2,False,229.54,277.86,0.0,,10858.5,2025,False,0
5691,399a69,FHGTJ,France,1790931237.0,1790931237,5.5876,43.301,1013.46,False,45.62,150.26,0.33,,1211.58,7000,False,0
5692,868056,JAL10,Japan,1790931236.0,1790931236,-167.6109,58.044,10668.0,False,250.64,88.35,0.0,,10500.36,,False,0
5693,010245,MSR757,Egypt,1790931230.0,1790931236,26.8251,35.9909,10363.2,False,233.84,335.01,0.0,,10591.8,1635,False,0
5694,3951e8,FGUPI,France,1790931237.0,1790931237,5.3452,43.5289,121.92,False,34.99,143.97,-2.28,,335.28,7000,False,0
5695,8478ab,NCA254,Japan,1790931236.0,1790931236,141.0206,35.3892,1905.0,False,120.59,323.33,-2.6,,2011.68,3644,False,0
5696,a444d6,N374YJ,United States,1790931237.0,1790931237,139.3102,35.8989,883.92,False,60.57,159.1,0.33,,975.36,5466,False,0
5697,406442,EZY64XR,United Kingdom,1790931236.0,1790931237,4.231,46.4608,11590.02,False,220.27,341.48,0.65,,12009.12,5311,False,0
5698,406445,EZY29PG,United Kingdom,1790931197.0,1790931200,3.9105,40.0009,2788.92,False,167.48,168.48,-6.18,,3048.0,2063,False,0
5699,406446,EZY41PQ,United Kingdom,1790931236.0,1790931236,-0.3753,51.1224,1562.1,False,112.83,257.36,18.21,,1760.22,6374,False,0
5700,407777,CFE664,United Kingdom,1790931236.0,1790931236,5.2166,44.4037,9723.12,False,232.92,131.33,-8.78,,10157.46,7570,False,0
5701,3964e0,TVF29GG,France,1790931236.0,1790931237,-3.2688,45.6806,11292.84,False,213.93,225.97,3.25,,11689.08,5723,False,0
5702,010275,RSX8513,Egypt,1790931237.0,1790931237,14.1318,46.4284,11582.4,False,222.8,308.06,0.0,,12016.74,2003,False,0
5703,3964e4,TVF55ME,France,1790931236.0,1790931236,7.3372,45.7256,11582.4,False,216.08,314.81,0.0,,12016.74,1000,False,0
5704,010274,NMA5270,Egypt,1790931236.0,1790931237,30.655,39.2344,10965.18,False,239.52,339.11,0.0,,11193.78,5212,False,0
5705,a4dd5e,UPS938,United States,1790931236.0,1790931236,-94.9063,40.1223,10363.2,False,236.66,269.25,0.0,,10812.78,6711,False,0
5706,3964e2,TVF88JV,France,1790931237.0,1790931237,10.7848,51.2564,9555.48,False,214.76,65.22,-5.2,,9928.86,1000,False,0
5707,010276,RSX8555,Egypt,1790931237.0,1790931237,23.5262,39.5913,11582.4,False,223.86,333.67,0.0,,11780.52,2014,False,0
5708,3964e1,TVF55JD,France,1790931236.0,1790931237,5.1777,48.417,9928.86,False,238.85,109.37,8.78,,10317.48,1000,False,0
5709,48ae83,LOT454,Poland,1790931236.0,1790931236,17.9579,59.6461,,True,31.38,191.25,,,,,False,0
5710,48ae80,LOT3MH,Poland,1790931236.0,1790931237,16.563,50.2571,10363.2,False,230.15,56.49,0.0,,10767.06,1000,False,0
5711,48ae81,LOT2AT,Poland,1790931237.0,1790931237,20.8237,44.8053,11277.6,False,237.05,160.74,0.0,,11605.26,4431,False,0
5712,407765,GMA19,United Kingdom,1790931236.0,1790931236,-1.242,50.9863,914.4,False,128.47,28.72,-10.08,,1097.28,1245,False,0
5713,01025d,MSR964,Egypt,1790931237.0,1790931237,140.908,35.873,3025.14,False,136.69,160.2,-0.33,,3169.92,3626,False,0
5714,a324d9,UPS1220,United States,1790931237.0,1790931237,-83.4787,38.2509,9456.42,False,272.97,81.66,0.33,,9974.58,6722,False,0
5715,7c4203,VOZ793,Australia,1790931236.0,1790931236,150.1589,-22.2317,11582.4,False,213.51,323.82,0.0,,12260.58,,False,0
5716,3964f0,TVF74VS,France,1790931237.0,1790931237,3.3624,46.3867,10668.0,False,222.12,155.22,0.0,,11094.72,3325,False,0
5717,010273,MSC304,Egypt,1790931236.0,1790931236,31.047,31.8417,10317.48,False,220.15,170.45,-4.88,,10706.1,3370,False,0
5718,3964f4,TVF61JR,France,1790931237.0,1790931237,1.1918,44.2585,6118.86,False,198.0,352.99,13.98,,6454.14,1000,False,0
5719,3951c2,AFR6729,France,1790931237.0,1790931237,8.5007,49.4826,10972.8,False,230.63,279.63,0.0,,11353.8,1000,False,0
5720,3007f2,DLA4AJ,Italy,1790931236.0,1790931237,4.3999,50.7028,10668.0,False,228.96,104.44,0.33,,11018.52,3402,False,0
5721,3951c1,AFR6733,France,1790931233.0,1790931235,-87.9314,41.9708,,True,8.75,0.0,,,,,False,0
5722,868078,,Japan,1790931029.0,1790931029,104.5035,2.8795,7124.7,False,195.84,227.13,-8.13,,7886.7,,False,0
5723,3964f7,TVF29EN,France,1790930961.0,1790930986,2.3641,48.7263,,True,2.31,337.5,,,,5576,False,0
5724,aaa012,ASA180,United States,1790931236.0,1790931237,-4.3671,53.984,11582.4,False,247.4,136.01,-0.33,,11750.04,2207,False,0
5725,a324ce,AAL2007,United States,1790931222.0,1790931222,-77.0417,38.8568,,True,0.0,230.62,,,,,False,0
5726,01025a,NMA619,Egypt,1790928518.0,1790931237,32.8519,55.1007,10363.2,False,28.85,78.69,5.53,,,6256,False,0
5727,abd30f,FDX6436,United States,1790931187.0,1790931187,55.148,24.8961,,True,4.63,348.75,,,,4014,False,0
5728,01020b,MSR771,Egypt,1790931236.0,1790931237,27.2526,34.9598,11582.4,False,229.93,331.83,0.0,,11818.62,2015,False,0
5729,7c4270,AE930,Australia,1790931236.0,1790931236,151.3838,-32.748,2659.38,False,144.93,227.59,0.0,,2834.64,,False,0
5730,00921b,ZUNOW,South Africa,1790931237.0,1790931237,27.5609,-25.8649,1965.96,False,44.94,74.05,-0.65,,2118.36,,False,0
5731,7c4275,NEV,Australia,1790931237.0,1790931237,115.7654,-32.0972,335.28,False,86.53,83.17,-0.98,,381.0,,False,0
5732,39a1e4,PEA301,France,1790931237.0,1790931237,6.5955,44.0318,9022.08,False,182.64,311.23,5.2,,9479.28,1000,False,0
5733,3007c0,IGDEL,Italy,1790931234.0,1790931234,12.5973,42.2557,807.72,False,64.92,19.44,1.95,,944.88,,False,0
5734,34758c,IBS16MF,Spain,1790931230.0,1790931235,1.3687,38.8742,,True,0.0,331.88,,,,,False,0
5735,010209,MSR699,Egypt,1790931137.0,1790931236,29.7253,31.9697,10972.8,False,225.58,326.35,0.0,,11323.32,,False,0
5736,347588,IBS16ML,Spain,1790931237.0,1790931237,-14.0629,29.8613,9814.56,False,227.44,33.19,3.25,,10424.16,,False,0
5737,01022d,MSC2911,Egypt,1790931127.0,1790931127,24.5916,33.8682,11277.6,False,248.86,138.27,-0.33,,11529.06,7430,False,0
5738,868042,SKY148,Japan,1790930941.0,1790930941,135.232,34.6339,,True,4.12,5.62,,,,,False,0
5739,a564ab,AAL375,United States,1790931235.0,1790931236,-116.8657,56.2026,10066.02,False,258.18,115.49,0.0,,10043.16,,False,0
5740,40779a,BAW21ML,United Kingdom,1790931236.0,1790931236,-0.2458,51.3567,1866.9,False,115.36,80.24,-5.53,,2072.64,5171,False,0
5741,7503b1,AXM5597,Malaysia,1790931098.0,1790931098,106.1942,1.5207,10256.52,False,245.25,248.98,0.0,,11094.72,,False,0
5742,3b13ff,INFRA1,France,1790931207.0,1790931207,2.3683,48.7246,,True,7.46,227.81,,,,,False,0
5743,868038,SKY564,Japan,1790931073.0,1790931080,130.4657,33.5639,53.34,False,72.81,330.36,-2.28,,106.68,,False,0
5744,3007b6,INICC,Italy,1790931154.0,1790931154,7.257,45.1097,693.42,False,62.81,289.62,0.0,,1013.46,,False,0
5745,484b32,KLC70Y,Kingdom of the Netherlands,1790931236.0,1790931236,-3.3287,51.392,,True,0.0,295.31,,,,,False,0
5746,346355,VLG2YT,Spain,1790931237.0,1790931237,-5.3523,36.7275,6080.76,False,204.07,83.34,11.7,,6454.14,6557,False,0
5747,346350,VOE7GW,Spain,1790931236.0,1790931237,0.7269,45.6103,8130.54,False,178.08,235.71,-8.78,,8542.02,1000,False,0
5748,4b1a23,EJU39DC,Switzerland,1790931237.0,1790931237,-2.7342,42.2366,10363.2,False,237.73,32.9,-0.33,,10812.78,4633,False,0
5749,75050c,RMY1934,Malaysia,1790931236.0,1790931236,103.4016,3.1381,7612.38,False,225.42,79.61,0.0,,8122.92,,False,0
5750,48ae26,LOT1080,Poland,1790931038.0,1790931043,-165.0023,70.0272,11277.6,False,247.66,2.38,-0.33,,10759.44,,False,0
5751,750517,AXM6357,Malaysia,1790931223.0,1790931223,116.0565,5.9454,,True,14.4,22.5,,,,,False,0
5752,48ae22,LOT79,Poland,1790931236.0,1790931236,139.5567,36.9826,7620.0,False,254.4,80.69,0.33,,7962.9,3744,False,0
5753,750518,AXM6131,Malaysia,1790931233.0,1790931233,101.5782,2.8865,792.48,False,100.9,145.18,-0.33,,845.82,,False,0
5754,48ae20,LOT16M,Poland,1790931237.0,1790931237,-9.8458,51.6966,11879.58,False,274.38,79.85,0.0,,12062.46,2241,False,0
5755,485e2f,KLM879,Kingdom of the Netherlands,1790931236.0,1790931237,9.9234,49.6888,10668.0,False,256.63,129.31,-0.33,,11071.86,0157,False,0
5756,48ae0e,LOT5LF,Poland,1790931042.0,1790931042,18.3311,51.6589,9441.18,False,215.73,256.06,6.5,,8206.74,,False,0
5757,485e2d,KLM601,Kingdom of the Netherlands,1790931237.0,1790931237,-1.4194,55.4165,10355.58,False,251.03,329.86,-0.33,,10507.98,2144,False,0
5758,4d24a1,VJT409,Malta,1790931237.0,1790931237,-8.8138,42.3587,13716.0,False,232.66,162.37,0.0,,14135.1,3707,False,0
5759,4b1a02,SAZ73,Switzerland,1790930976.0,1790930976,-47.575,-8.9427,10972.8,False,217.87,246.04,-0.33,,11666.22,,False,0
5760,4b1a2d,EZS1571,Switzerland,1790931237.0,1790931237,5.9942,46.6284,4998.72,False,186.23,322.97,11.7,,5326.38,5776,False,0
5761,4b1a2e,EZS19BN,Switzerland,1790931129.0,1790931129,6.1003,46.2321,274.32,False,69.12,45.6,-3.9,,533.4,1000,False,0
5762,48ae06,LOT36,Poland,1790931237.0,1790931237,10.086,57.5361,12496.8,False,235.44,127.72,0.0,,12778.74,3713,False,0
5763,48ae07,LOT5ED,Poland,1790931237.0,1790931237,5.199,59.3983,12496.8,False,242.84,123.86,-0.33,,12687.3,,False,0
5764,48ae03,LOT4,Poland,1790931236.0,1790931236,-19.118,63.2655,11879.58,False,271.35,95.55,0.0,,11711.94,,False,0
5765,48ae00,LOT2006,Poland,1790931236.0,1790931237,41.7074,41.2672,12184.38,False,221.42,260.1,-0.33,,12466.32,2366,False,0
5766,4b1a2c,EZS37YZ,Switzerland,1790931237.0,1790931237,-2.5297,40.2736,11582.4,False,231.7,22.86,-0.33,,12054.84,6474,False,0
5767,485e30,KLM706,Kingdom of the Netherlands,1790931237.0,1790931237,-14.9838,33.2696,11582.4,False,243.21,25.7,0.0,,12184.38,,False,0
5768,780eb2,CSH9470,China,1790931237.0,1790931237,113.3661,22.9423,8869.68,False,227.84,93.62,0.0,,9456.42,,False,0
5769,347650,EAX1E,Spain,1790931196.0,1790931201,1.7546,41.545,1257.3,False,68.05,286.24,0.0,,1447.8,,False,0
5770,4b1a1d,EZS54RD,Switzerland,1790931233.0,1790931233,5.9712,46.144,990.6,False,74.57,45.28,-4.23,,1264.92,1000,False,0
5771,4b1a1e,EZS23HQ,Switzerland,1790931237.0,1790931237,13.621,40.5872,11582.4,False,208.75,329.33,0.0,,12031.98,3737,False,0
5772,4b1a1a,EZS43JB,Switzerland,1790931237.0,1790931237,28.0861,36.4035,,True,8.23,250.31,,,,,False,0
5773,346317,LAV1829,Spain,1790931236.0,1790931236,-3.9655,44.121,11269.98,False,226.15,183.0,0.0,,11704.32,0534,False,0
5774,4b1a25,EJU85QE,Switzerland,1790931237.0,1790931237,5.3325,43.9575,11277.6,False,221.61,197.43,0.0,,11772.9,1000,False,0
5775,347648,IBB82QF,Spain,1790931070.0,1790931082,-12.392,33.1446,11582.4,False,216.3,22.66,-0.33,,12169.14,,False,0
5776,84b4d9,APJ456,Japan,1790931236.0,1790931236,139.9787,40.5423,10355.58,False,180.83,206.35,0.65,,10591.8,,False,0
5777,4b1a27,EZS64HZ,Switzerland,1790931236.0,1790931236,9.4031,49.9387,10972.8,False,232.45,22.65,0.33,,11376.66,6730,False,0
5778,4b1a28,EZS68GC,Switzerland,1790931236.0,1790931236,4.5723,48.3447,8839.2,False,234.78,97.93,0.0,,9243.06,6363,False,0
5779,4b1a29,EZS46NT,Switzerland,1790931237.0,1790931237,4.4008,46.0218,9753.6,False,202.28,256.92,0.0,,10203.18,1000,False,0
5780,346316,IBE05BF,Spain,1790931236.0,1790931236,-1.0374,44.6734,10363.2,False,233.32,22.83,-0.33,,10797.54,1000,False,0
5781,347643,AEA041,Spain,1790931236.0,1790931236,-49.708,-27.8289,11582.4,False,238.79,212.15,-0.33,,12031.98,,False,0
5782,4d24cb,RYR7JU,Malta,1790931237.0,1790931237,5.9426,53.025,11582.4,False,215.89,234.11,0.0,,11871.96,0751,False,0
5783,4b1a65,EZS34RF,Switzerland,1790931237.0,1790931237,11.5273,45.9507,11269.98,False,226.3,123.22,-0.33,,11727.18,1000,False,0
5784,4d24cc,RYR7CC,Malta,1790931237.0,1790931237,26.7776,38.8649,11277.6,False,233.0,123.65,0.0,,11475.72,7431,False,0
5785,4b1a66,EZS83LE,Switzerland,1790931237.0,1790931237,7.641,47.6832,3177.54,False,169.75,80.05,4.88,,3489.96,1000,False,0
5786,4b1a67,EZS51JQ,Switzerland,1790931237.0,1790931237,4.9492,46.7846,7909.56,False,224.63,126.06,-4.88,,8336.28,7276,False,0
5787,7c683e,NWK1736,Australia,1790931236.0,1790931237,115.9541,-29.8934,10180.32,False,239.86,4.18,0.33,,10500.36,4054,False,0
5788,a1701b,FDX1151,United States,1790931237.0,1790931237,-101.0828,33.9412,10370.82,False,241.7,291.21,0.0,,10911.84,,False,0
5789,4d24d6,WZZ8086,Malta,1790931236.0,1790931236,10.6741,52.787,10668.0,False,237.88,85.53,0.33,,11033.76,4635,False,0
5790,780ebc,CES720,China,1790931237.0,1790931237,132.2698,34.2701,9151.62,False,205.08,249.75,0.0,,9669.78,6120,False,0
5791,44a8eb,OOJGK,Belgium,1790931236.0,1790931236,-4.3256,41.8419,12504.42,False,222.71,221.35,0.0,,12938.76,3713,False,0
5792,39c82b,PEA501,France,1790931236.0,1790931236,9.9206,44.4312,8260.08,False,196.87,305.64,-2.6,,8648.7,1000,False,0
5793,4d24d2,DAH1070,Malta,1790931237.0,1790931237,4.8894,43.1503,3810.0,False,135.94,318.53,-10.4,,4130.04,1000,False,0
5794,40773e,,United Kingdom,1790931083.0,1790931174,-1.462,57.7245,342.9,False,54.79,214.29,0.0,,457.2,,False,0
5795,47809f,WIF1326,Norway,1790931217.0,1790931217,16.798,68.7153,7018.02,False,137.64,31.55,0.0,,7246.62,,False,0
5796,507c3d,UZB9432,Uzbekistan,1790931236.0,1790931236,75.2989,30.4204,10949.94,False,224.86,342.56,2.28,,11574.78,,False,0
5797,4708c9,HADIN,Hungary,1790931201.0,1790931201,19.1222,47.6196,76.2,False,37.3,114.44,0.0,,289.56,,False,0
5798,507c3a,UZB9626,Uzbekistan,1790931206.0,1790931221,41.2349,53.9976,10660.38,False,225.43,110.3,-0.33,,,,False,0
5799,780ed3,CDG2319,China,1790930958.0,1790930959,117.4927,39.4518,9479.28,False,251.45,58.55,0.0,,9761.22,,False,0
5800,780ed0,CSN382,China,1790931236.0,1790931237,114.032,21.9879,5859.78,False,203.68,337.58,-4.88,,6233.16,,False,0
5801,a3396b,ATN3330,United States,1790931236.0,1790931236,-113.3962,35.4303,10363.2,False,234.06,262.42,0.0,,10888.98,6730,False,0
5802,400dc2,GMA01,United Kingdom,1790931237.0,1790931237,-4.4705,55.8547,480.06,False,66.53,219.35,8.45,,609.6,,False,0
5803,010291,MSC3111,Egypt,1790931235.0,1790931236,2.22,38.6419,11277.6,False,226.22,295.17,0.33,,11795.76,,False,0
5804,010293,MSC2991,Egypt,1790931236.0,1790931237,19.0242,43.8067,10675.62,False,239.47,161.33,0.0,,11026.14,7103,False,0
5805,4d24e7,EWG66L,Malta,1790931236.0,1790931236,6.498,46.7764,10668.0,False,228.18,230.86,0.0,,11109.96,2503,False,0
5806,010287,NMA8011,Egypt,1790931237.0,1790931237,12.3632,37.7127,10363.2,False,219.02,303.99,0.0,,10835.64,2070,False,0
5807,40772d,EZY5606,United Kingdom,1790931237.0,1790931237,-0.5496,53.5771,8778.24,False,179.22,285.31,-4.23,,9014.46,7332,False,0
5808,400db2,EZY58KW,United Kingdom,1790931235.0,1790931235,1.6548,41.3372,2202.18,False,124.58,112.33,-8.78,,2537.46,2724,False,0
5809,a0504c,N1192M,United States,1790931236.0,1790931237,-80.5274,25.6484,281.94,False,51.59,99.18,-0.33,,274.32,,False,0
5810,4d24ae,WMT1717,Malta,1790931237.0,1790931237,8.8102,45.3245,1318.26,False,100.09,332.78,-2.28,,1531.62,1000,False,0
5811,478096,WIF8L,Norway,1790931237.0,1790931237,14.3443,67.0801,2636.52,False,76.5,192.82,8.13,,2758.44,,False,0
5812,400db1,EZY95BM,United Kingdom,1790931237.0,1790931237,10.3141,46.4222,10119.36,False,224.0,336.73,2.6,,10553.7,0242,False,0
5813,478092,WIF4X,Norway,1790931236.0,1790931236,9.5208,60.5593,5181.6,False,114.97,128.46,0.0,,5387.34,,False,0
5814,478095,WIF104,Norway,1790931237.0,1790931237,5.1763,60.2458,1021.08,False,86.75,295.65,4.88,,1173.48,,False,0
5815,4d24c0,CHZ605,Malta,1790931237.0,1790931237,6.2517,50.2863,4732.02,False,181.42,294.46,-13.66,,5021.58,1000,False,0
5816,478094,WIF8AP,Norway,1790931235.0,1790931235,11.0897,60.195,,True,4.89,67.5,,,,,False,0
5817,4d24b4,WMT4LW,Malta,1790931236.0,1790931236,16.4537,49.2214,10675.62,False,229.58,104.01,0.0,,11087.1,1000,False,0
5818,76cef5,SIA211,Singapore,1790931237.0,1790931237,150.3636,-33.9838,3817.62,False,172.5,51.66,-8.78,,4046.22,0135,False,0
5819,76cef6,SIA26,Singapore,1790931237.0,1790931237,-8.0419,51.1003,10363.2,False,221.05,264.93,0.0,,10599.42,0131,False,0
5820,4d24b0,WMT7CK,Malta,1790930181.0,1790931236,24.3196,47.61,11277.6,False,209.88,103.32,0.0,,11643.36,4513,False,0
5821,4d24b1,WZZ99TY,Malta,1790931237.0,1790931237,17.1162,49.2333,10363.2,False,236.92,240.04,0.0,,10797.54,6523,False,0
5822,40771a,VIR20V,United Kingdom,1790931236.0,1790931236,-12.4839,55.6461,11887.2,False,271.04,104.96,0.0,,11917.68,,False,0
5823,4d24b3,WZZ383,Malta,1790931204.0,1790931235,19.7472,49.9211,10965.18,False,224.52,19.27,0.0,,11361.42,1000,False,0
5824,461e21,FIN5DM,Finland,1790931237.0,1790931237,19.0495,47.662,1592.58,False,150.51,221.54,-8.13,,1836.42,4516,False,0
5825,a814f4,XEN62,United States,1790931237.0,1790931237,-74.0608,40.8311,236.22,False,91.17,182.91,12.35,,213.36,,False,0
5826,ab9630,AAL134,United States,1790931236.0,1790931236,-4.2611,53.4982,10660.38,False,266.48,93.54,-0.33,,10850.88,6307,False,0
5827,4ab1ac,SELML,Sweden,1790931237.0,1790931237,17.2234,59.255,289.56,False,52.58,73.52,4.23,,464.82,7000,False,0
5828,347610,FBY94A,Spain,1790931138.0,1790931138,-3.7187,42.16,1584.96,False,44.52,202.42,0.0,,1767.84,,False,0
5829,84c7d2,SFJ85,Japan,1790931237.0,1790931237,138.1118,35.4435,10637.52,False,177.4,266.01,6.83,,11201.4,2244,False,0
5830,4d24ba,KMM116,Malta,1790931237.0,1790931237,2.5293,49.6442,11277.6,False,212.2,308.01,0.0,,11635.74,2754,False,0
5831,461e1d,FIN863,Finland,1790931237.0,1790931237,24.6534,60.2788,1874.52,False,144.16,247.55,9.75,,2110.74,,False,0
5832,461e1e,FIN6EH,Finland,1790931236.0,1790931236,17.9209,59.6485,,True,13.38,11.25,,,,,False,0
5833,a0d98d,FDX1155,United States,1790931237.0,1790931237,-95.4843,30.0986,2758.44,False,139.56,119.12,-4.23,,2887.98,,False,0
5834,461e1a,FIN1EG,Finland,1790931066.0,1790931236,23.1576,54.876,11582.4,False,221.29,185.74,0.0,,11986.26,4301,False,0
5835,780eed,QDA6010,China,1790931237.0,1790931237,114.2645,23.2446,10698.48,False,235.38,54.61,0.0,,11452.86,,False,0
5836,47808b,WIF9GZ,Norway,1790931237.0,1790931237,11.797,65.0549,2804.16,False,137.51,7.52,-9.75,,2971.8,,False,0
5837,a8294f,N625FB,United States,1790931236.0,1790931237,-112.1909,33.4968,556.26,False,50.93,270.58,0.33,,541.02,,False,0
5838,0101cd,RBG542,Egypt,1790931236.0,1790931236,10.6101,44.4883,7193.28,False,194.64,327.19,-11.38,,7612.38,5521,False,0
5839,4075f4,TOM34T,United Kingdom,1790931237.0,1790931237,15.688,43.1947,11887.2,False,240.62,137.17,0.0,,12291.06,0565,False,0
5840,780f85,CSH7258,China,1790931236.0,1790931236,112.9643,22.9473,8869.68,False,236.92,107.18,-0.33,,9456.42,,False,0
5841,750597,MAS148,Malaysia,1790931237.0,1790931237,126.6537,-17.5417,11887.2,False,227.4,313.81,0.0,,12679.68,,False,0
5842,4075f3,TOM8MH,United Kingdom,1790931237.0,1790931237,-15.1198,31.5453,11277.6,False,238.71,208.44,0.0,,11902.44,,False,0
5843,a1d368,JBU1488,United States,1790931237.0,1790931237,-91.8872,42.5956,10058.4,False,266.08,82.67,0.0,,10439.4,,False,0
5844,87ad7a,TEST,Japan,1790931230.0,1790931230,139.7849,35.5596,,True,5.66,329.06,,,,,False,0
5845,a5666e,UPS572,United States,1790931217.0,1790931217,-91.691,41.8842,243.84,False,63.79,270.46,-3.25,,289.56,,False,0
5846,30099b,IOZZR,Italy,1790931237.0,1790931237,11.5111,44.4611,121.92,False,37.26,144.55,-3.25,,320.04,,False,0
5847,461e18,FIN26J,Finland,1790931237.0,1790931237,15.1981,56.6125,11582.4,False,218.5,227.67,0.33,,11955.78,3512,False,0
5848,0101bd,MSR733,Egypt,1790931236.0,1790931236,26.6857,36.3327,10972.8,False,229.3,329.23,-0.33,,11178.54,2041,False,0
5849,461e16,FIN1143,Finland,1790931236.0,1790931236,24.4641,59.6491,7223.76,False,188.35,189.59,9.43,,7574.28,3763,False,0
5850,a93631,DAL1566,United States,1790931237.0,1790931237,-88.3265,41.5508,11887.2,False,293.12,77.84,0.0,,12382.5,,False,0
5851,4075e0,EZY81HQ,United Kingdom,1790931237.0,1790931237,1.7889,44.0768,10660.38,False,224.89,168.92,0.0,,11117.58,2014,False,0
5852,300971,IMIRL,Italy,1790931201.0,1790931201,9.2628,45.4535,,True,1.8,247.5,,,,1000,False,0
5853,400e5a,EZY83GV,United Kingdom,1790931237.0,1790931237,-1.255,40.2105,8587.74,False,252.71,336.36,13.66,,9006.84,4563,False,0
5854,c05edd,ACA338,Canada,1790931230.0,1790931236,-73.7495,45.4593,,True,0.06,180.0,,,,,False,0
5855,75056a,MXD390,Malaysia,1790931237.0,1790931237,102.1484,1.9448,4267.2,False,175.5,123.64,0.0,,4526.28,,False,0
5856,780f9a,DKH1389,China,1790931236.0,1790931236,129.3892,32.7834,9456.42,False,267.65,76.55,0.0,,10050.78,4425,False,0
5857,750579,MAS141,Malaysia,1790931237.0,1790931237,146.9151,-34.87,11887.2,False,271.98,87.07,0.0,,12199.62,2163,False,0
5858,a0b35c,UPS778,United States,1790931237.0,1790931237,-89.5707,40.1831,10058.4,False,207.38,193.48,-0.33,,10561.32,,False,0
5859,4d24ea,RYR16AJ,Malta,1790931237.0,1790931237,-3.505,45.4403,11277.6,False,222.27,180.93,0.0,,11689.08,0554,False,0
5860,4d24eb,RYR8UF,Malta,1790931237.0,1790931237,4.6198,48.4917,10972.8,False,224.21,307.45,0.0,,11376.66,7516,False,0
5861,750574,MXD701,Malaysia,1790930930.0,1790930930,73.7199,16.2921,12192.0,False,251.23,296.51,0.0,,12923.52,,False,0
5862,4075bb,EXS1FD,United Kingdom,1790931237.0,1790931237,9.5109,46.7997,10401.3,False,223.49,131.17,-10.4,,10843.26,6372,False,0
5863,750592,MAS773,Malaysia,1790931236.0,1790931236,101.4174,2.8142,4411.98,False,144.38,294.19,-2.6,,4686.3,,False,0
5864,750593,MXD2108,Malaysia,1790931229.0,1790931229,101.0361,3.2921,7307.58,False,212.55,318.83,0.0,,7802.88,,False,0
5865,4d24fe,ETD160,Malta,1790931237.0,1790931237,20.9768,52.1546,83.82,False,78.01,152.08,11.05,,297.18,,False,0
5866,44a8a6,TFL6FX,Belgium,1790931236.0,1790931236,19.1794,41.9107,11277.6,False,230.99,143.51,0.0,,11597.64,3152,False,0
5867,400e4a,EXS3HB,United Kingdom,1790931237.0,1790931237,0.5317,44.6609,11582.4,False,231.23,340.23,0.0,,12009.12,5365,False,0
5868,75057a,MAS165,Malaysia,1790931237.0,1790931237,73.7719,15.0081,11277.6,False,238.92,118.28,0.0,,11948.16,,False,0
5869,75057b,KXP837,Malaysia,1790931233.0,1790931236,116.1626,7.7892,11468.1,False,224.51,4.6,4.88,,12260.58,,False,0
5870,4075c2,UBT902,United Kingdom,1790931237.0,1790931237,11.0989,60.1982,,True,1.03,70.31,,,,,False,0
5871,aa0ca7,GTI4231,United States,1790931236.0,1790931237,5.5844,45.5412,9753.6,False,236.69,284.22,0.0,,10180.32,5775,False,0
5872,750562,AXM101,Malaysia,1790931237.0,1790931237,101.5036,20.8368,11887.2,False,232.01,17.55,0.0,,12649.2,,False,0
5873,ac3a38,SWA3270,United States,1790931237.0,1790931237,-102.9587,37.832,11277.6,False,232.49,70.88,-0.33,,11849.1,,False,0
5874,300953,PROVA81,Italy,1790931236.0,1790931236,8.5395,45.9215,998.22,False,44.76,316.4,14.96,,1211.58,4612,False,0
5875,8691aa,ANA110,Japan,1790931237.0,1790931237,-132.3991,56.3384,10668.0,False,259.0,109.01,0.0,,10584.18,7443,False,0
5876,30094b,IGODO,Italy,1790930930.0,1790930931,12.1339,45.6324,91.44,False,46.07,66.3,-2.93,,281.94,4211,False,0
5877,750556,MAS723,Malaysia,1790931236.0,1790931236,102.6046,1.6392,7018.02,False,204.75,123.73,7.15,,7437.12,,False,0
5878,750553,MAS782,Malaysia,1790931237.0,1790931237,100.4471,12.0414,11033.76,False,236.2,1.37,-4.88,,11795.76,,False,0
5879,30095e,IELKO,Italy,1790931201.0,1790931205,11.5689,46.3776,2552.7,False,55.82,99.55,-0.33,,2781.3,,False,0
5880,750540,MAS171,Malaysia,1790931237.0,1790931237,88.2078,21.6012,11277.6,False,232.47,151.73,0.33,,12016.74,2504,False,0
5881,4075ff,BAW7YT,United Kingdom,1790931237.0,1790931237,-0.5387,51.1617,4023.36,False,187.06,152.66,12.03,,4251.96,5263,False,0
5882,4075fd,BAW473D,United Kingdom,1790931237.0,1790931237,1.8545,42.0329,7627.62,False,231.0,326.63,8.13,,8061.96,5545,False,0
5883,4075fe,SHT13C,United Kingdom,1790931236.0,1790931237,-2.3058,53.4086,8229.6,False,214.01,179.86,0.0,,8465.82,6207,False,0
5884,750551,MAS753,Malaysia,1790931237.0,1790931237,102.1722,4.2009,10027.92,False,234.95,207.8,-5.85,,11026.14,,False,0
5885,0101b6,MSR902,Egypt,1790931235.0,1790931235,49.7577,26.7621,10363.2,False,226.88,270.39,0.0,,10988.04,0523,False,0
5886,400e8f,WIT36,United Kingdom,1790931236.0,1790931237,-0.1059,52.6201,2087.88,False,51.22,326.47,-0.33,,2278.38,3720,False,0
5887,0101b8,MSR759,Egypt,1790931224.0,1790931224,31.3451,31.5804,8496.3,False,248.87,347.34,8.13,,8808.72,,False,0
5888,30093a,TJD265,Italy,1790931217.0,1790931221,17.0679,41.1004,9448.8,False,149.39,129.83,0.0,,9814.56,0425,False,0
5889,45b424,SRR901,Denmark,1790927877.0,1790930944,24.7427,46.662,10058.4,False,240.62,131.19,0.0,,9791.7,6014,False,0
5890,abf66c,AAL6,United States,1790931237.0,1790931237,-108.7794,34.3659,11887.2,False,258.06,92.86,0.0,,12504.42,3707,False,0
5891,acbffa,UPS904,United States,1790931237.0,1790931237,-93.8479,37.8921,10363.2,False,217.75,267.97,0.0,,10888.98,6625,False,0
5892,4d2511,ALE67,Malta,1790931236.0,1790931236,4.0599,43.5333,297.18,False,87.2,304.91,-4.55,,487.68,1000,False,0
5893,7c68aa,QLK1829,Australia,1790931210.0,1790931212,153.1226,-27.3861,,True,0.0,289.69,,,,3233,False,0
5894,a6d234,DAL652,United States,1790931235.0,1790931236,-104.727,43.7536,10066.02,False,268.8,113.82,0.0,,10515.6,,False,0
5895,4d2518,RYR11ME,Malta,1790931237.0,1790931237,6.1002,45.4803,10980.42,False,215.63,268.5,0.0,,11414.76,1000,False,0
5896,7504a1,AXM6494,Malaysia,1790931237.0,1790931237,115.9122,5.978,2476.5,False,145.2,27.65,14.63,,2667.0,,False,0
5897,008226,ZSSGD,South Africa,1790931234.0,1790931234,28.1191,-26.2458,1798.32,False,44.7,168.04,3.25,,1958.34,,False,0
5898,4caea0,RYR94AN,Ireland,1790931227.0,1790931227,-12.3175,34.6311,11277.6,False,232.84,205.94,0.0,,11849.1,,False,0
5899,7c68a8,QLK1954,Australia,1790931237.0,1790931237,152.7734,-29.2261,10713.72,False,252.78,68.76,-6.5,,11209.02,1530,False,0
5900,4d2522,TUX1760,Malta,1790931236.0,1790931236,13.7049,37.6032,5791.2,False,183.25,88.07,0.0,,6156.96,6155,False,0
5901,7504b5,AXM6271,Malaysia,1790931098.0,1790931098,116.0497,5.9243,,True,0.0,81.56,,,,,False,0
5902,4caead,EAI51C,Ireland,1790931237.0,1790931237,-4.2009,55.4692,4244.34,False,98.67,230.5,3.9,,4381.5,5145,False,0
5903,4d2527,WZZ301,Malta,1790931237.0,1790931237,18.4995,52.7222,11277.6,False,239.77,174.58,0.0,,11666.22,4554,False,0
5904,4d2528,WMT9KP,Malta,1790931235.0,1790931237,14.6498,40.8262,4488.18,False,144.27,304.54,-1.95,,4792.98,1362,False,0
5905,7504b1,AXM6497,Malaysia,1790931237.0,1790931237,116.8795,5.6708,5486.4,False,169.5,294.0,-0.33,,5882.64,,False,0
5906,4d2529,WMT2684,Malta,1790931237.0,1790931237,3.8247,41.012,10972.8,False,237.95,103.38,-0.33,,11490.96,1000,False,0
5907,4caeb9,AYN7152,Ireland,1790931237.0,1790931237,80.004,50.0426,4686.3,False,161.25,203.7,14.96,,4724.4,,False,0
5908,4caeb3,ITY759,Ireland,1790931236.0,1790931236,75.798,19.4693,10972.8,False,253.35,280.65,-0.33,,11658.6,0333,False,0
5909,4caeb0,NOS61YR,Ireland,1790931237.0,1790931237,24.0934,37.365,10972.8,False,231.14,303.65,0.0,,11163.3,7743,False,0
5910,a8cebc,FDX1528,United States,1790931237.0,1790931237,-88.86,35.7902,8839.2,False,266.71,46.33,0.0,,9387.84,5617,False,0
5911,400afe,EFW34BY,United Kingdom,1790931236.0,1790931236,5.9202,49.9448,10668.0,False,241.16,117.71,0.0,,11041.38,4736,False,0
5912,400afd,EFW5QQ,United Kingdom,1790931236.0,1790931236,14.617,44.1615,10668.0,False,243.44,149.8,0.33,,11094.72,3471,False,0
5913,3004fc,IJALU,Italy,1790931237.0,1790931237,8.7729,45.777,487.68,False,65.46,266.4,0.0,,670.56,2000,False,0
5914,4d2501,RYR2GG,Malta,1790931146.0,1790931146,-16.9433,28.3337,3345.18,False,147.69,188.41,-0.33,,3779.52,,False,0
5915,4d2502,RYR4X,Malta,1790931237.0,1790931237,31.1422,35.1508,8778.24,False,206.78,344.86,6.5,,8976.36,4267,False,0
5916,4d2503,RYR76EX,Malta,1790931237.0,1790931237,-8.2545,42.407,11582.4,False,237.6,21.06,0.0,,12024.36,5447,False,0
5917,4d2500,RYR91WW,Malta,1790931236.0,1790931236,0.8859,40.1075,11582.4,False,241.34,63.54,0.0,,12077.7,1000,False,0
5918,a44257,UAL2641,United States,1790931236.0,1790931236,-95.2664,41.0785,11277.6,False,257.79,82.66,0.0,,11727.18,,False,0
5919,4d2507,EWG6HE,Malta,1790931236.0,1790931237,6.1885,49.6939,9144.0,False,249.63,6.63,0.0,,9540.24,1000,False,0
5920,84b77f,APJ27,Japan,1790931236.0,1790931237,121.5709,25.4086,4396.74,False,166.42,264.5,-7.8,,4701.54,,False,0
5921,a4423b,UAL2075,United States,1790931236.0,1790931236,-94.7447,43.3144,10668.0,False,262.55,95.51,0.0,,11033.76,,False,0
5922,4caef1,KZR345,Ireland,1790931237.0,1790931237,79.1737,50.5773,11506.2,False,236.19,100.8,-10.08,,11559.54,,False,0
5923,c027da,CJT569,Canada,1790931233.0,1790931234,-100.5029,50.6815,10332.72,False,201.61,282.23,0.33,,10370.82,,False,0
5924,846748,IBX87,Japan,1790931237.0,1790931237,131.0247,33.354,5219.7,False,226.13,73.75,8.78,,5524.5,,False,0
5925,33fd6d,RIVA02,Italy,1790931227.0,1790931227,12.0931,43.7858,1264.92,False,28.41,324.58,-0.98,,,,False,0
5926,4caee6,RYR63XL,Ireland,1790931236.0,1790931236,-5.0761,53.6667,10972.8,False,197.87,273.28,0.0,,11132.82,5470,False,0
5927,a6952b,N523ME,United States,1790931235.0,1790931236,-80.392,41.308,906.78,False,44.9,274.6,0.33,,891.54,,False,0
5928,4caee8,RYR2BW,Ireland,1790931237.0,1790931237,-3.1313,48.2163,11277.6,False,213.39,200.31,0.0,,11628.12,2704,False,0
5929,a214a0,N233LA,United States,1790931234.0,1790931236,-118.2294,34.0547,121.92,False,4.37,225.0,-0.65,,76.2,,False,0
5930,76bd42,TGW38,Singapore,1790931237.0,1790931237,137.2613,-30.523,11269.98,False,293.75,132.94,-0.33,,11719.56,,False,0
5931,4caee5,RYR313,Ireland,1790931236.0,1790931236,-1.8118,56.0122,11277.6,False,255.31,55.09,0.33,,11399.52,6027,False,0
5932,76bd43,TGW282,Singapore,1790931236.0,1790931236,103.9867,1.3325,236.22,False,85.88,201.8,12.68,,220.98,,False,0
5933,76bd46,TGW867,Singapore,1790931236.0,1790931236,121.2356,25.0703,38.1,False,75.16,49.44,1.63,,68.58,,False,0
5934,76bd48,TGW14,Singapore,1790931237.0,1790931237,150.1145,-34.4506,5585.46,False,214.76,57.22,-7.15,,5859.78,4017,False,0
5935,76bd49,TGW188,Singapore,1790931237.0,1790931237,103.9528,1.2528,1059.18,False,100.32,202.62,5.85,,1120.14,2264,False,0
5936,a5d86c,N476LP,United States,1790931237.0,1790931237,-113.1405,32.9095,1943.1,False,31.72,81.61,0.0,,2026.92,,False,0
5937,4d2534,WMT29JS,Malta,1790931236.0,1790931236,29.8127,34.7629,10668.0,False,235.54,129.95,0.0,,10919.46,7421,False,0
5938,71ba12,ASV703,Republic of Korea,1790931237.0,1790931237,134.7182,36.2794,10058.4,False,287.34,78.33,0.0,,10561.32,,False,0
5939,4d2536,WZZ24HH,Malta,1790931237.0,1790931237,-1.507,41.9402,10363.2,False,235.45,54.16,0.0,,10828.02,1000,False,0
5940,71ba11,ABL144,Republic of Korea,1790931237.0,1790931237,128.943,35.1699,,True,2.57,264.38,,,,4335,False,0
5941,71ba10,ABL166,Republic of Korea,1790931236.0,1790931236,136.6408,36.5847,8237.22,False,260.02,79.51,0.0,,8610.6,,False,0
5942,3004aa,CPI023,Italy,1790931237.0,1790931237,12.8396,40.9986,6873.24,False,189.54,134.23,9.1,,7254.24,,False,0
5943,71ba17,JNA091,Republic of Korea,1790931236.0,1790931237,126.6353,35.0508,10363.2,False,217.98,193.51,0.0,,10919.46,7143,False,0
5944,a4b89f,N403JS,United States,1790931237.0,1790931237,-92.3296,31.163,13106.4,False,235.75,122.62,-0.33,,13845.54,3260,False,0
5945,4d2532,WZZ6786,Malta,1790931237.0,1790931237,5.9372,42.639,10980.42,False,233.97,40.27,0.33,,11475.72,1000,False,0
5946,71ba15,JNA224,Republic of Korea,1790931237.0,1790931237,138.9293,35.9048,9212.58,False,201.36,272.64,7.48,,9715.5,7030,False,0
5947,4d2533,WMT8292,Malta,1790931236.0,1790931236,2.377,48.7228,-68.58,False,74.27,74.33,0.65,,137.16,,False,0
5948,76bd4b,TGW610,Singapore,1790931237.0,1790931237,103.5422,3.1185,9311.64,False,254.22,335.87,4.55,,9974.58,2255,False,0
5949,3004c2,NOS5032,Italy,1790931237.0,1790931237,13.5046,43.5787,11887.2,False,239.14,133.0,0.0,,12306.3,0223,False,0
5950,4d251a,RYR1ZZ,Malta,1790931236.0,1790931236,-4.9468,49.1093,10668.0,False,226.34,165.52,0.0,,10965.18,2025,False,0
5951,34728c,LAN572,Spain,1790931237.0,1790931237,-74.3167,4.8225,3528.06,False,106.71,127.75,-0.98,,3749.04,,False,0
5952,4d251f,VJT536,Malta,1790931237.0,1790931237,-3.8363,35.1985,12496.8,False,212.26,217.12,0.0,,13037.82,0464,False,0
5953,71ba01,KAL1272,Republic of Korea,1790931237.0,1790931237,126.9966,36.2229,5669.28,False,197.15,1.94,-9.1,,5951.22,5121,False,0
5954,4caee0,SAS99A,Ireland,1790931237.0,1790931237,12.1798,58.8426,10668.0,False,212.16,175.27,0.0,,10988.04,,False,0
5955,50597d,OMM066,Slovakia,1790931236.0,1790931236,15.7964,50.3317,822.96,False,63.71,308.44,2.6,,982.98,,False,0
5956,71ba05,KAL093,Republic of Korea,1790931237.0,1790931237,-139.7312,60.1299,10668.0,False,276.12,92.99,-0.33,,10393.68,,False,0
5957,4caeca,RYR91DJ,Ireland,1790931237.0,1790931237,-5.6576,54.8689,10424.16,False,198.08,227.53,4.55,,10530.84,5256,False,0
5958,4caecc,RYR10BF,Ireland,1790931236.0,1790931236,-4.3747,52.032,10363.2,False,210.88,283.26,0.0,,10607.04,6017,False,0
5959,a62bdc,UAL400,United States,1790931236.0,1790931236,-111.4942,33.2216,10668.0,False,249.73,106.27,0.0,,11254.74,3346,False,0
5960,4d252a,WZZ4QA,Malta,1790931237.0,1790931237,34.1252,34.9381,10370.82,False,251.09,354.71,0.0,,10706.1,,False,0
5961,84b73b,APJ575,Japan,1790931236.0,1790931236,141.0325,41.4008,7475.22,False,231.81,20.53,-10.73,,7566.66,7337,False,0
5962,4d2540,JTH56,Malta,1790931237.0,1790931237,-0.5302,51.2875,731.52,False,95.67,354.14,-1.95,,937.26,4425,False,0
5963,347288,IBE0823,Spain,1790931236.0,1790931236,-2.375,42.4081,10363.2,False,248.01,24.12,-0.33,,10820.4,1000,False,0
5964,406105,GMXPI,United Kingdom,1790931236.0,1790931236,-0.9777,51.7678,426.72,False,58.36,303.13,0.33,,594.36,5023,False,0
5965,347287,IBE0713,Spain,1790931235.0,1790931235,-0.4865,51.4688,,True,2.83,87.19,,,,7456,False,0
5966,8479bc,JAL518,Japan,1790931237.0,1790931237,141.3188,40.5011,12192.0,False,215.55,180.0,0.0,,12557.76,,False,0
5967,4ab296,SCT263,Sweden,1790931237.0,1790931237,12.8252,57.7114,3817.62,False,158.09,62.27,8.13,,4038.6,1000,False,0
5968,aae958,AAL754,United States,1790931123.0,1790931123,2.5967,48.996,,True,5.4,47.81,,,,6331,False,0
5969,717cb3,KNE310,Saudi Arabia,1790930558.0,1790931237,43.8436,41.9433,11582.4,False,210.76,281.12,8.13,,8267.7,6741,False,0
5970,4caefb,ITY221,Ireland,1790931237.0,1790931237,3.0083,51.0384,9890.76,False,253.27,106.52,8.45,,10233.66,0501,False,0
5971,347257,VOE2BP,Spain,1790931237.0,1790931237,0.01,46.2601,10058.4,False,229.4,96.57,0.0,,10469.88,1000,False,0
5972,485b42,KLM741,Kingdom of the Netherlands,1790931237.0,1790931237,-3.4159,51.1763,9753.6,False,230.24,258.14,0.0,,10050.78,2131,False,0
5973,717ca1,SVA206,Saudi Arabia,1790931229.0,1790931229,19.3838,36.7934,10050.78,False,241.75,122.57,0.0,,10355.58,,False,0
5974,8466c7,NCA242,Japan,1790931237.0,1790931237,136.4582,33.1722,9448.8,False,272.86,83.5,0.0,,10035.54,,False,0
5975,485b45,KLM567,Kingdom of the Netherlands,1790931237.0,1790931237,8.4852,50.4095,10660.38,False,260.88,136.2,0.0,,11056.62,3134,False,0
5976,717ca4,SVA204,Saudi Arabia,1790931236.0,1790931237,18.0015,37.636,10675.62,False,242.26,129.57,0.33,,11003.28,,False,0
5977,347247,IBS16QN,Spain,1790931236.0,1790931237,1.9731,39.6808,6408.42,False,221.67,260.52,7.8,,6797.04,,False,0
5978,a6828c,RPC3529,United States,1790931237.0,1790931237,120.5129,15.0609,899.16,False,61.05,20.73,-1.95,,982.98,,False,0
5979,a37d8a,DAL2503,United States,1790931230.0,1790931230,-73.8602,40.7702,,True,0.0,264.38,,,,,False,0
5980,a24a82,FDX1428,United States,1790931237.0,1790931237,-81.1645,37.3708,10675.62,False,267.54,74.04,0.0,,11323.32,1521,False,0
5981,407463,BAW7RL,United Kingdom,1790931237.0,1790931237,-0.4374,50.8799,5181.6,False,196.02,153.84,0.65,,5425.44,0513,False,0
5982,407464,BAW399,United Kingdom,1790931237.0,1790931237,0.6567,50.934,5836.92,False,165.55,313.87,-8.78,,6103.62,2762,False,0
5983,407462,BAW68TR,United Kingdom,1790931237.0,1790931237,12.6384,46.9685,11292.84,False,232.6,128.26,0.0,,11742.42,0545,False,0
5984,aac337,AAL720,United States,1790931236.0,1790931236,10.3791,42.6923,7620.0,False,204.95,81.48,0.0,,8039.1,1000,False,0
5985,a8bbff,DAL8844,United States,1790931236.0,1790931237,-78.258,36.2369,2926.08,False,136.74,233.26,-6.83,,3070.86,,False,0
5986,7504c9,9MMIN,Malaysia,1790931236.0,1790931236,103.6689,1.6419,,True,16.46,160.31,,,,,False,0
5987,4b1a00,SAZ51,Switzerland,1790931232.0,1790931232,-12.238,30.6624,12489.18,False,224.61,216.71,0.33,,13098.78,,False,0
5988,33fca3,IAM3181,Italy,1790931236.0,1790931236,11.5627,43.7402,9349.74,False,233.52,356.34,-4.88,,9776.46,7051,False,0
5989,7504c1,9MITW,Malaysia,1790931236.0,1790931236,102.3339,2.2899,381.0,False,49.43,92.39,0.65,,381.0,,False,0
5990,7504c3,AXM365,Malaysia,1790931236.0,1790931237,103.9072,1.3085,10972.8,False,241.49,294.54,0.0,,11742.42,4137,False,0
5991,7504af,AXM378,Malaysia,1790931237.0,1790931237,105.1043,0.2555,11277.6,False,222.78,121.3,0.0,,12062.46,2401,False,0
5992,7504aa,AXM5112,Malaysia,1790931235.0,1790931235,104.4226,3.4588,10058.4,False,217.23,87.96,-0.33,,10767.06,,False,0
5993,348544,AEA19GT,Spain,1790930995.0,1790930995,2.3604,48.7314,,True,0.0,154.69,,,,1343,False,0
5994,407446,EDC414,United Kingdom,1790931236.0,1790931236,8.0171,47.4326,12496.8,False,230.29,123.8,-0.33,,12900.66,2735,False,0
5995,348541,AEA45BT,Spain,1790931234.0,1790931234,4.4852,50.9044,,True,0.0,64.69,,,,,False,0
5996,7504d0,AXM5432,Malaysia,1790931232.0,1790931232,102.4172,4.1483,10165.08,False,222.96,127.03,2.6,,10850.88,,False,0
5997,485b08,PHAWB,Kingdom of the Netherlands,1790931237.0,1790931237,6.073,52.3353,929.64,False,56.08,37.92,-0.65,,1112.52,7000,False,0
5998,40742e,UBT796,United Kingdom,1790931236.0,1790931236,5.8255,39.8332,11582.4,False,243.38,344.55,-0.33,,12138.66,,False,0
5999,a12a7c,UAL1646,United States,1790931236.0,1790931236,-96.1182,42.1416,10058.4,False,252.36,94.56,0.0,,10454.64,,False,0
6000,4caf27,RYR59CA,Ireland,1790931224.0,1790931228,-12.6427,30.3645,10378.44,False,238.35,206.4,-13.98,,10988.04,,False,0
6001,4caf28,RYR18XM,Ireland,1790931237.0,1790931237,14.3287,49.775,10972.8,False,228.01,232.79,0.0,,11399.52,1000,False,0
6002,4caf24,SAS745,Ireland,1790929067.0,1790931237,24.2829,55.0256,10370.82,False,199.54,310.71,29.91,,6400.8,4353,False,0
6003,8a0a1e,BTK6814,Indonesia,1790931215.0,1790931225,105.8957,-5.5543,5654.04,False,212.35,296.32,9.43,,6042.66,,False,0
6004,4caf0a,EAI41P,Ireland,1790930943.0,1790930943,-5.8309,54.6528,152.4,False,48.23,213.69,-2.93,,281.94,5161,False,0
6005,4caf0b,EAI31F,Ireland,1790931237.0,1790931237,-3.6938,55.692,2773.68,False,87.55,199.93,3.9,,2895.6,5402,False,0
6006,c05bd2,ACA156,Canada,1790931236.0,1790931236,-88.9212,48.1055,10668.0,False,268.44,113.37,-0.33,,10675.62,3332,False,0
6007,717cea,KNE251,Saudi Arabia,1790931215.0,1790931217,36.031,31.7356,807.72,False,69.86,260.68,-3.58,,891.54,,False,0
6008,c05bd5,ACA182,Canada,1790931236.0,1790931236,-119.4713,49.2457,8450.58,False,270.69,88.48,5.53,,8625.84,,False,0
6009,4caf34,RYR6QU,Ireland,1790931237.0,1790931237,6.623,49.2141,3291.84,False,198.7,352.56,-1.95,,3558.54,1000,False,0
6010,c05bcf,ACA154,Canada,1790931237.0,1790931237,-81.4629,45.1601,9441.18,False,242.05,136.98,0.0,,9723.12,2120,False,0
6011,4caf1f,ITY1731,Ireland,1790931237.0,1790931237,12.1771,41.7281,998.22,False,128.1,180.0,8.78,,1196.34,,False,0
6012,4b3f45,HBXYZ,Switzerland,1790931237.0,1790931237,8.1442,47.1779,746.76,False,46.86,70.77,0.65,,944.88,7000,False,0
6013,4072ea,VIR24M,United Kingdom,1790931235.0,1790931236,-97.5605,44.8789,11269.98,False,263.62,54.85,-0.33,,11582.4,,False,0
6014,a9a7c4,FDX1489,United States,1790931237.0,1790931237,-89.4673,34.4116,6911.34,False,234.49,129.84,10.08,,7277.1,1534,False,0
6015,780fc7,CSN6078,China,1790931107.0,1790931107,118.0276,24.0239,10713.72,False,236.01,59.19,0.0,,11460.48,,False,0
6016,3d5403,DFEBJ,Germany,1790931236.0,1790931236,3.8509,50.8718,7010.4,False,123.19,107.0,0.0,,7330.44,6373,False,0
6017,a09947,DAL2130,United States,1790931220.0,1790931220,-93.2103,44.8857,,True,0.0,210.94,,,,,False,0
6018,400b83,SHT17Q,United Kingdom,1790931167.0,1790931171,-0.4662,51.4666,-114.3,True,10.29,270.0,,,,6201,False,0
6019,4caf16,SAS81C,Ireland,1790931237.0,1790931237,18.3636,60.0855,2994.66,False,126.34,183.97,-9.1,,3200.4,1000,False,0
6020,4caf11,KZR216,Ireland,1790931236.0,1790931236,31.5491,37.0852,5798.82,False,177.39,55.16,9.75,,5966.46,0751,False,0
6021,4caf13,SAS58C,Ireland,1790931237.0,1790931237,16.6939,52.19,9128.76,False,229.77,339.01,5.2,,9532.62,,False,0
6022,4caf14,SAS145,Ireland,1790931074.0,1790931074,12.3064,57.692,167.64,False,68.57,205.8,-3.9,,320.04,1000,False,0
6023,4072dc,EXS48F,United Kingdom,1790931237.0,1790931237,-16.8486,30.3988,11277.6,False,238.23,195.15,0.0,,11902.44,,False,0
6024,4072e5,GOLEA,United Kingdom,1790931237.0,1790931237,-0.3743,51.6451,243.84,False,34.2,195.71,-0.33,,419.1,7000,False,0
6025,348610,ECORN,Spain,1790931237.0,1790931237,-5.4237,37.1781,1920.24,False,63.22,34.72,0.33,,2087.88,7262,False,0
6026,4d23ab,VJT725,Malta,1790930957.0,1790930957,116.9153,40.3747,12222.48,False,226.13,341.15,-0.33,,12504.42,,False,0
6027,aa97ff,N782AL,United States,1790931237.0,1790931237,-105.2049,39.3269,5455.92,False,145.47,48.87,-8.13,,5722.62,5174,False,0
6028,780fe8,CES2067,China,1790931227.0,1790931227,113.9023,22.3268,,True,5.92,101.25,,,,,False,0
6029,76bcc1,TGW157,Singapore,1790931222.0,1790931222,104.5707,3.6896,11049.0,False,251.47,172.83,-7.48,,11849.1,,False,0
6030,76bcc3,TGW872,Singapore,1790931162.0,1790931162,120.7463,24.7964,2438.4,False,142.6,66.39,-5.85,,2613.66,,False,0
6031,a4a4e8,ASA851,United States,1790931111.0,1790931111,151.1651,-33.9386,,True,1.03,81.56,,,,2662,False,0
6032,348609,AEA82KJ,Spain,1790931236.0,1790931237,-4.1542,40.5961,5273.04,False,164.65,254.23,12.03,,5585.46,2615,False,0
6033,76bcc9,TGW51,Singapore,1790931237.0,1790931237,24.2883,38.0816,2926.08,False,130.16,53.36,9.75,,3070.86,2030,False,0
6034,348603,ANE63YF,Spain,1790931237.0,1790931237,-3.4154,40.3541,1379.22,False,114.42,322.31,-2.93,,1569.72,1000,False,0
6035,a21656,UAL838,United States,1790931234.0,1790931234,143.7802,36.1608,10058.4,False,294.55,55.17,0.0,,10637.52,6104,False,0
6036,780fee,CES5215,China,1790931205.0,1790931205,113.2394,23.2474,807.72,False,94.95,14.11,-4.88,,868.68,,False,0
6037,780fec,CES6647,China,1790930958.0,1790930958,115.7208,39.2008,6385.56,False,204.32,213.29,8.45,,6355.08,,False,0
6038,4d23c3,CXI48HY,Malta,1790931237.0,1790931237,15.2803,47.1992,7886.7,False,224.32,333.14,-12.35,,8305.8,7741,False,0
6039,881058,NOK575,Thailand,1790931236.0,1790931236,99.7986,10.5813,9730.74,False,241.31,17.24,5.53,,,,False,0
6040,76bccd,TGW289,Singapore,1790931174.0,1790931174,103.993,1.3644,,True,0.06,143.44,,,,4101,False,0
6041,76bcce,TGW751,Singapore,1790931237.0,1790931237,94.6362,16.5516,12496.8,False,253.55,135.41,0.0,,12618.72,5711,False,0
6042,a5c4e2,ASA781,United States,1790931237.0,1790931237,-96.366,44.298,10058.4,False,257.37,106.37,0.0,,10378.44,,False,0
6043,4caf2b,RYR45YU,Ireland,1790931236.0,1790931236,0.027,51.884,2926.08,False,155.86,47.68,-9.1,,3147.06,7463,False,0
6044,4caf2a,RYR71LE,Ireland,1790931236.0,1790931236,28.67,37.1218,4488.18,False,158.75,86.47,-7.48,,4632.96,4711,False,0
6045,a86d2b,FDX1423,United States,1790931237.0,1790931237,-90.0586,34.9415,1874.52,False,138.93,268.73,17.23,,1950.72,1605,False,0
6046,a08663,,United States,1790931234.0,1790931234,-112.0015,33.4376,,True,0.0,267.19,,,,,False,0
6047,424b5c,MVLCC,United Kingdom,1790931237.0,1790931237,11.1513,60.3198,754.38,False,77.17,196.26,-3.9,,899.16,,False,0
6048,4d23a7,FJO53F,Malta,1790930888.0,1790931236,23.9633,37.9489,,True,0.0,247.5,,,,,False,0
6049,c02876,CTJ919,Canada,1790931237.0,1790931237,-99.4498,27.7774,10965.18,False,241.67,24.93,5.85,,11650.98,,False,0
6050,300633,IBGBG,Italy,1790931164.0,1790931166,9.7203,45.6704,175.26,False,34.68,290.85,-4.23,,373.38,,False,0
6051,3d6792,DFLLY,Germany,1790931236.0,1790931236,18.5819,50.2023,1447.8,False,53.62,188.83,6.83,,1684.02,,False,0
6052,4d23f9,RYR6NM,Malta,1790931215.0,1790931215,-0.6661,39.5595,807.72,False,87.66,116.11,-3.9,,998.22,1000,False,0
6053,4d23f8,RYR1NP,Malta,1790931236.0,1790931236,24.667,43.3571,8945.88,False,215.15,21.17,-4.88,,9250.68,1751,False,0
6054,4d23ea,CXI4C,Malta,1790931237.0,1790931237,23.264,35.9039,11277.6,False,227.57,152.39,0.0,,11468.1,2562,False,0
6055,8a0a9e,GIA176,Indonesia,1790931229.0,1790931229,106.5003,-5.8453,2887.98,False,152.13,295.01,15.28,,2887.98,,False,0
6056,514005,,Georgia,1790931230.0,1790931235,40.2867,41.5792,,True,0.0,0.0,,,,7772,False,0
6057,3e1dcb,DICMD,Germany,1790931236.0,1790931236,0.2713,46.2741,12496.8,False,191.67,194.93,0.33,,12893.04,7537,False,0
6058,4d23fa,RYR49AV,Malta,1790931236.0,1790931236,-3.3516,40.8503,4625.34,False,167.94,19.88,14.63,,4914.9,1000,False,0
6059,4d23fc,RYR583Z,Malta,1790931237.0,1790931237,8.5612,45.7182,6667.5,False,215.56,275.62,11.05,,7040.88,3745,False,0
6060,300619,ULC25,Italy,1790931230.0,1790931230,7.5232,47.5869,,True,0.0,312.19,,,,,False,0
6061,8a0a96,PKJVH,Indonesia,1790931231.0,1790931237,106.7624,-6.3357,,True,0.0,90.0,,,,,False,0
6062,4caf82,SAS62N,Ireland,1790931237.0,1790931237,11.112,60.1928,,True,6.94,16.88,,,,,False,0
6063,39c515,FHRIV,France,1790931236.0,1790931236,-1.7681,48.0392,312.42,False,37.73,191.0,1.63,,518.16,,False,0
6064,a06046,N123QS,United States,1790931236.0,1790931236,-6.2571,53.6334,13708.38,False,257.04,108.43,0.33,,13914.12,5176,False,0
6065,7c67de,USW,Australia,1790931237.0,1790931237,150.8684,-31.1271,609.6,False,57.64,49.34,-1.95,,754.38,,False,0
6066,a34978,JBU1302,United States,1790931237.0,1790931237,-97.628,37.0999,10668.0,False,261.92,71.57,0.0,,11201.4,,False,0
6067,c01505,ACA573,Canada,1790931225.0,1790931230,-123.173,49.1977,,True,0.06,267.19,,,,3734,False,0
6068,4caf7e,SAS44A,Ireland,1790931237.0,1790931237,15.5786,41.5196,11277.6,False,249.92,199.48,0.0,,11689.08,,False,0
6069,39b239,FHMRZ,France,1790931236.0,1790931236,-0.1088,48.8576,2110.74,False,48.38,8.56,-3.25,,2331.72,7040,False,0
6070,e47ed1,GLO1553,Brazil,1790931236.0,1790931236,-44.7068,-20.4076,10355.58,False,193.54,216.35,0.0,,10965.18,,False,0
6071,300608,ISOLG,Italy,1790931233.0,1790931234,8.3811,45.3137,213.36,False,37.91,172.2,-1.95,,434.34,7000,False,0
6072,8a0a4a,PAS323,Indonesia,1790931163.0,1790931163,106.6323,-6.147,114.3,False,72.32,68.73,-3.9,,129.54,,False,0
6073,a1804c,AAL2003,United States,1790931237.0,1790931237,-117.4675,45.8598,10043.16,False,255.69,124.01,0.0,,10401.3,3576,False,0
6074,45d96f,VKG572,Denmark,1790931237.0,1790931237,25.053,41.2468,12496.8,False,239.38,139.53,0.0,,12717.78,1170,False,0
6075,a32367,DAL1297,United States,1790931114.0,1790931120,-71.0201,42.3714,,True,0.19,210.94,,,,,False,0
6076,a4ffb7,DAL59,United States,1790931236.0,1790931236,-0.4655,51.4752,,True,5.66,90.0,,,,6465,False,0
6077,4b3eb9,HBXTP,Switzerland,1790931237.0,1790931237,8.5463,46.9892,678.18,False,68.64,77.01,0.33,,868.68,7000,False,0
6078,4072a4,TOM48L,United Kingdom,1790931237.0,1790931237,6.7156,49.9077,12496.8,False,235.04,121.39,0.0,,12847.32,3446,False,0
6079,3485d2,ANE88FY,Spain,1790931236.0,1790931236,0.1178,43.2426,10675.62,False,207.1,223.09,0.33,,11117.58,1000,False,0
6080,3ff576,DMCHU,Germany,1790931237.0,1790931237,15.2133,47.2196,1493.52,False,41.67,327.09,,,1722.12,7000,False,0
6081,ac046e,SWA3180,United States,1790931237.0,1790931237,-106.5764,40.7479,10668.0,False,255.44,81.43,0.33,,11216.64,3761,False,0
6082,4d2402,WZZ1071,Malta,1790931236.0,1790931236,19.5588,49.2394,10066.02,False,221.85,171.06,0.0,,10469.88,1000,False,0
6083,4d2405,EWG42F,Malta,1790931237.0,1790931237,10.8495,46.6204,9060.18,False,235.32,14.43,-4.88,,9502.14,1000,False,0
6084,45c86d,FLI450,Denmark,1790931236.0,1790931236,10.1658,56.4921,10637.52,False,205.17,134.8,-4.88,,10934.7,2510,False,0
6085,3485c1,ECORY,Spain,1790931236.0,1790931236,2.0653,41.5298,960.12,False,88.25,29.7,0.0,,1150.62,,False,0
6086,45c86b,FLI7126,Denmark,1790931236.0,1790931237,-11.3635,39.2609,11277.6,False,217.64,214.89,-0.33,,11772.9,3524,False,0
6087,86d215,SNJ129,Japan,1790931236.0,1790931237,135.0364,34.5587,2659.38,False,140.66,273.14,19.18,,2788.92,,False,0
6088,00810a,ZSFFX,South Africa,1790931236.0,1790931236,28.7652,-26.1106,2286.0,False,65.75,217.05,3.58,,2476.5,,False,0
6089,406279,CFE322,United Kingdom,1790931237.0,1790931237,-4.4237,55.875,,True,6.69,45.0,,,,,False,0
6090,a79046,DAL2139,United States,1790931237.0,1790931237,-77.9058,41.8788,10668.0,False,267.46,108.85,-0.33,,11224.26,4176,False,0
6091,33fe7d,IAM1412,Italy,1790931236.0,1790931236,12.6587,41.1308,5859.78,False,219.05,133.67,13.0,,6202.68,,False,0
6092,a12b2b,UAL2210,United States,1790931236.0,1790931237,-94.0632,42.0721,10668.0,False,259.98,87.85,0.0,,11056.62,,False,0
6093,4d2434,WZZ4343,Malta,1790931236.0,1790931236,17.2121,44.8466,10668.0,False,248.59,133.07,0.0,,11071.86,6433,False,0
6094,4cadbd,RYR9322,Ireland,1790931236.0,1790931236,-0.6461,46.814,11582.4,False,237.84,349.78,0.0,,11986.26,5543,False,0
6095,4cadbe,RYR31HC,Ireland,1790931237.0,1790931237,6.1948,49.5192,2087.88,False,121.12,118.96,11.7,,2308.86,1000,False,0
6096,a0d5d6,FDX1759,United States,1790931237.0,1790931237,-86.3921,39.225,6164.58,False,203.77,155.7,13.98,,6454.14,,False,0
6097,aae9a3,DAL8795,United States,1790931237.0,1790931237,-87.6329,34.4736,11277.6,False,246.4,100.47,0.0,,11986.26,0710,False,0
6098,4cadba,RYR22SM,Ireland,1790931237.0,1790931237,-3.8959,43.6034,4274.82,False,143.31,291.04,4.88,,4518.66,,False,0
6099,4cadbb,RYR14YV,Ireland,1790931174.0,1790931174,14.494,35.8491,,True,0.26,0.0,,,,7316,False,0
6100,4cadbc,RYR8VH,Ireland,1790931236.0,1790931236,-0.1678,39.9448,9448.8,False,228.87,190.1,0.0,,9921.24,1000,False,0
6101,a085ed,ABX3112,United States,1790931236.0,1790931236,-120.81,46.1438,11285.22,False,260.89,120.71,0.0,,11650.98,6642,False,0
6102,4d241c,WZZ32UD,Malta,1790931236.0,1790931236,17.6047,48.7535,10668.0,False,233.52,243.43,0.33,,11079.48,1000,False,0
6103,4d241f,WMT68LU,Malta,1790931237.0,1790931237,0.4325,50.222,10668.0,False,229.45,142.74,0.0,,11003.28,7536,False,0
6104,4d241a,WMT8CX,Malta,1790931237.0,1790931237,23.4949,37.7073,10363.2,False,224.67,3.28,0.0,,10553.7,6473,False,0
6105,a55024,UPS1218,United States,1790931237.0,1790931237,-80.2666,39.9193,9700.26,False,273.25,112.7,-13.98,,10233.66,6263,False,0
6106,4d2430,WMT1NN,Malta,1790931237.0,1790931237,10.7342,46.583,10728.96,False,219.72,305.66,-5.85,,11193.78,1000,False,0
6107,4cadc1,RYR7AL,Ireland,1790931236.0,1790931237,11.9447,41.5272,3261.36,False,169.06,217.71,5.2,,3520.44,,False,0
6108,4cadc2,RYR9249,Ireland,1790931233.0,1790931233,1.3758,43.6286,,True,1.29,47.81,,,,,False,0
6109,4cadc3,RYR42UP,Ireland,1790931237.0,1790931237,12.2118,46.7791,10058.4,False,230.78,244.23,0.0,,10507.98,1000,False,0
6110,4d2448,WZZ134,Malta,1790931237.0,1790931237,19.203,47.8734,2842.26,False,150.05,205.16,-3.58,,3108.96,1000,False,0
6111,4d2449,RYR11RR,Malta,1790931237.0,1790931237,8.2095,50.4269,6332.22,False,217.68,332.41,-10.4,,6690.36,3126,False,0
6112,4cade2,RYR86GG,Ireland,1790931237.0,1790931237,6.1205,51.5982,11277.6,False,245.53,109.46,0.0,,11605.26,4737,False,0
6113,a6833b,DAL448,United States,1790931236.0,1790931236,-98.8874,40.9716,10066.02,False,260.01,121.49,0.0,,10538.46,,False,0
6114,4cadca,ITY6KC,Ireland,1790931236.0,1790931236,9.4025,42.9443,8854.44,False,248.81,105.96,-2.6,,9304.02,5210,False,0
6115,4d242d,WZZ8EU,Malta,1790931236.0,1790931236,8.4526,44.0593,10972.8,False,230.58,47.98,-0.33,,11452.86,1000,False,0
6116,adbaca,JBU616,United States,1790931003.0,1790931116,-109.6591,40.1893,10050.78,False,249.32,77.97,0.0,,10568.94,3217,False,0
6117,4d242a,WMT1YM,Malta,1790931237.0,1790931237,9.537,41.1886,10980.42,False,234.96,73.99,0.33,,11490.96,1000,False,0
6118,4cadd9,SAS31B,Ireland,1790931237.0,1790931237,-0.0432,56.6226,11590.02,False,209.31,236.43,0.0,,11734.8,1404,False,0
6119,4d2413,EWG7SU,Malta,1790931236.0,1790931236,1.2483,42.1064,11590.02,False,242.59,20.74,-0.33,,12070.08,1000,False,0
6120,4d2414,EWG49C,Malta,1790931237.0,1790931237,0.2379,46.4023,11574.78,False,241.59,25.75,0.0,,12001.5,1000,False,0
6121,4d2415,EWG9Y,Malta,1790931236.0,1790931236,20.6807,41.4915,11574.78,False,208.37,327.6,0.0,,11879.58,6626,False,0
6122,4d2410,EWG3F,Malta,1790931237.0,1790931237,16.76,58.4072,8808.72,False,238.28,45.61,-15.93,,9166.86,1000,False,0
6123,4d2411,EWG1JA,Malta,1790931237.0,1790931237,15.2346,58.793,10942.32,False,239.11,40.2,-13.66,,11330.94,1000,False,0
6124,4d2412,EWG57V,Malta,1790931236.0,1790931236,11.1232,45.8313,9928.86,False,211.46,218.88,5.2,,10378.44,1000,False,0
6125,4d2417,EWG6D,Malta,1790931236.0,1790931237,9.9203,52.448,655.32,False,89.12,272.98,-5.53,,876.3,3123,False,0
6126,4d2418,EWG8QR,Malta,1790931237.0,1790931237,6.3463,49.5049,9753.6,False,211.68,6.28,0.0,,10157.46,5366,False,0
6127,346091,VLG8477,Spain,1790931236.0,1790931236,-1.8893,41.9373,9144.0,False,212.51,91.11,-0.33,,9585.96,1000,False,0
6128,346090,VLG3957,Spain,1790931237.0,1790931237,12.2032,41.7933,449.58,False,96.65,264.5,8.45,,617.22,,False,0
6129,4cada7,ITY719,Ireland,1790931226.0,1790931227,23.9488,37.9366,,True,0.0,309.38,,,,1201,False,0
6130,84b860,ANA750,Japan,1790931235.0,1790931236,140.3153,36.5782,4640.58,False,198.36,183.12,-4.88,,4853.94,,False,0
6131,4cada4,RYR11CP,Ireland,1790931237.0,1790931237,13.5122,50.5143,10972.8,False,226.14,187.32,-0.33,,11399.52,1000,False,0
6132,a8397c,UPS61,United States,1790931237.0,1790931237,114.0871,22.2566,2026.92,False,143.02,180.62,14.63,,2133.6,,False,0
6133,48ac82,LOT327,Poland,1790931187.0,1790931187,11.3035,44.5301,-60.96,False,70.4,296.94,-4.55,,129.54,1000,False,0
6134,7c56d0,VHRFM,Australia,1790931237.0,1790931237,23.765,38.0825,289.56,False,44.12,31.65,-1.95,,426.72,,False,0
6135,4d2424,WMT1JM,Malta,1790931235.0,1790931236,18.4788,44.2064,11148.06,False,245.48,153.49,-5.2,,11513.82,5163,False,0
6136,48ac80,LOT4LV,Poland,1790931237.0,1790931237,6.6877,51.3147,1135.38,False,101.64,4.35,9.1,,1356.36,1000,False,0
6137,4d2425,WMT431,Malta,1790931235.0,1790931237,3.0062,37.1146,10965.18,False,239.64,52.59,0.33,,11529.06,7745,False,0
6138,4d2426,WMT3104,Malta,1790931237.0,1790931237,20.2333,46.1867,10675.62,False,220.97,103.87,0.0,,11064.24,1000,False,0
6139,4d2427,WZZ442,Malta,1790931237.0,1790931237,12.5415,49.585,10660.38,False,233.21,103.39,0.0,,11079.48,1000,False,0
6140,4cadc0,RYR8MK,Ireland,1790931237.0,1790931237,18.8666,58.8193,10972.8,False,221.61,250.47,0.33,,11323.32,2203,False,0
6141,7c56b7,VOZ394,Australia,1790931237.0,1790931237,152.823,-27.288,1737.36,False,124.17,164.87,-4.55,,1935.48,,False,0
6142,4d2421,WZZ17ZC,Malta,1790931236.0,1790931236,-8.6777,41.2454,,True,6.94,168.75,,,,1000,False,0
6143,4d2422,WMT8DU,Malta,1790931237.0,1790931237,17.5834,49.0108,11277.6,False,234.62,109.47,0.0,,11689.08,3445,False,0
6144,346088,VLG577C,Spain,1790931210.0,1790931210,2.3836,48.7314,,True,30.35,19.69,,,,1000,False,0
6145,4d2423,WMT3XC,Malta,1790931233.0,1790931233,17.7032,42.8973,10629.9,False,235.12,127.62,-4.55,,11041.38,3445,False,0
6146,4cadac,ITY120,Ireland,1790931090.0,1790931090,4.7644,52.3027,,True,7.46,56.25,,,,1000,False,0
6147,4d240c,EWG70A,Malta,1790931237.0,1790931237,12.8779,47.8648,1569.72,False,118.43,299.68,14.63,,1790.7,1000,False,0
6148,4d240d,EWG7QZ,Malta,1790931237.0,1790931237,15.788,52.6165,11582.4,False,219.64,195.21,0.0,,11963.4,4544,False,0
6149,4cadb9,RYR5MW,Ireland,1790931237.0,1790931237,-5.5904,47.0042,11582.4,False,245.82,23.56,0.0,,11940.54,6242,False,0
6150,4cadb7,RYR86EP,Ireland,1790931237.0,1790931237,31.3824,35.2917,7193.28,False,225.15,120.78,-7.48,,7391.4,4715,False,0
6151,4d2479,WMT893,Malta,1790930386.0,1790931236,22.5846,47.9207,11871.96,False,202.82,106.5,0.0,,12245.34,1000,False,0
6152,4d2477,EWG3NP,Malta,1790931237.0,1790931237,7.3525,51.3478,2385.06,False,139.49,284.09,-9.75,,2628.9,1000,False,0
6153,aa86cc,AAL900,United States,1790931237.0,1790931237,-80.6694,25.772,1874.52,False,111.64,89.47,-5.85,,1973.58,7401,False,0
6154,3c7a49,CFG063,Germany,1790931236.0,1790931237,-6.4855,55.5182,12496.8,False,252.68,112.13,0.0,,12618.72,2270,False,0
6155,4cadfd,RYR3982,Ireland,1790931237.0,1790931237,-3.2639,45.4468,10690.86,False,245.12,24.95,-4.88,,11117.58,6407,False,0
6156,4cadfe,RYR4759,Ireland,1790931237.0,1790931237,15.8197,42.8637,10972.8,False,210.26,13.15,0.0,,11384.28,1000,False,0
6157,4cadff,RYR98DD,Ireland,1790931237.0,1790931237,14.8335,49.8792,11277.6,False,234.71,20.26,0.0,,11696.7,1000,False,0
6158,40753c,EXS1825,United Kingdom,1790931237.0,1790931237,-12.6776,38.0826,11887.2,False,211.96,212.11,0.0,,12390.12,7714,False,0
6159,40753d,TOM8LW,United Kingdom,1790931217.0,1790931229,18.422,42.6047,11887.2,False,248.84,146.21,0.0,,12214.86,4732,False,0
6160,a12b78,UAL1702,United States,1790931237.0,1790931237,-85.0078,30.5711,10058.4,False,238.41,127.64,-0.33,,10660.38,6340,False,0
6161,4cadfb,ITY678,Ireland,1790931237.0,1790931237,8.8723,40.6507,8945.88,False,232.15,251.52,1.63,,9410.7,,False,0
6162,4d245c,WZZ64YA,Malta,1790931236.0,1790931237,12.9932,51.5369,11894.82,False,227.44,102.28,0.33,,12291.06,4730,False,0
6163,34738c,NIVAL06,Spain,1790931236.0,1790931236,-6.3385,36.6382,53.34,False,33.41,9.75,-1.95,,160.02,7314,False,0
6164,ac1720,SWA3424,United States,1790931237.0,1790931237,-90.2786,29.214,11277.6,False,235.07,104.19,0.0,,12001.5,,False,0
6165,40753f,EXS38KN,United Kingdom,1790931237.0,1790931237,0.0232,41.5567,11277.6,False,207.83,186.97,0.0,,11750.04,2217,False,0
6166,4bd152,CAI8AP,Turkey,1790931237.0,1790931237,26.5013,43.2637,10972.8,False,241.35,312.84,0.0,,11193.78,5315,False,0
6167,4d245f,WZZ2709,Malta,1790931236.0,1790931236,14.8191,52.2633,10058.4,False,228.98,128.98,0.0,,10462.26,4501,False,0
6168,38ee5c,FJFYM,France,1790931159.0,1790931159,2.6224,48.2439,815.34,False,63.17,192.23,0.33,,1021.08,,False,0
6169,008187,SFR294,South Africa,1790931236.0,1790931236,27.56,-26.7292,7772.4,False,208.35,229.51,6.83,,8199.12,,False,0
6170,4d246f,WMT837,Malta,1790931237.0,1790931237,17.2772,49.5673,11269.98,False,232.33,120.03,0.0,,11696.7,3440,False,0
6171,34604c,ANE48NC,Spain,1790931236.0,1790931237,-3.2117,43.9263,9044.94,False,228.6,199.45,-2.28,,9433.56,,False,0
6172,44a826,JAF8WT,Belgium,1790931236.0,1790931236,1.1229,47.0945,10972.8,False,228.34,12.09,0.0,,11361.42,1000,False,0
6173,4cadf0,RYR81BV,Ireland,1790931236.0,1790931236,4.5364,46.8327,11277.6,False,237.6,127.79,0.0,,11704.32,0555,False,0
6174,407534,BAW825,United Kingdom,1790931235.0,1790931236,-0.4729,51.4666,,True,9.77,270.0,,,,1440,False,0
6175,4cadf2,RYR62EG,Ireland,1790931047.0,1790931047,-4.607,36.7327,472.44,False,83.75,117.04,-4.55,,632.46,1144,False,0
6176,4d2453,WZZ3DK,Malta,1790931065.0,1790931065,18.0518,42.6567,6629.4,False,190.62,123.78,-9.1,,7010.4,5555,False,0
6177,407537,SHT4A,United Kingdom,1790931237.0,1790931237,-5.3801,54.5919,2308.86,False,139.62,323.09,-17.56,,2438.4,1425,False,0
6178,407535,BAW731,United Kingdom,1790931236.0,1790931236,2.3274,49.9179,10355.58,False,224.88,310.17,0.0,,10706.1,3011,False,0
6179,4d2455,WZZ6730,Malta,1790931237.0,1790931237,10.6043,52.5366,10363.2,False,219.29,257.4,0.33,,10721.34,3123,False,0
6180,347386,IBE0303,Spain,1790931236.0,1790931236,-99.0644,19.4423,,True,16.98,59.06,,,,,False,0
6181,407536,BAW721,United Kingdom,1790931237.0,1790931237,2.1318,51.6105,9486.9,False,185.29,293.22,-10.08,,9791.7,3110,False,0
6182,4caddb,SAS404,Ireland,1790931237.0,1790931237,18.2142,59.6145,2255.52,False,131.07,4.5,-5.2,,2461.26,2515,False,0
6183,a575e7,GLG8395,United States,1790931236.0,1790931236,-78.0397,0.6655,7078.98,False,218.23,48.15,7.15,,7551.42,,False,0
6184,4d243b,VJT423,Malta,1790931237.0,1790931237,7.6262,44.0137,11277.6,False,221.51,259.97,-0.33,,11742.42,1000,False,0
6185,4d2450,NVD8524,Malta,1790931237.0,1790931237,26.6962,44.4632,11590.02,False,231.39,321.5,0.0,,11841.48,2361,False,0
6186,401ed5,GBICW,United Kingdom,1790931157.0,1790931161,-0.8219,51.3294,45.72,False,31.09,253.66,-2.93,,251.46,,False,0
6187,4cade3,RYR51SF,Ireland,1790931236.0,1790931236,4.3329,50.4261,1127.76,False,110.92,244.74,15.28,,1333.5,,False,0
6188,4cade4,RYR9LB,Ireland,1790931237.0,1790931237,-8.3932,43.0123,1866.9,False,129.66,98.9,15.28,,2042.16,,False,0
6189,401ed9,GBIDH,United Kingdom,1790931237.0,1790931237,-0.3419,53.8963,22.86,False,34.82,77.2,0.65,,160.02,,False,0
6190,3c7a4d,CFG097,Germany,1790931237.0,1790931237,-2.1053,53.3407,11887.2,False,255.25,99.75,0.0,,12085.32,2224,False,0
6191,4cade5,RYR99FP,Ireland,1790931153.0,1790931227,13.5059,52.3683,,True,4.37,250.31,,,,,False,0
6192,3c7a4e,CFG081,Germany,1790931236.0,1790931236,-5.7366,53.6571,11887.2,False,256.39,96.68,0.0,,12039.6,2233,False,0
6193,a12b4c,UAL2693,United States,1790931237.0,1790931237,-97.3414,45.2242,10668.0,False,269.05,105.07,0.0,,10942.32,,False,0
6194,346043,VOE2453,Spain,1790931219.0,1790931219,10.8076,38.6163,11582.4,False,218.88,307.84,0.0,,12070.08,6577,False,0
6195,4d245a,WMT1DZ,Malta,1790931198.0,1790931235,21.2308,47.4982,9974.58,False,208.67,113.85,0.33,,10454.64,1000,False,0
6196,4cadec,ITY202,Ireland,1790931236.0,1790931236,-0.1068,51.4655,1097.28,False,78.71,270.37,-4.55,,1303.02,5774,False,0
6197,4cadef,RYR56VX,Ireland,1790931200.0,1790931201,-8.8101,53.9134,,True,0.0,258.75,,,,,False,0
6198,4d244b,RYR42LL,Malta,1790931236.0,1790931236,-6.5868,42.8888,11277.6,False,230.48,203.13,0.0,,11719.56,7704,False,0
6199,4cadf9,RYR4BM,Ireland,1790931237.0,1790931237,15.2203,51.1588,10972.8,False,229.71,288.68,0.33,,11384.28,6157,False,0
6200,4cadf4,RYR3417,Ireland,1790931237.0,1790931237,-0.305,51.0446,11887.2,False,232.37,153.15,0.0,,12169.14,5261,False,0
6201,4cadf5,RYR4DJ,Ireland,1790931237.0,1790931237,4.115,41.4968,11582.4,False,241.52,60.1,0.0,,12085.32,1000,False,0
6202,4cadf6,RYR81WZ,Ireland,1790931235.0,1790931237,11.3728,47.369,11582.4,False,227.9,359.61,0.0,,12016.74,7362,False,0
6203,86d237,SNJ17,Japan,1790931234.0,1790931236,133.0641,34.371,10363.2,False,195.28,248.84,0.0,,10949.94,2455,False,0
6204,40624e,BAW328,United Kingdom,1790931237.0,1790931237,2.3172,48.1249,10058.4,False,236.42,160.42,0.0,,10469.88,5262,False,0
6205,40757f,EZY21UT,United Kingdom,1790931237.0,1790931237,24.402,39.4931,10668.0,False,238.69,136.22,0.0,,10858.5,7311,False,0
6206,348684,ANE004,Spain,1790931236.0,1790931236,0.0173,39.3953,7010.4,False,135.24,249.98,0.33,,7399.02,3214,False,0
6207,4bd18a,CAI9JM,Turkey,1790931236.0,1790931236,9.6005,54.9668,6918.96,False,200.59,161.61,9.1,,7162.8,4503,False,0
6208,40756d,EZY3321,United Kingdom,1790931237.0,1790931237,-3.5954,45.3744,10668.0,False,224.23,212.16,0.0,,11079.48,,False,0
6209,869582,ANA112,Japan,1790931236.0,1790931236,-131.2029,56.1017,10668.0,False,260.72,110.08,0.0,,10599.42,7441,False,0
6210,008139,LNK375C,South Africa,1790931237.0,1790931237,19.6557,-33.7397,6362.7,False,219.59,86.37,10.08,,6629.4,,False,0
6211,347348,AEA015,Spain,1790931237.0,1790931237,-79.4471,24.1103,12192.0,False,238.06,222.9,0.0,,12961.62,4051,False,0
6212,40756c,EZY83RK,United Kingdom,1790931236.0,1790931237,8.3609,47.1964,10980.42,False,215.48,299.93,-0.33,,11414.76,2752,False,0
6213,407575,EZY527C,United Kingdom,1790931228.0,1790931233,-1.7095,55.0362,,True,0.0,275.62,,,,,False,0
6214,86d259,SNJ97,Japan,1790931237.0,1790931237,137.722,35.3628,11605.26,False,186.16,258.04,5.85,,12252.96,2141,False,0
6215,4d248d,WMT7911,Malta,1790931237.0,1790931237,25.3928,45.9845,8016.24,False,235.28,309.68,-12.68,,8382.0,1141,False,0
6216,407574,EZY84BY,United Kingdom,1790931237.0,1790931237,-8.4255,41.1279,2598.42,False,127.22,198.87,-7.48,,2834.64,2076,False,0
6217,40622b,EZY787Q,United Kingdom,1790931236.0,1790931236,-3.9725,55.7463,1844.04,False,146.37,331.9,-6.18,,1988.82,1257,False,0
6218,4d247e,EWG4AM,Malta,1790931237.0,1790931237,6.215,48.5399,10584.18,False,231.19,357.58,-6.5,,11010.9,1000,False,0
6219,40622f,EZY97NE,United Kingdom,1790931236.0,1790931236,7.2807,43.5816,1958.34,False,127.93,244.26,18.53,,2186.94,,False,0
6220,4d2493,WZZ6MG,Malta,1790931236.0,1790931236,8.9953,50.2917,10668.0,False,237.95,119.39,0.33,,11071.86,4640,False,0
6221,4d2491,WZZ654,Malta,1790931237.0,1790931237,23.2743,42.7049,937.26,False,74.85,94.73,-4.23,,1143.0,6422,False,0
6222,4d2492,WMT8CK,Malta,1790931236.0,1790931236,9.7222,44.2071,10363.2,False,224.85,75.42,0.0,,10828.02,1000,False,0
6223,7c448e,GX202,Australia,1790931236.0,1790931236,121.4601,-30.781,,True,1.03,250.31,,,,,False,0
6224,407567,EZY75VL,United Kingdom,1790931236.0,1790931236,-8.8522,39.688,11277.6,False,217.52,209.78,0.0,,11772.9,2167,False,0
6225,407568,EZY26QC,United Kingdom,1790931236.0,1790931236,14.5339,47.0766,11277.6,False,234.76,131.27,0.0,,11719.56,4716,False,0
6226,400be5,EFW5BP,United Kingdom,1790931236.0,1790931237,-5.1964,45.4659,10668.0,False,225.43,196.57,0.0,,11079.48,5671,False,0
6227,a79088,GJS4576,United States,1790931237.0,1790931237,-88.1938,40.9639,7315.2,False,214.66,201.95,-1.63,,7627.62,,False,0
6228,7c4487,PE316,Australia,1790931236.0,1790931236,149.3844,-35.0129,3223.26,False,92.03,25.85,5.53,,3398.52,,False,0
6229,33fdd0,IAM4188,Italy,1790931234.0,1790931237,10.1585,42.214,5486.4,False,118.43,323.48,0.0,,5783.58,,False,0
6230,40621c,BAW29C,United Kingdom,1790931237.0,1790931237,-1.8634,51.3735,5143.5,False,175.58,99.1,-7.48,,5394.96,7741,False,0
6231,a50e3f,AAL2663,United States,1790931236.0,1790931236,-105.4608,42.7537,10058.4,False,270.61,84.98,0.0,,10523.22,,False,0
6232,4a0c21,YRCAA,Romania,1790931223.0,1790931223,21.9911,47.1569,762.0,False,84.6,14.8,0.33,,975.36,4265,False,0
6233,a2ae6c,FDX1412,United States,1790931237.0,1790931237,-86.108,36.9073,10675.62,False,264.81,63.34,0.0,,11323.32,1533,False,0
6234,ad2445,JBU948,United States,1790931237.0,1790931237,-96.8311,39.7073,10668.0,False,254.07,76.89,0.0,,11148.06,1030,False,0
6235,4bd184,TWI458,Turkey,1790931237.0,1790931237,15.3907,45.941,10058.4,False,223.4,116.39,0.0,,10447.02,3005,False,0
6236,4cae05,AIZ337,Ireland,1790931235.0,1790931236,20.4216,42.7639,11582.4,False,222.58,310.5,0.0,,11887.2,5520,False,0
6237,a682ef,ASA336,United States,1790931236.0,1790931237,-75.0033,41.0416,7010.4,False,228.42,114.2,0.0,,7353.3,3557,False,0
6238,4cae00,RYR5538,Ireland,1790931033.0,1790931033,-3.3374,51.398,,True,1.8,264.38,,,,7461,False,0
6239,4cae17,ITY806,Ireland,1790931236.0,1790931237,14.7604,40.2409,9761.22,False,249.4,116.2,4.23,,10195.56,,False,0
6240,a86e6c,UAL322,United States,1790931236.0,1790931236,2.456,48.5035,9753.6,False,223.11,283.33,0.0,,10119.36,5752,False,0
6241,4cae11,ITY1773,Ireland,1790930973.0,1790930973,13.0999,38.8403,3832.86,False,190.76,171.78,-12.03,,4259.58,1000,False,0
6242,4060db,BTNIA12,United Kingdom,1790931236.0,1790931236,-2.2807,50.9278,510.54,False,51.59,196.81,-0.65,,723.9,,False,0
6243,4060dd,BTNIA20,United Kingdom,1790931237.0,1790931237,-2.8497,51.1394,2004.06,False,43.77,60.42,-1.63,,2202.18,7410,False,0
6244,43bc6b,SYERTN5,United Kingdom,1790931228.0,1790931228,-0.9243,52.9992,685.8,False,26.96,131.91,-1.3,,883.92,,False,0
6245,a57719,GTI8005,United States,1790931068.0,1790931068,-86.2901,39.7304,259.08,False,81.49,225.51,-3.9,,251.46,1643,False,0
6246,4060d4,BTNIA18,United Kingdom,1790931235.0,1790931235,-2.7922,50.783,167.64,False,56.02,262.61,-1.3,,350.52,,False,0
6247,a12ac5,UAL1730,United States,1790931237.0,1790931237,-102.8262,31.3764,10058.4,False,260.46,98.29,0.33,,10607.04,7423,False,0
6248,44b9e5,OONOE,Belgium,1790931209.0,1790931209,1.5713,50.5787,114.3,False,38.39,197.95,-0.33,,327.66,2000,False,0
6249,a20433,UAL698,United States,1790931237.0,1790931237,-77.8307,41.4932,11887.2,False,273.64,100.51,0.0,,12496.8,3244,False,0
6250,424c51,MINKE,United Kingdom,1790930930.0,1790930930,101.6659,2.8322,403.86,False,69.34,146.19,-3.25,,411.48,,False,0
6251,4cae57,RYR70FL,Ireland,1790931237.0,1790931237,10.9166,51.0059,10363.2,False,244.33,66.94,-0.33,,10751.82,1000,False,0
6252,4cae58,RYR8C,Ireland,1790931237.0,1790931237,6.2037,51.6011,45.72,False,75.17,272.35,-4.23,,266.7,4040,False,0
6253,4d22b1,RYR99AK,Malta,1790931236.0,1790931237,6.6335,50.3013,10363.2,False,223.7,199.06,0.0,,10759.44,1131,False,0
6254,4cae52,RYR7011,Ireland,1790931237.0,1790931237,16.7627,49.0699,10668.0,False,219.42,50.9,0.0,,11087.1,1000,False,0
6255,4cae53,RYR47HE,Ireland,1790931236.0,1790931237,-2.939,42.3917,10363.2,False,249.51,354.79,-0.33,,10805.16,4561,False,0
6256,4cae55,RYR3JU,Ireland,1790931236.0,1790931236,4.1287,51.2458,6035.04,False,208.71,47.9,-9.1,,6339.84,1000,False,0
6257,4cae51,RYR25ZN,Ireland,1790931237.0,1790931237,14.7571,37.1317,9464.04,False,206.93,10.89,6.18,,9867.9,6564,False,0
6258,3e0a3f,BPO316,Germany,1790931040.0,1790931040,7.1543,50.7682,,True,0.26,14.06,,,,0023,False,0
6259,38564a,FBVSK,France,1790931234.0,1790931234,-2.9607,47.5488,929.64,False,49.56,138.37,-0.33,,1120.14,,False,0
6260,4cae29,EIN15M,Ireland,1790931237.0,1790931237,-5.7852,53.1029,2164.08,False,149.36,342.56,-5.53,,2316.48,1423,False,0
6261,300781,DLA2LL,Italy,1790931237.0,1790931237,8.1154,49.7975,4511.04,False,185.76,268.73,4.88,,4800.6,1000,False,0
6262,4cae1f,ITY108,Ireland,1790931081.0,1790931081,4.7412,52.3042,,True,7.46,135.0,,,,1000,False,0
6263,4cae1d,ITY058,Ireland,1790931169.0,1790931176,-3.5703,40.4727,,True,0.0,261.56,,,,1000,False,0
6264,84b807,APJ32,Japan,1790931224.0,1790931224,122.9342,26.1343,10668.0,False,243.14,61.16,0.0,,11414.76,,False,0
6265,a70736,DAL681,United States,1790931233.0,1790931233,-101.871,36.9041,10668.0,False,231.08,98.71,0.0,,11216.64,3316,False,0
6266,a6e720,DAL1114,United States,1790931237.0,1790931237,-75.1607,39.8877,289.56,False,59.39,255.96,-2.93,,274.32,6674,False,0
6267,4cae85,SDR48DW,Ireland,1790931236.0,1790931237,20.8726,40.5594,10972.8,False,209.61,325.8,0.0,,11247.12,6322,False,0
6268,4cae83,TFL2TY,Ireland,1790931237.0,1790931237,30.2571,37.155,5692.14,False,174.41,109.29,-8.13,,5852.16,4463,False,0
6269,4cae80,ITY602,Ireland,1790931236.0,1790931236,6.2136,44.2324,10972.8,False,225.43,310.74,0.0,,11445.24,4051,False,0
6270,4d22ca,RYR519Q,Malta,1790931237.0,1790931237,4.036,40.0401,7010.4,False,207.95,233.75,0.0,,7452.36,1000,False,0
6271,4cae6c,RYR67RW,Ireland,1790931237.0,1790931237,13.9911,36.0558,5295.9,False,218.91,137.95,-13.0,,5638.8,1252,False,0
6272,39b321,FHMZB,France,1790931237.0,1790931237,0.895,47.3401,129.54,False,33.07,15.33,-1.3,,335.28,,False,0
6273,4cae8d,RYR98RQ,Ireland,1790931236.0,1790931237,13.6189,50.9081,11277.6,False,223.38,178.15,0.0,,11696.7,6044,False,0
6274,39b329,FHMZJ,France,1790931220.0,1790931220,4.4133,43.7633,,True,6.17,357.19,,,,5432,False,0
6275,761487,ABQ430,Pakistan,1790931082.0,1790931236,71.307,29.4813,10972.8,False,209.38,234.9,0.0,,11551.92,,False,0
6276,4cae96,RYR3SA,Ireland,1790931236.0,1790931237,7.9769,50.6945,9509.76,False,235.98,144.4,4.88,,9890.76,2530,False,0
6277,4cae97,RYR22XB,Ireland,1790931237.0,1790931237,-3.4954,49.8344,11277.6,False,219.86,192.02,0.0,,11574.78,1143,False,0
6278,39b324,FHMZE,France,1790931234.0,1790931234,4.4149,43.7587,,True,0.06,264.38,,,,5430,False,0
6279,4cae92,RYR3QH,Ireland,1790931236.0,1790931236,1.2142,50.2646,10157.46,False,221.4,317.64,-7.8,,10500.36,5702,False,0
6280,7c42d1,NWK1614,Australia,1790931237.0,1790931237,115.4157,-30.8524,7932.42,False,221.9,341.9,8.45,,8100.06,4357,False,0
6281,4cae95,RYR619N,Ireland,1790931237.0,1790931237,14.5671,50.0343,2011.68,False,144.81,28.66,-8.45,,2263.14,1000,False,0
6282,4cae90,RYR668T,Ireland,1790931237.0,1790931237,-8.9395,39.5655,7490.46,False,218.53,199.67,-11.7,,7924.8,1174,False,0
6283,4d22af,RYR1J,Malta,1790931237.0,1790931237,18.2219,44.775,10965.18,False,212.51,320.99,0.0,,11338.56,5535,False,0
6284,4cae5a,RYR1LP,Ireland,1790931237.0,1790931237,-4.1922,48.4532,11277.6,False,226.66,154.6,0.0,,11612.88,2064,False,0
6285,400c25,GSYLL,United Kingdom,1790931237.0,1790931237,-3.1121,52.2006,1851.66,False,109.17,46.53,0.0,,2034.54,0010,False,0
6286,4d22ac,BBG702,Malta,1790930968.0,1790930968,23.9412,37.9266,,True,6.17,298.12,,,,4144,False,0
6287,4cae67,RYR3AD,Ireland,1790931236.0,1790931236,-0.3008,39.3802,1813.56,False,122.41,159.58,12.68,,2011.68,3223,False,0
6288,4cae68,RYR5JX,Ireland,1790931237.0,1790931237,-0.2399,39.1563,6926.58,False,212.31,342.22,9.43,,7322.82,1057,False,0
6289,4d22c2,RYR5361,Malta,1790931237.0,1790931237,7.0414,50.0091,6705.6,False,183.92,278.04,-0.33,,7063.74,3125,False,0
6290,300738,DLH152,Italy,1790931004.0,1790931004,12.2203,51.419,,True,0.64,16.88,,,,1000,False,0
6291,4cae63,RYR4BY,Ireland,1790931237.0,1790931237,0.4196,51.9987,853.44,False,89.41,261.73,-6.18,,1059.18,1373,False,0
6292,a3cdfa,UPS920,United States,1790931237.0,1790931237,-112.0063,33.428,,True,4.12,185.62,,,,6666,False,0
6293,4cae64,RYR4UL,Ireland,1790930971.0,1790930971,12.652,55.6233,,True,9.26,0.0,,,,7351,False,0
6294,4cae66,RYR9TM,Ireland,1790931236.0,1790931236,-2.5187,42.7575,11582.4,False,249.82,40.91,0.33,,12039.6,4533,False,0
6295,4cae60,RYR95GB,Ireland,1790931237.0,1790931237,-8.5865,51.9812,7178.04,False,212.21,138.93,8.78,,7376.16,5404,False,0
6296,4d22b2,RYR707,Malta,1790931236.0,1790931237,29.168,42.1567,10965.18,False,227.38,307.0,0.33,,11163.3,5401,False,0
6297,4d22b5,RYR59KB,Malta,1790931236.0,1790931236,16.4844,48.1388,251.46,False,72.02,115.83,-3.25,,457.2,4633,False,0
6298,4cae4b,RYR9424,Ireland,1790931237.0,1790931237,-1.3235,51.7008,11277.6,False,235.0,142.83,0.0,,11536.68,5267,False,0
6299,4cae4c,RYR96EU,Ireland,1790931236.0,1790931237,9.836,45.5248,2164.08,False,124.93,121.53,-5.85,,2407.92,1000,False,0
6300,c02966,WJA580,Canada,1790931236.0,1790931236,-67.7069,46.6831,10668.0,False,266.47,115.38,0.0,,11087.1,2162,False,0
6301,4d22bf,RYR7495,Malta,1790931236.0,1790931236,-3.5415,37.3043,6446.52,False,211.19,214.58,-5.2,,6858.0,4056,False,0
6302,4cae6a,RYR93SK,Ireland,1790931237.0,1790931237,-2.0395,52.6682,1493.52,False,122.05,127.98,-2.28,,1684.02,6216,False,0
6303,4cae6b,RYR11BV,Ireland,1790931237.0,1790931237,11.2392,47.462,10896.6,False,239.76,0.86,5.53,,11323.32,7363,False,0
6304,a55130,N44132,United States,1790931237.0,1790931237,-82.013,27.9396,1493.52,False,49.41,178.21,0.0,,1569.72,0733,False,0
6305,4d22bb,RYR7GC,Malta,1790931219.0,1790931219,15.5423,45.4165,1935.48,False,132.47,40.43,-6.83,,2209.8,1000,False,0
6306,4d22bd,RYR26PZ,Malta,1790931237.0,1790931237,10.2941,44.317,10972.8,False,234.44,59.83,0.0,,11452.86,1000,False,0
6307,a12aeb,UAL1665,United States,1790931234.0,1790931236,-99.5467,43.5267,10058.4,False,264.24,85.42,0.0,,10424.16,,False,0
6308,4cae75,SAS2023,Ireland,1790931237.0,1790931237,18.2954,59.8407,1539.24,False,112.08,254.56,-5.2,,1729.74,0431,False,0
6309,4d22c3,RYR77TA,Malta,1790931237.0,1790931237,15.2967,46.6659,8961.12,False,209.37,210.41,2.93,,9372.6,2422,False,0
6310,4d22c4,RYR18RV,Malta,1790931237.0,1790931237,15.13,47.0112,8496.3,False,232.01,162.45,-10.08,,8945.88,1163,False,0
6311,401f41,GODAC,United Kingdom,1790931237.0,1790931237,-1.8088,52.9249,518.16,False,41.83,121.93,-1.63,,655.32,7000,False,0
6312,4d22ba,RYR8EM,Malta,1790931236.0,1790931237,16.1216,48.2912,10363.2,False,239.02,182.96,0.0,,10782.3,1000,False,0
6313,846866,ANA682,Japan,1790931237.0,1790931237,136.8799,34.5726,10675.62,False,262.04,106.66,0.0,,11323.32,3422,False,0
6314,33fe12,IEI2858,Italy,1790931236.0,1790931237,12.5364,41.5404,1805.94,False,98.26,251.38,5.85,,2019.3,,False,0
6315,c04a7d,NCG01,Canada,1790931237.0,1790931237,4.7351,53.3801,335.28,False,89.97,75.09,-0.33,,548.64,,False,0
6316,ad6b16,AVA148,United States,1790931236.0,1790931236,-77.8679,35.8946,11277.6,False,237.26,5.6,0.0,,11978.64,2316,False,0
6317,3472cc,IBE0659,Spain,1790931236.0,1790931236,-2.2491,41.166,9753.6,False,210.94,81.02,-0.33,,10210.8,1000,False,0
6318,300727,IJESD,Italy,1790931237.0,1790931237,11.7339,44.7976,731.52,False,38.18,104.04,2.6,,914.4,,False,0
6319,a086b4,,United States,1790931208.0,1790931208,-111.979,40.7867,1226.82,False,0.0,0.0,0.0,,1280.16,,False,0
6320,3c4667,ATV500,Germany,1790931236.0,1790931236,11.9503,51.2718,3962.4,False,120.57,199.44,9.75,,4229.1,4144,False,0
6321,4cae9d,RYR99QQ,Ireland,1790931237.0,1790931237,2.6458,55.8848,11582.4,False,217.45,253.37,0.0,,11765.28,2225,False,0
6322,4cae9e,RYR385,Ireland,1790931237.0,1790931237,-10.0286,38.3477,7018.02,False,217.93,226.05,9.1,,7414.26,4413,False,0
6323,3472c9,IBS1695,Spain,1790931220.0,1790931235,-3.5901,40.4961,,True,0.0,270.0,,,,1000,False,0
6324,a32488,N301RH,United States,1790931236.0,1790931236,7.5378,51.7149,2743.2,False,85.84,334.82,0.0,,2964.18,2575,False,0
6325,4cae8f,RYR6PC,Ireland,1790931192.0,1790931214,16.5736,48.1176,,True,1.29,345.94,,,,,False,0
6326,a01f13,DAL1586,United States,1790931231.0,1790931231,-104.6707,39.8544,,True,0.0,180.0,,,,,False,0
6327,4d22ff,RYR61FP,Malta,1790931234.0,1790931234,-6.2512,53.4296,,True,0.0,275.62,,,,,False,0
6328,39b32b,FHMZL,France,1790931237.0,1790931237,0.5501,47.916,2133.6,False,52.54,182.81,0.0,,2354.58,1760,False,0
6329,39b32f,FHMZP,France,1790931235.0,1790931236,4.4214,43.6856,320.04,False,39.1,0.0,-0.65,,502.92,5435,False,0
6330,39b32c,FHMZM,France,1790931235.0,1790931237,4.4187,43.7232,129.54,False,27.34,355.68,-0.65,,304.8,5431,False,0
6331,aac8a4,UAL22,United States,1790931237.0,1790931237,-8.9527,53.2439,10393.68,False,214.15,260.88,2.28,,10523.22,3621,False,0
6332,39b032,FHMBS,France,1790931236.0,1790931236,1.2995,44.6773,2247.9,False,143.04,188.48,-9.75,,2484.12,1000,False,0
6333,8a0ad6,GIA118,Indonesia,1790931185.0,1790931189,100.199,2.3705,9860.28,False,237.47,332.38,-9.43,,10546.08,,False,0
6334,471838,JSF661,Hungary,1790931236.0,1790931237,1.3538,45.644,11879.58,False,217.82,168.56,0.0,,12275.82,7711,False,0
6335,8a0ad5,GIA228,Indonesia,1790931236.0,1790931236,107.8426,-6.4023,8229.6,False,211.52,112.45,0.33,,8808.72,,False,0
6336,a0fd55,FDX1425,United States,1790931237.0,1790931237,-90.7572,34.1154,8382.0,False,241.71,217.65,7.8,,8892.54,1515,False,0
6337,86d310,ANA92,Japan,1790931236.0,1790931236,138.9575,34.1893,7147.56,False,244.71,55.71,-4.88,,7581.9,2237,False,0
6338,407267,EXS3KC,United Kingdom,1790931235.0,1790931236,-8.2598,33.3516,10911.84,False,224.8,186.7,-10.08,,11490.96,2031,False,0
6339,471841,JSD398,Hungary,1790931237.0,1790931237,7.1374,51.6828,2598.42,False,126.97,233.73,-5.85,,2819.4,1332,False,0
6340,a4cd23,JBU1621,United States,1790931237.0,1790931237,-9.0041,52.2891,9753.6,False,208.34,275.67,0.0,,9936.48,1422,False,0
6341,a11d47,DAL310,United States,1790931237.0,1790931237,-84.3887,42.6952,4800.6,False,213.88,121.63,-6.5,,4899.66,,False,0
6342,3d0f01,DEDXX,Germany,1790931236.0,1790931237,12.4495,48.2099,2255.52,False,57.31,73.84,2.28,,2506.98,4363,False,0
6343,adf068,AAL2059,United States,1790931237.0,1790931237,-95.5498,42.3627,10660.38,False,251.36,74.57,0.0,,11056.62,2642,False,0
6344,abe8b6,SWA384,United States,1790931236.0,1790931237,-118.7497,33.9174,3108.96,False,163.08,269.64,18.86,,3230.88,7356,False,0
6345,a22a07,ATN3387,United States,1790931237.0,1790931237,-115.7835,33.6851,9707.88,False,235.61,69.15,4.88,,10233.66,,False,0
6346,a7824e,DAL407,United States,1790931237.0,1790931237,-92.9104,42.832,10058.4,False,274.37,76.22,0.0,,10393.68,,False,0
6347,800b14,IGO5931,India,1790931131.0,1790931134,75.1302,30.0351,8298.18,False,230.07,1.79,-5.2,,8785.86,,False,0
6348,7c7a38,VOZ863,Australia,1790931236.0,1790931236,151.1139,-33.9734,2141.22,False,132.35,59.65,-2.28,,2308.86,4343,False,0
6349,7c7a39,VOZ1424,Australia,1790931236.0,1790931236,150.5375,-30.3456,11277.6,False,217.02,161.91,0.0,,11750.04,,False,0
6350,4d230d,VJT750,Malta,1790931233.0,1790931237,-1.3381,52.8253,,True,0.13,329.06,,,,,False,0
6351,4cacb5,SAS581,Ireland,1790931236.0,1790931236,0.4277,45.7175,11285.22,False,206.2,207.97,-0.33,,11704.32,3514,False,0
6352,34838b,VOE8NT,Spain,1790931237.0,1790931237,-2.4009,42.706,9555.48,False,215.43,151.78,6.5,,9989.82,1000,False,0
6353,71bc17,AIH987,Republic of Korea,1790931237.0,1790931237,126.5191,37.0295,7368.54,False,247.66,162.84,14.31,,7658.1,7156,False,0
6354,34838a,ORO2151,Spain,1790931237.0,1790931237,2.3975,39.5768,5783.58,False,198.84,197.31,-0.33,,6141.72,,False,0
6355,4cacb4,SAS89T,Ireland,1790931236.0,1790931236,8.4661,47.459,1257.3,False,85.77,235.26,11.7,,1463.04,3036,False,0
6356,7c44b8,UTY805,Australia,1790931237.0,1790931237,115.9926,-31.8455,434.34,False,65.13,193.71,-2.6,,487.68,4363,False,0
6357,4d2303,RYR30RG,Malta,1790931236.0,1790931236,14.6779,49.4736,10972.8,False,232.6,352.25,0.0,,11407.14,1757,False,0
6358,4d2301,RYR64GA,Malta,1790931237.0,1790931237,-1.0595,43.6325,10668.0,False,218.16,207.83,0.0,,11125.2,7146,False,0
6359,4d2302,RYR93WR,Malta,1790931236.0,1790931236,-4.2671,40.6189,11277.6,False,236.9,184.61,0.0,,11742.42,7507,False,0
6360,348383,IBB55EN,Spain,1790931237.0,1790931237,-7.3721,34.6013,11582.4,False,227.2,34.95,0.33,,12115.8,6235,False,0
6361,868316,ANA260,Japan,1790931237.0,1790931237,139.8701,35.4174,784.86,False,93.8,330.06,-5.85,,830.58,3322,False,0
6362,3c56ef,EWG26VS,Germany,1790931237.0,1790931237,8.9326,40.8268,11590.02,False,219.99,349.9,0.0,,12092.94,6146,False,0
6363,3c56ed,EWG2YR,Germany,1790931109.0,1790931122,7.2149,43.6648,-106.68,False,0.0,0.0,0.0,,111.86,,False,0
6364,850e14,JAL25,Japan,1790931233.0,1790931234,134.1532,35.8758,9144.0,False,196.0,270.0,0.0,,9585.96,7074,False,0
6365,4d2357,ETD9YP,Malta,1790931236.0,1790931236,54.5798,24.5915,1897.38,False,124.71,307.63,-5.53,,2042.16,3516,False,0
6366,4d234a,RYR6QF,Malta,1790931237.0,1790931237,16.2195,36.8612,9700.26,False,223.7,52.29,9.43,,10066.02,6563,False,0
6367,4d234b,RYR63PD,Malta,1790931237.0,1790931237,6.2958,50.2731,10668.0,False,247.73,112.46,0.0,,11041.38,7307,False,0
6368,4cacdf,RYR4KR,Ireland,1790931236.0,1790931236,1.3746,48.7303,11582.4,False,245.93,16.65,0.0,,11940.54,1000,False,0
6369,3c56f7,EWG14A,Germany,1790931237.0,1790931237,6.2943,43.8787,10972.8,False,224.42,21.09,-0.33,,11460.48,5350,False,0
6370,3c56f5,EWG9NU,Germany,1790931236.0,1790931237,6.1599,48.6792,9144.0,False,243.88,359.03,0.0,,9547.86,4072,False,0
6371,4d2350,RYR27RR,Malta,1790931236.0,1790931236,-2.3961,40.7044,11277.6,False,217.0,200.54,0.0,,11750.04,2244,False,0
6372,4d2352,CXI16QB,Malta,1790931232.0,1790931232,18.5902,42.5313,11277.6,False,245.13,144.31,0.0,,11597.64,6427,False,0
6373,3c56ec,EWG55FK,Germany,1790931237.0,1790931237,-1.7733,42.6277,11285.22,False,210.51,206.25,0.0,,11757.66,5165,False,0
6374,3c56ea,EWG31CD,Germany,1790931237.0,1790931237,-2.4326,42.0768,11590.02,False,236.48,55.1,0.0,,12047.22,5450,False,0
6375,4d2369,RYR39DH,Malta,1790931236.0,1790931236,4.5921,49.4458,11277.6,False,211.88,232.1,0.0,,11658.6,1000,False,0
6376,3985bd,FJLUJ,France,1790931230.0,1790931230,0.9121,47.5816,1219.2,False,52.02,177.17,0.0,,1417.32,4411,False,0
6377,4d2368,RYR2MV,Malta,1790931236.0,1790931236,-3.445,48.5709,10668.0,False,224.04,177.24,0.0,,11018.52,5406,False,0
6378,abb007,DAL279,United States,1790931237.0,1790931237,1.7831,45.9471,10363.2,False,225.32,262.26,0.0,,10805.16,4046,False,0
6379,4d234c,RYR8DA,Malta,1790931236.0,1790931237,12.3557,39.3471,11887.2,False,244.87,154.89,0.0,,12359.64,0430,False,0
6380,4d234d,RYR98LA,Malta,1790931237.0,1790931237,-2.8936,48.7955,11277.6,False,224.23,166.6,0.0,,11612.88,0540,False,0
6381,4d234e,RYR9428,Malta,1790931236.0,1790931237,6.093,48.0721,11064.24,False,244.03,108.05,-2.28,,11483.34,5214,False,0
6382,800b30,AXB173,India,1790931236.0,1790931236,71.9586,23.9335,10363.2,False,219.03,243.8,0.0,,11026.14,,False,0
6383,4cacbd,SAS29Z,Ireland,1790931236.0,1790931236,15.1797,57.3784,10972.8,False,234.59,36.62,0.0,,11323.32,3751,False,0
6384,3985a3,AFR53FK,France,1790931237.0,1790931237,3.2309,46.7692,10675.62,False,222.97,159.89,0.0,,11094.72,1000,False,0
6385,3985a4,AFR36KN,France,1790931237.0,1790931237,-3.517,40.3151,10058.4,False,229.92,210.52,0.33,,10515.6,7630,False,0
6386,3985a1,AFR14SR,France,1790931236.0,1790931236,10.3559,43.0582,10363.2,False,227.28,322.82,0.0,,10850.88,1000,False,0
6387,00aeff,LNK121Q,South Africa,1790930984.0,1790930985,28.2596,-26.1276,1607.82,False,78.65,195.95,-4.55,,1767.84,,False,0
6388,3985a9,AFR56QH,France,1790931236.0,1790931236,0.8735,47.79,8221.98,False,222.32,22.59,-12.03,,8625.84,1000,False,0
6389,4cace0,RYR6977,Ireland,1790931236.0,1790931236,12.0074,46.4398,11582.4,False,227.69,321.42,0.0,,12024.36,3703,False,0
6390,4d2347,RYR7TR,Malta,1790931236.0,1790931236,2.7664,48.2146,11277.6,False,234.84,137.4,0.0,,11666.22,2253,False,0
6391,4d2348,,Malta,1790931055.0,1790931055,7.1247,50.8761,,True,6.43,16.88,,,,,False,0
6392,4d2349,RYR79PF,Malta,1790931237.0,1790931237,5.4907,40.1318,11582.4,False,239.46,75.19,0.0,,12092.94,,False,0
6393,4d232c,CXI5RU,Malta,1790931228.0,1790931232,18.3561,42.9408,10972.8,False,214.76,324.06,0.0,,11308.08,7731,False,0
6394,4d2342,FJO62L,Malta,1790931237.0,1790931237,5.7274,51.4655,13106.4,False,245.8,64.99,-0.33,,13418.82,1000,False,0
6395,800b99,AXB477,India,1790931237.0,1790931237,53.7154,24.5739,9753.6,False,230.16,285.56,0.0,,10340.34,3541,False,0
6396,4d238a,FJO65K,Malta,1790931237.0,1790931237,1.6849,47.2945,12496.8,False,221.06,208.95,-0.33,,12870.18,7153,False,0
6397,4d2397,MNS526,Malta,1790931236.0,1790931236,8.7206,45.092,3345.18,False,158.8,312.11,-9.75,,3642.36,4114,False,0
6398,a11cc1,ABX3187,United States,1790931236.0,1790931237,-95.284,44.5054,11285.22,False,267.29,108.75,0.65,,11597.64,,False,0
6399,a12ff9,FDX1468,United States,1790931237.0,1790931237,-92.6465,35.5561,10980.42,False,225.24,284.96,-0.33,,11620.5,5613,False,0
6400,4d239a,CXI9V,Malta,1790931236.0,1790931237,15.4771,46.269,10972.8,False,219.98,321.36,0.0,,11384.28,5516,False,0
6401,4d239c,CXI6B,Malta,1790931236.0,1790931236,23.3763,40.3527,10965.18,False,219.68,318.13,-0.33,,11186.16,2045,False,0
6402,a12fda,DAL93,United States,1790931237.0,1790931237,2.0986,55.8059,9761.22,False,222.93,265.5,-0.33,,9921.24,6215,False,0
6403,ad1697,SWA4120,United States,1790931237.0,1790931237,-86.7771,40.062,11887.2,False,277.8,90.11,0.0,,12473.94,3516,False,0
6404,a5a4c1,AAL1802,United States,1790931237.0,1790931237,-90.8145,29.2495,10668.0,False,239.63,108.79,0.0,,11361.42,4624,False,0
6405,4d236a,RYR22LN,Malta,1790931192.0,1790931218,15.1832,43.898,11277.6,False,246.21,126.85,0.0,,11711.94,0526,False,0
6406,4d236b,RYR429R,Malta,1790931237.0,1790931237,15.8127,57.0947,11582.4,False,228.32,266.51,0.0,,11940.54,1403,False,0
6407,a58a36,UPS1446,United States,1790931137.0,1790931138,-81.8674,41.3993,274.32,False,64.29,50.19,-2.93,,236.22,1304,False,0
6408,a3ad89,TPA4069,United States,1790931237.0,1790931237,-84.0861,23.0395,11582.4,False,229.9,225.18,0.33,,12352.02,3614,False,0
6409,4bd056,TCTBV,Turkey,1790931016.0,1790931016,27.4327,37.2849,1615.44,False,60.86,287.21,-2.93,,1706.88,,False,0
6410,a5ed58,N481LP,United States,1790931237.0,1790931237,-112.9759,33.1005,1691.64,False,33.83,118.12,0.33,,1760.22,,False,0
6411,ad0375,AVA240,United States,1790931236.0,1790931236,-75.6312,-15.8313,10980.42,False,242.54,355.5,0.0,,11689.08,,False,0
6412,348306,IBB9TN,Spain,1790931236.0,1790931237,-4.1508,39.853,4777.74,False,178.6,128.69,-10.08,,5082.54,6241,False,0
6413,348305,IBB66ZR,Spain,1790931237.0,1790931237,-9.5914,35.2969,9144.0,False,242.34,37.84,0.0,,9646.92,,False,0
6414,86837c,ANA70,Japan,1790931234.0,1790931237,140.4816,37.2106,9022.08,False,212.27,193.03,-13.0,,9418.32,,False,0
6415,3c56f0,EWG7DL,Germany,1790931236.0,1790931236,4.1633,40.7617,8770.62,False,229.66,21.28,6.5,,9243.06,,False,0
6416,3c56f4,EWG73C,Germany,1790931234.0,1790931234,19.7088,42.4564,10980.42,False,211.72,315.39,0.0,,11308.08,,False,0
6417,3c56f1,EWG6PL,Germany,1790931236.0,1790931236,12.5222,47.4529,11582.4,False,222.65,306.92,0.0,,12024.36,3551,False,0
6418,4d2383,RYR99RH,Malta,1790931236.0,1790931236,-0.884,51.1796,10668.0,False,232.89,152.08,0.0,,10957.56,2041,False,0
6419,4d2384,RYR5AP,Malta,1790931237.0,1790931237,23.6788,37.0595,9288.78,False,240.81,114.48,-13.33,,9517.38,0554,False,0
6420,4d2386,RYR88BE,Malta,1790931237.0,1790931237,6.2095,49.8317,10668.0,False,246.18,120.1,0.0,,11056.62,0502,False,0
6421,44c9f3,OOROS,Belgium,1790931236.0,1790931236,3.2292,50.8457,464.82,False,43.57,22.93,0.0,,678.18,,False,0
6422,8681a8,SKY021,Japan,1790931237.0,1790931237,133.666,34.7625,11582.4,False,188.91,256.46,0.0,,12207.24,1733,False,0
6423,8694d8,ANA107,Japan,1790931225.0,1790931230,-125.8359,37.8372,9448.8,False,242.17,282.26,0.0,,9936.48,3361,False,0
6424,a5b923,UPS1314,United States,1790931236.0,1790931236,-85.5398,37.9,3535.68,False,176.94,154.33,8.13,,3672.84,,False,0
6425,84b7fa,ANA285,Japan,1790931236.0,1790931236,138.2787,35.021,8534.4,False,207.26,253.86,0.0,,9029.7,4771,False,0
6426,04c239,5YZBH,Kenya,1790931178.0,1790931235,36.0755,-1.3437,3200.4,False,92.84,265.87,0.33,,3390.9,,False,0
6427,4083eb,BHL48D,United Kingdom,1790931236.0,1790931236,-0.3486,57.0178,548.64,False,64.47,281.04,-0.33,,685.8,,False,0
6428,a1734e,N19299,United States,1790931090.0,1790931090,-117.4325,47.948,762.0,False,29.82,15.0,-2.93,,762.0,,False,0
6429,04c21a,JMA8621,Kenya,1790930951.0,1790930951,36.9214,-1.324,1524.0,False,62.26,54.08,-1.3,,1607.82,,False,0
6430,4d228f,RYR3ZQ,Malta,1790931237.0,1790931237,18.8446,46.3811,11277.6,False,225.49,101.18,0.33,,11650.98,1000,False,0
6431,850d8c,JAL545,Japan,1790931235.0,1790931236,140.2872,37.731,11277.6,False,274.29,38.37,-0.33,,11811.0,2017,False,0
6432,4083e6,EZY12VG,United Kingdom,1790931066.0,1790931066,23.9433,37.929,,True,6.17,309.38,,,,4710,False,0
6433,4d2290,RYR1T,Malta,1790931237.0,1790931237,-0.6212,51.4007,7673.34,False,217.62,188.84,9.43,,7947.66,2220,False,0
6434,8681ba,SKY767,Japan,1790931237.0,1790931237,137.4065,36.0798,8953.5,False,239.04,26.45,12.35,,9364.98,1742,False,0
6435,a0c979,N15SU,United States,1790931019.0,1790931019,-111.9015,39.768,3017.52,False,63.52,204.9,1.3,,3108.96,4302,False,0
6436,8681b1,SKY720,Japan,1790931237.0,1790931237,140.1578,35.6714,2804.16,False,141.92,186.66,-2.28,,2910.84,1753,False,0
6437,04c218,5YZBP,Kenya,1790931237.0,1790931237,36.1857,-1.3165,3505.2,False,81.39,92.9,0.0,,3710.94,,False,0
6438,8681b3,SKY532,Japan,1790931236.0,1790931236,140.4704,36.3298,723.9,False,100.33,179.12,-3.58,,1211.58,3357,False,0
6439,8681b4,SKY723,Japan,1790931236.0,1790931237,140.9543,40.5139,10957.56,False,263.8,10.0,-10.4,,11277.6,1706,False,0
6440,862d72,JAL556,Japan,1790931216.0,1790931216,140.5707,37.5227,11285.22,False,194.8,192.97,-8.45,,11971.02,,False,0
6441,8681b7,SKY521,Japan,1790931236.0,1790931236,137.9499,34.9302,11300.46,False,189.31,265.79,6.18,,11910.06,0475,False,0
6442,4d229d,CXI8E,Malta,1790930971.0,1790930971,13.4969,52.3545,,True,6.69,70.31,,,,1000,False,0
6443,4083d0,LOG82HT,United Kingdom,1790931236.0,1790931236,-2.6466,56.9717,4251.96,False,131.08,217.18,-0.33,,4358.64,,False,0
6444,8681ab,SKY156,Japan,1790931237.0,1790931237,134.9692,34.8231,4511.04,False,210.5,32.52,13.98,,4709.16,,False,0
6445,4083d1,LOG7NC,United Kingdom,1790931236.0,1790931236,-2.248,49.2036,106.68,False,58.2,81.87,-3.58,,312.42,1460,False,0
6446,a18665,FDX1853,United States,1790931229.0,1790931235,-122.2196,37.7159,,True,0.0,137.81,,,,5670,False,0
6447,4cad28,RYR2HH,Ireland,1790931235.0,1790931235,19.5069,43.1584,10668.0,False,217.21,82.93,0.0,,11010.9,1246,False,0
6448,4cad29,RYR3GK,Ireland,1790931237.0,1790931237,5.0016,42.9361,11277.6,False,218.65,232.46,0.0,,11772.9,1000,False,0
6449,85d7c0,ANA756,Japan,1790931237.0,1790931237,137.3675,35.081,8831.58,False,264.81,125.51,1.3,,9326.88,2476,False,0
6450,84b7c3,APJ625,Japan,1790931237.0,1790931237,139.5343,35.3796,8641.08,False,201.91,254.94,4.23,,9144.0,3723,False,0
6451,abe959,FDX5175,United States,1790931237.0,1790931237,27.6541,42.395,11277.6,False,237.17,110.44,0.0,,11483.34,7565,False,0
6452,398600,AFR81CP,France,1790931236.0,1790931236,7.6503,45.2088,236.22,False,80.39,3.3,13.0,,441.96,,False,0
6453,398601,AFR59WL,France,1790931237.0,1790931237,11.2808,48.2018,3718.56,False,176.42,35.27,-9.1,,4015.74,1000,False,0
6454,398603,AFR27RN,France,1790931237.0,1790931237,2.8262,42.7202,8785.86,False,227.41,179.09,-8.78,,9220.2,1000,False,0
6455,4cad39,RYR55BB,Ireland,1790931236.0,1790931236,8.9618,44.9434,11277.6,False,229.66,216.25,0.0,,11727.18,1000,False,0
6456,300447,TJD750,Italy,1790931236.0,1790931236,10.7014,44.3767,10058.4,False,233.56,142.88,0.0,,10507.98,1000,False,0
6457,398604,AFR65AR,France,1790931236.0,1790931237,4.0498,49.1191,6217.92,False,220.17,84.5,7.48,,6537.96,1000,False,0
6458,4070ff,ULR97T,United Kingdom,1790931237.0,1790931237,1.4237,55.2217,2446.02,False,74.34,318.37,0.0,,2621.28,7667,False,0
6459,a7f7fc,UPS2,United States,1790931236.0,1790931236,113.9331,22.3064,,True,4.63,171.56,,,,,False,0
6460,300410,ILSMA,Italy,1790931236.0,1790931236,8.5054,44.6473,2842.26,False,66.27,154.23,-0.33,,3063.24,7443,False,0
6461,862d2e,JAL6778,Japan,1790931235.0,1790931235,140.2297,36.9236,5730.24,False,230.27,135.27,-3.25,,5981.7,0074,False,0
6462,ad5ca7,FDX1079,United States,1790931237.0,1790931237,-83.2071,34.5343,7315.2,False,231.89,235.39,0.0,,7780.02,5243,False,0
6463,4070ec,EXS16D,United Kingdom,1790931236.0,1790931236,-1.3578,41.1504,11887.2,False,210.43,171.0,0.0,,12344.4,0550,False,0
6464,4070ef,EXS56AM,United Kingdom,1790931237.0,1790931237,12.1398,42.021,1135.38,False,115.89,163.5,-8.45,,1348.74,6220,False,0
6465,8694b6,ANA12,Japan,1790931226.0,1790931234,144.3143,37.0793,9753.6,False,297.56,36.99,0.0,,10279.38,3133,False,0
6466,aaa326,AAL704,United States,1790931237.0,1790931237,2.1002,52.634,11277.6,False,265.03,107.63,0.0,,11529.06,1160,False,0
6467,4070f0,EXS7W,United Kingdom,1790931133.0,1790931154,18.8055,42.1246,11277.6,False,244.19,161.45,0.0,,11597.64,4763,False,0
6468,4cad13,EAI17W,Ireland,1790931236.0,1790931236,-4.1957,53.5997,4884.42,False,127.88,287.56,0.0,,5052.06,6345,False,0
6469,4cad15,EAI37E,Ireland,1790931093.0,1790931094,-6.2361,53.4305,,True,0.0,185.62,,,,5467,False,0
6470,4070e9,EXS25J,United Kingdom,1790931237.0,1790931237,12.643,41.137,11277.6,False,237.21,167.98,0.0,,11727.18,2725,False,0
6471,0d0ed2,VTM5001,Mexico,1790931237.0,1790931237,-100.1219,25.7828,,True,1.03,160.31,,,,,False,0
6472,4070e2,EXS32DW,United Kingdom,1790931237.0,1790931237,2.681,39.6552,2750.82,False,135.73,237.7,-6.83,,3017.52,0517,False,0
6473,a4dfa6,DAL212,United States,1790931237.0,1790931237,18.7134,41.8995,11887.2,False,251.56,129.19,0.0,,12207.24,2215,False,0
6474,4070e1,EXS5RD,United Kingdom,1790931237.0,1790931237,-4.3038,40.2824,11277.6,False,232.84,184.82,0.0,,11734.8,2050,False,0
6475,4070e6,EXS41TY,United Kingdom,1790931237.0,1790931237,-1.0647,39.9971,9395.46,False,223.92,167.53,-5.2,,9852.66,2237,False,0
6476,4070e7,EXS201,United Kingdom,1790930942.0,1790930942,-4.6094,36.7337,480.06,False,80.07,117.55,-3.9,,632.46,0516,False,0
6477,a4495c,UAL1802,United States,1790931237.0,1790931237,-84.9307,43.7037,10058.4,False,260.9,110.19,0.33,,10416.54,,False,0
6478,4070e5,EXS74VU,United Kingdom,1790931237.0,1790931237,-16.215,35.7308,10972.8,False,239.38,184.31,0.0,,11529.06,,False,0
6479,4cad5a,ITY1299,Ireland,1790931237.0,1790931237,14.3934,41.1302,4008.12,False,138.72,150.2,-5.2,,4290.06,1000,False,0
6480,4cad5b,ITY156,Ireland,1790931193.0,1790931197,4.4857,50.9028,,True,1.54,337.5,,,,1000,False,0
6481,4cad64,RYR4CU,Ireland,1790931236.0,1790931236,-9.0483,38.9304,1440.18,False,142.37,14.44,13.33,,1600.2,,False,0
6482,4d21b5,VCJ50M,Malta,1790931237.0,1790931237,23.047,45.4966,10668.0,False,197.89,115.57,0.33,,10980.42,4662,False,0
6483,4cad4f,RYR115V,Ireland,1790931236.0,1790931236,4.1378,47.1206,11277.6,False,237.54,135.26,0.0,,11696.7,7303,False,0
6484,4c01e2,ASL88G,Serbia,1790931237.0,1790931237,16.7427,46.0539,10058.4,False,224.18,108.19,0.0,,10462.26,3030,False,0
6485,71bd07,AIH193,Republic of Korea,1790931236.0,1790931236,137.999,36.0115,10363.2,False,197.55,270.3,0.0,,10888.98,3160,False,0
6486,151fdd,SBI5541,Russian Federation,1790931237.0,1790931237,79.4331,51.9093,10363.2,False,201.61,236.03,0.33,,10393.68,,False,0
6487,4c01e0,ASL96C,Serbia,1790931236.0,1790931236,14.0844,48.1928,9448.8,False,228.79,113.45,0.0,,9875.52,6430,False,0
6488,398640,CCM35BM,France,1790931234.0,1790931235,9.076,43.0801,2621.28,False,149.03,111.25,-5.2,,2895.6,1000,False,0
6489,4c01e5,ASL12H,Serbia,1790931237.0,1790931237,20.1818,44.7285,2202.18,False,150.97,288.68,13.98,,2423.16,,False,0
6490,151fd1,SBI2145,Russian Federation,1790931011.0,1790931011,40.3379,53.9777,10668.0,False,252.89,136.4,0.33,,,2223,False,0
6491,3f4eb9,GAM266B,Germany,1790931088.0,1790931206,9.1016,52.4507,-22.86,False,44.83,93.29,1.63,,190.5,,False,0
6492,4c01e7,ASL51N,Serbia,1790931126.0,1790931126,2.0748,41.2997,,True,1.03,247.5,,,,,False,0
6493,4d21d1,LWG17C,Malta,1790931236.0,1790931236,9.3118,45.1214,1280.16,False,96.43,356.02,-2.6,,1493.52,1000,False,0
6494,4d21d4,CXI9EY,Malta,1790931236.0,1790931237,16.5628,45.9264,11590.02,False,214.84,321.32,0.0,,11993.88,5505,False,0
6495,300408,PROVA25,Italy,1790931235.0,1790931237,8.62,45.7327,350.52,False,63.36,100.76,-1.3,,556.26,0030,False,0
6496,ad27f3,JBU278,United States,1790931237.0,1790931237,-99.4678,34.032,10043.16,False,246.59,101.92,0.0,,10576.56,,False,0
6497,4d21c8,CXI3T,Malta,1790931236.0,1790931236,15.5776,46.4499,11582.4,False,219.81,316.71,0.0,,11993.88,5514,False,0
6498,4cad74,,Ireland,1790930973.0,1790931064,-0.7008,51.5323,11887.2,False,231.45,153.04,0.0,,12153.9,,False,0
6499,4c01f3,ASL9599,Serbia,1790931237.0,1790931237,22.5468,42.7682,9814.56,False,219.03,333.19,-5.2,,10126.98,2644,False,0
6500,4c01f2,ASL131,Serbia,1790929863.0,1790931235,32.8452,55.0997,10363.2,False,27.84,62.49,0.0,,9395.46,5136,False,0
6501,86d1de,ANA667,Japan,1790931236.0,1790931236,136.1779,35.2719,12184.38,False,207.38,255.34,0.0,,12847.32,2341,False,0
6502,4cad5d,ITY1782,Ireland,1790931237.0,1790931237,11.9357,40.6632,7917.18,False,217.39,351.56,-5.2,,8343.9,1000,False,0
6503,4cad5e,ITY151,Ireland,1790931237.0,1790931237,8.3488,47.3371,10668.0,False,235.2,126.82,0.0,,11087.1,1000,False,0
6504,4cad5f,ITY2028,Ireland,1790931236.0,1790931236,9.2899,45.326,601.98,False,78.91,355.89,-4.23,,800.1,1000,False,0
6505,3c4589,BOX713,Germany,1790931221.0,1790931221,49.4825,22.82,9753.6,False,254.7,268.84,0.0,,10363.2,4573,False,0
6506,3c4587,BOX735,Germany,1790931233.0,1790931233,69.2865,28.8156,10058.4,False,259.23,3.41,0.0,,10614.66,,False,0
6507,4cad46,ITY620,Ireland,1790931236.0,1790931236,11.8427,45.17,10972.8,False,246.64,351.36,0.0,,11422.38,1277,False,0
6508,4cad47,ITY6MO,Ireland,1790931237.0,1790931237,8.0055,43.3022,12496.8,False,256.4,123.63,0.0,,12938.76,1000,False,0
6509,7c43cc,NOE,Australia,1790931236.0,1790931236,153.0241,-27.5737,167.64,False,36.15,24.38,1.63,,297.18,,False,0
6510,4cad45,ITY621,Ireland,1790931236.0,1790931236,9.6713,46.6797,12496.8,False,256.87,128.09,0.0,,12908.28,5235,False,0
6511,3482d8,VLG3EL,Spain,1790931237.0,1790931237,-4.5533,36.8725,3497.58,False,159.02,297.97,-10.4,,3802.38,3217,False,0
6512,4cad41,SAS2813,Ireland,1790931237.0,1790931237,0.2012,38.7603,5425.44,False,167.85,254.9,-5.53,,5775.96,0763,False,0
6513,3482d6,AEA023,Spain,1790931237.0,1790931237,-58.0969,-20.7641,11574.78,False,273.55,173.2,0.33,,12192.0,,False,0
6514,4cad2a,RYR9EF,Ireland,1790931237.0,1790931237,8.2266,47.257,8534.4,False,241.25,58.07,-3.25,,8953.5,1000,False,0
6515,3c4586,BOX531,Germany,1790931236.0,1790931236,41.6266,40.9514,10363.2,False,219.14,281.78,0.0,,10607.04,3277,False,0
6516,3c4583,BOX571,Germany,1790931236.0,1790931236,14.0232,50.7691,6789.42,False,211.57,298.62,-7.8,,7139.94,3202,False,0
6517,3c4598,BOX594,Germany,1790931236.0,1790931237,135.9037,34.4685,12192.0,False,208.46,242.68,0.0,,12885.42,3750,False,0
6518,151ff1,AFL2142,Russian Federation,1790931235.0,1790931235,37.4212,55.9767,,True,3.86,73.12,,,,,False,0
6519,4cad57,ITY1710,Ireland,1790931236.0,1790931236,13.4854,40.8709,7978.14,False,226.2,327.54,-7.8,,8382.0,7030,False,0
6520,3c458b,BOX530,Germany,1790931177.0,1790931177,44.0217,40.8016,9448.8,False,284.35,98.95,0.0,,9738.36,4363,False,0
6521,4d21b1,FHM4732,Malta,1790931237.0,1790931237,11.7789,48.3476,,True,6.17,351.56,,,,1000,False,0
6522,4cad53,ITY576,Ireland,1790931236.0,1790931237,9.7256,43.5476,10972.8,False,221.23,323.8,0.0,,11445.24,1000,False,0
6523,4cad54,RYR47LP,Ireland,1790931237.0,1790931237,9.1541,39.6723,5151.12,False,188.0,357.18,10.4,,5478.78,,False,0
6524,4d21a2,KMM785,Malta,1790931237.0,1790931237,20.6722,39.0069,10386.06,False,242.0,249.99,-0.33,,10660.38,2740,False,0
6525,4cad3e,RYR8X,Ireland,1790931236.0,1790931236,15.046,44.2817,10972.8,False,230.29,277.32,0.0,,11407.14,1000,False,0
6526,3c4593,BOX746,Germany,1790931226.0,1790931226,70.9972,24.0263,10668.0,False,279.28,93.27,0.0,,11346.18,,False,0
6527,3c4590,BOX500,Germany,1790931147.0,1790931147,-118.3811,33.9376,68.58,False,79.31,262.92,-3.9,,22.86,6274,False,0
6528,3c4591,BOX585,Germany,1790931237.0,1790931237,-123.4051,38.8034,10668.0,False,251.17,138.74,0.0,,11201.4,7404,False,0
6529,4cad3b,RYR878Q,Ireland,1790931237.0,1790931237,14.6781,35.695,1135.38,False,101.73,311.1,-5.85,,1325.88,0227,False,0
6530,3c4595,BOX620,Germany,1790931237.0,1790931237,40.3621,41.2768,10668.0,False,267.1,98.86,0.0,,10896.6,6437,False,0
6531,4cad9f,EAI5ED,Ireland,1790931237.0,1790931237,-3.4694,55.4719,4572.0,False,159.36,67.41,-3.25,,4716.78,7660,False,0
6532,a4ccba,JBU2261,United States,1790931237.0,1790931237,-5.6226,41.5015,9761.22,False,246.1,118.6,0.0,,10210.8,3350,False,0
6533,4d21ef,RYR77SJ,Malta,1790931236.0,1790931236,0.8473,47.5501,10668.0,False,221.86,172.94,0.0,,11049.0,2032,False,0
6534,a41090,FFT1469,United States,1790931236.0,1790931237,-115.338,34.7647,7620.0,False,233.07,194.31,0.0,,8069.58,4742,False,0
6535,acf4f5,LIFELN3,United States,1790931237.0,1790931237,-104.8764,40.9232,2042.16,False,70.93,11.72,0.0,,2148.84,,False,0
6536,4d21ee,RYR8QN,Malta,1790931236.0,1790931237,-3.0422,42.3505,11277.6,False,220.48,248.22,0.0,,11719.56,1000,False,0
6537,846910,ANA648,Japan,1790931235.0,1790931236,131.0473,32.6594,4465.32,False,171.22,62.05,5.85,,4732.02,,False,0
6538,4083c0,EZY23QM,United Kingdom,1790931236.0,1790931236,-11.2484,36.3963,11269.98,False,225.01,200.76,0.33,,11818.62,2044,False,0
6539,4d21ea,RYR28SP,Malta,1790931236.0,1790931236,10.075,42.4339,10058.4,False,234.93,197.72,0.0,,10530.84,7062,False,0
6540,abc1cd,N857ER,United States,1790931237.0,1790931237,-118.2494,34.1563,2286.0,False,38.03,120.03,0.0,,2392.68,3216,False,0
6541,aaea6a,N802MM,United States,1790931236.0,1790931237,-86.6578,31.1772,3246.12,False,87.92,245.08,3.25,,3406.14,,False,0
6542,4d21ff,9HEFA,Malta,1790931209.0,1790931220,14.5787,36.9756,228.6,False,41.3,50.56,-2.6,,396.24,3631,False,0
6543,4d21fa,AEZ81GR,Malta,1790931237.0,1790931237,9.8911,40.5925,9144.0,False,242.35,60.5,0.33,,9624.06,,False,0
6544,4cad7b,EIN15C,Ireland,1790931237.0,1790931237,-5.8181,53.4781,3680.46,False,191.39,99.44,10.4,,3832.86,5014,False,0
6545,4d21cd,VJT643,Malta,1790931236.0,1790931237,24.4256,38.2764,6553.2,False,220.66,148.83,-12.68,,6766.56,4512,False,0
6546,4c01eb,ASL20K,Serbia,1790931237.0,1790931237,19.2753,44.6803,3581.4,False,181.6,61.77,-5.2,,3863.34,1241,False,0
6547,151fc4,SBI8991,Russian Federation,1790931237.0,1790931237,86.4542,55.0537,11887.2,False,231.21,73.98,0.0,,11955.78,,False,0
6548,4c01ec,ASL178,Serbia,1790931234.0,1790931237,21.9521,43.7896,9700.26,False,229.76,142.64,6.83,,10027.92,,False,0
6549,4cad88,SAS32F,Ireland,1790931237.0,1790931237,9.2946,55.6884,11178.54,False,229.8,276.3,3.25,,11460.48,1152,False,0
6550,4cad80,EIN503,Ireland,1790931224.0,1790931224,-0.702,44.8341,,True,0.0,222.19,,,,,False,0
6551,4cad6d,EAI34N,Ireland,1790931236.0,1790931237,-3.3369,56.4242,4876.8,False,115.02,214.61,0.33,,5013.96,6221,False,0
6552,ab0a9d,DAL183,United States,1790931237.0,1790931237,10.7715,42.0769,6179.82,False,213.55,344.49,4.23,,6537.96,,False,0
6553,4cad97,SAS72U,Ireland,1790931236.0,1790931237,6.5588,46.2206,11887.2,False,222.31,209.53,0.0,,12321.54,1000,False,0
6554,4d21f0,RYR83JF,Malta,1790931237.0,1790931237,1.1219,51.9784,2987.04,False,148.56,277.96,-5.2,,3208.02,6635,False,0
6555,4cad98,SAS33D,Ireland,1790931237.0,1790931237,5.2747,42.5828,11574.78,False,232.02,34.43,-0.33,,12070.08,5324,False,0
6556,4d21f2,RYR636Q,Malta,1790931236.0,1790931236,3.6318,47.4753,11887.2,False,230.63,135.18,0.0,,12275.82,7572,False,0
6557,4cad96,SAS7924,Ireland,1790931236.0,1790931236,19.9605,42.3353,11582.4,False,214.27,352.55,0.0,,11894.82,,False,0
6558,4cad91,SAS7884,Ireland,1790931236.0,1790931237,20.5966,39.2939,10530.84,False,206.14,333.31,5.85,,10812.78,,False,0
6559,4d21e9,RYR7963,Malta,1790931218.0,1790931236,1.2414,45.3046,1935.48,False,121.33,175.14,-6.18,,2164.08,6362,False,0
6560,4d21dd,WMT762,Malta,1790931237.0,1790931237,32.4627,35.0354,6896.1,False,184.51,316.69,7.48,,7109.46,7351,False,0
6561,4cad7e,EIN156,Ireland,1790931237.0,1790931237,-0.5841,51.7295,2438.4,False,136.82,77.85,0.0,,2644.14,1443,False,0
6562,4cad7f,EIN5HJ,Ireland,1790931108.0,1790931230,1.5387,41.8485,5334.0,False,153.51,224.73,-2.93,,5623.56,2264,False,0
6563,45d965,VKG058,Denmark,1790931237.0,1790931237,7.474,52.5115,10355.58,False,220.64,195.14,0.0,,10698.48,0736,False,0
6564,45d961,VKG519,Denmark,1790931237.0,1790931237,-6.2095,42.8572,10668.0,False,231.74,195.05,0.0,,11125.2,5206,False,0
6565,45d962,VKG010,Denmark,1790931237.0,1790931237,5.8142,45.0958,11277.6,False,229.34,190.73,0.0,,11750.04,0746,False,0
6566,881422,AIQ231,Thailand,1790931236.0,1790931236,122.3244,25.2563,6096.0,False,179.31,284.79,-0.33,,6515.1,,False,0
6567,861ae1,ANA8442,Japan,1790931237.0,1790931237,140.0063,34.4085,7315.2,False,215.69,66.68,-2.28,,7741.92,2611,False,0
6568,881423,AIQ3092,Thailand,1790931236.0,1790931236,99.5335,11.0002,10675.62,False,231.94,20.24,0.33,,,,False,0
6569,71bd87,KAL1177,Republic of Korea,1790931236.0,1790931236,126.7448,37.5931,952.5,False,78.94,315.26,10.4,,1021.08,7410,False,0
6570,45d972,VKG026,Denmark,1790931236.0,1790931237,23.1196,42.6517,12504.42,False,243.15,145.6,0.0,,12755.88,1730,False,0
6571,800c01,IGO72TK,India,1790931236.0,1790931236,86.6907,26.2268,9685.02,False,232.97,281.98,3.58,,10309.86,2622,False,0
6572,0d0f5a,WIN1201,Mexico,1790931237.0,1790931237,-5.2188,54.2836,11277.6,False,257.95,111.04,0.0,,11422.38,6011,False,0
6573,40736a,GNBCA,United Kingdom,1790931236.0,1790931236,-3.6922,51.6462,8161.02,False,163.8,97.04,-3.9,,8435.34,6337,False,0
6574,45d970,VKG502,Denmark,1790931236.0,1790931237,-6.1947,42.8971,12496.8,False,231.24,195.09,0.0,,12915.9,1145,False,0
6575,800c09,LLR878,India,1790931235.0,1790931235,79.4813,14.4027,4724.4,False,97.77,353.96,2.93,,5006.34,,False,0
6576,a555c3,AAL3276,United States,1790931236.0,1790931236,-93.5178,40.1822,10660.38,False,261.61,78.89,-0.33,,11125.2,1321,False,0
6577,39c466,BEJ47G,France,1790931237.0,1790931237,2.1115,48.8804,1150.62,False,134.9,67.35,-5.2,,1371.6,1000,False,0
6578,4d20ee,RIZ01,Malta,1790931237.0,1790931237,5.0463,42.8807,7924.8,False,150.55,24.64,0.0,,8343.9,1000,False,0
6579,86e780,JAL39,Japan,1790931223.0,1790931231,84.3485,25.8094,11582.4,False,246.16,287.64,0.0,,12313.92,1067,False,0
6580,3da051,PTO9945,Germany,1790931236.0,1790931236,11.6569,53.765,2529.84,False,64.51,274.57,1.63,,2750.82,7752,False,0
6581,a542a6,UPS674,United States,1790931237.0,1790931237,-91.9163,40.7773,9144.0,False,230.43,236.38,0.0,,9502.14,,False,0
6582,4d20fd,WZZ3606,Malta,1790931236.0,1790931236,29.8188,40.701,10355.58,False,229.06,335.45,0.0,,10568.94,5565,False,0
6583,4d20fe,VJT981,Malta,1790931237.0,1790931237,-68.2166,42.9409,13106.4,False,228.09,256.43,-0.33,,13731.24,,False,0
6584,ae117e,RCH279,United States,1790931237.0,1790931237,6.6913,50.3863,5737.86,False,214.0,346.8,3.58,,6050.28,2523,False,0
6585,401e12,GBHAV,United Kingdom,1790931237.0,1790931237,-2.0885,53.0768,487.68,False,32.02,226.3,-0.65,,632.46,4572,False,0
6586,3986a5,FMY8766,France,1790931206.0,1790931236,-1.1634,43.4182,220.98,False,34.07,165.12,-0.33,,358.14,,False,0
6587,3986a8,FMY8743,France,1790931230.0,1790931231,-1.0576,43.4058,60.96,False,29.86,100.92,-2.93,,220.98,,False,0
6588,48bd92,SPPMT,Poland,1790931237.0,1790931237,18.8738,54.3609,297.18,False,42.71,91.38,-0.33,,480.06,,False,0
6589,485a86,JAF63N,Kingdom of the Netherlands,1790931237.0,1790931237,2.1595,49.2614,10363.2,False,248.95,21.58,0.0,,10728.96,1000,False,0
6590,800c48,AIC2353,India,1790931237.0,1790931237,96.2768,14.6782,10355.58,False,234.92,282.39,0.33,,8404.86,,False,0
6591,862db6,JAL634,Japan,1790931236.0,1790931236,133.1698,33.6926,11269.98,False,274.18,73.88,-0.33,,11932.92,,False,0
6592,00ae6e,LNK383M,South Africa,1790931236.0,1790931236,25.779,-24.1533,11582.4,False,220.52,209.79,0.0,,12207.24,,False,0
6593,4d2209,RYR62CY,Malta,1790931236.0,1790931237,15.6215,38.0968,4160.52,False,173.37,137.89,-4.23,,4434.84,6303,False,0
6594,800c3e,AIC169,India,1790931219.0,1790931219,67.4049,22.9584,10972.8,False,237.16,270.0,0.0,,11658.6,,False,0
6595,33fc78,FIAMMA85,Italy,1790931237.0,1790931237,13.4684,45.9107,137.16,False,68.14,265.24,0.0,,320.04,7000,False,0
6596,0d0f35,VIV1249,Mexico,1790931236.0,1790931236,-111.4975,29.193,10668.0,False,262.27,126.47,0.0,,11338.56,,False,0
6597,800c0c,AIC3PK,India,1790931227.0,1790931227,72.5998,21.478,10660.38,False,212.0,199.27,0.0,,11338.56,,False,0
6598,800c19,VTRDG,India,1790931236.0,1790931236,70.9078,22.8475,2743.2,False,75.55,60.64,0.0,,2857.5,,False,0
6599,a35e5b,GXA6141,United States,1790931233.0,1790931233,-97.4252,26.2136,2781.3,False,143.54,123.75,-0.33,,2895.6,,False,0
6600,868428,ANA1896,Japan,1790931236.0,1790931237,140.2167,35.1921,1196.34,False,122.24,294.62,0.0,,1280.16,2016,False,0
6601,0c43aa,DWI6269,Dominican Republic,1790930952.0,1790930952,-60.346,-22.5218,10980.42,False,240.32,346.38,0.0,,11529.06,,False,0
6602,406071,GOGJC,United Kingdom,1790931235.0,1790931236,-2.4335,53.5009,213.36,False,41.43,24.97,4.55,,358.14,,False,0
6603,71bd61,JNA453,Republic of Korea,1790931237.0,1790931237,126.6348,34.4907,4876.8,False,206.05,185.01,0.33,,5120.64,,False,0
6604,a448f2,UAL780,United States,1790931236.0,1790931236,-106.6095,39.9735,10668.0,False,254.27,135.08,0.0,,11209.02,6602,False,0
6605,4d2237,RYR31MX,Malta,1790931236.0,1790931236,1.246,42.6512,9334.5,False,243.41,356.0,8.78,,9791.7,5351,False,0
6606,4d2238,RYR49YD,Malta,1790931237.0,1790931237,13.4019,45.7281,10058.4,False,227.81,226.65,0.0,,10492.74,1000,False,0
6607,4cabd2,EIN52X,Ireland,1790931237.0,1790931237,2.5251,49.5322,5699.76,False,201.71,339.39,13.66,,6004.56,7567,False,0
6608,4d2234,RYR3PN,Malta,1790931237.0,1790931237,12.1836,45.4626,9448.8,False,228.89,114.15,0.0,,9883.14,1000,False,0
6609,4d2235,RYR9663,Malta,1790931237.0,1790931237,12.4714,56.4156,8877.3,False,218.12,185.55,10.73,,9197.34,1000,False,0
6610,3999fb,FZJTJ,France,1790931237.0,1790931237,1.5569,44.1514,12679.68,False,223.92,64.85,-2.6,,13129.26,2642,False,0
6611,4d222a,RYR44GP,Malta,1790931237.0,1790931237,6.0624,49.6658,11277.6,False,229.33,149.98,0.0,,11643.36,2151,False,0
6612,4d221f,RYR636E,Malta,1790931237.0,1790931237,11.0137,43.9858,5433.06,False,206.97,349.84,-13.0,,5775.96,5105,False,0
6613,46d1cf,SEH2TR,Greece,1790931237.0,1790931237,24.0792,37.0908,4122.42,False,147.39,288.31,-3.58,,4251.96,,False,0
6614,34714e,VOE2660,Spain,1790931074.0,1790931074,5.0847,45.7168,,True,4.37,109.69,,,,,False,0
6615,a422fb,N366EA,United States,1790931237.0,1790931237,-113.2127,32.8811,2011.68,False,48.87,270.6,0.0,,2095.5,,False,0
6616,4d2232,RYR2UE,Malta,1790931237.0,1790931237,-0.1963,48.1326,7924.8,False,215.83,31.95,0.0,,8275.32,6401,False,0
6617,4d2248,RYR7BM,Malta,1790931006.0,1790931006,1.3681,38.8751,,True,0.0,16.88,,,,2342,False,0
6618,4d2249,GSM012,Malta,1790931237.0,1790931237,2.768,44.4042,7315.2,False,151.06,54.14,0.0,,7734.3,2322,False,0
6619,800c87,AIC2356,India,1790931237.0,1790931237,98.8091,14.341,9364.98,False,229.67,295.19,2.93,,9966.96,,False,0
6620,800c85,AIC9ZL,India,1790931237.0,1790931237,76.6109,27.9013,7078.98,False,204.89,217.96,9.1,,7459.98,,False,0
6621,4d2244,RYR64TN,Malta,1790931097.0,1790931097,2.084,41.2933,,True,8.23,154.69,,,,,False,0
6622,4d2245,RYR737X,Malta,1790931236.0,1790931237,-3.5256,39.1669,10972.8,False,228.61,4.52,0.0,,11452.86,4546,False,0
6623,4d2247,RYR1UP,Malta,1790931236.0,1790931236,-8.6699,53.9277,655.32,False,73.85,259.16,-4.55,,739.14,5155,False,0
6624,4c0262,ASL30R,Serbia,1790931237.0,1790931237,13.0559,47.4726,10058.4,False,235.03,127.8,0.33,,10469.88,7710,False,0
6625,a05410,00000000,United States,1790931227.0,1790931235,-93.2036,-45.1216,,True,0.0,210.94,,,,,False,0
6626,4c0260,ASL65F,Serbia,1790931236.0,1790931236,17.0231,44.7739,10058.4,False,230.2,96.03,0.0,,10462.26,5764,False,0
6627,a0b713,UPS1346,United States,1790931237.0,1790931237,-84.9069,35.7587,9448.8,False,244.18,165.73,-0.65,,10058.4,4021,False,0
6628,4d222b,RYR14SC,Malta,1790931236.0,1790931236,-9.282,38.463,1615.44,False,131.01,14.09,-4.88,,1790.7,4052,False,0
6629,4d222c,RYR99UP,Malta,1790931236.0,1790931237,-3.3087,40.2452,10972.8,False,243.14,111.08,0.0,,11430.0,7503,False,0
6630,4d222d,RYR2ST,Malta,1790931237.0,1790931237,10.101,44.0491,3421.38,False,172.16,176.4,-5.53,,3703.32,5207,False,0
6631,4d2240,RYR393A,Malta,1790931236.0,1790931236,-0.8889,50.1477,9486.9,False,231.82,7.27,-11.05,,9814.56,4071,False,0
6632,4d2241,RYR64CZ,Malta,1790931237.0,1790931237,7.9011,49.2693,11277.6,False,240.21,115.91,0.0,,11666.22,1000,False,0
6633,4d2242,RYR7LQ,Malta,1790931237.0,1790931237,19.6744,41.074,10972.8,False,220.44,315.19,0.0,,11269.98,2076,False,0
6634,4d2243,RYR9LH,Malta,1790931236.0,1790931237,0.9019,47.8694,10058.4,False,224.84,165.96,0.0,,10431.78,0557,False,0
6635,4d2215,RYR8NZ,Malta,1790931236.0,1790931236,0.2266,53.3915,10972.8,False,206.53,290.11,0.0,,11193.78,1370,False,0
6636,4d2216,RYR5JJ,Malta,1790931237.0,1790931237,16.2932,45.3857,11277.6,False,233.05,90.51,0.0,,11689.08,0446,False,0
6637,4d2217,RYR26CR,Malta,1790931237.0,1790931237,-1.9279,46.8926,10972.8,False,238.61,11.19,-0.33,,11361.42,7471,False,0
6638,4d2218,RYR73QL,Malta,1790931237.0,1790931237,11.0975,52.6321,10972.8,False,220.21,270.94,-0.33,,11323.32,3545,False,0
6639,485a32,KLM89D,Kingdom of the Netherlands,1790931237.0,1790931237,-0.1634,45.3204,5379.72,False,181.11,217.85,-4.88,,5699.76,1000,False,0
6640,4d2213,RYR2LM,Malta,1790931236.0,1790931237,-2.1057,42.9827,11582.4,False,246.51,31.17,-0.33,,12016.74,6472,False,0
6641,acd120,DAL2075,United States,1790931237.0,1790931237,-80.7151,40.5664,11277.6,False,259.9,99.0,0.0,,11879.58,6032,False,0
6642,a4bb8a,AAL1471,United States,1790931236.0,1790931236,-95.0069,33.783,10050.78,False,248.92,109.18,0.0,,10645.14,2742,False,0
6643,3986ae,DSRT29,France,1790931222.0,1790931222,-0.9783,44.0002,449.58,False,53.44,156.15,0.33,,586.74,,False,0
6644,4d2219,RYR140E,Malta,1790931237.0,1790931237,6.9467,45.0035,10668.0,False,234.64,167.33,0.0,,11125.2,0107,False,0
6645,aa9c5b,ASA119,United States,1790931160.0,1790931160,126.4505,37.4719,,True,12.86,317.81,,,,7065,False,0
6646,861c10,ANA715,Japan,1790931237.0,1790931237,136.8934,35.2172,3878.58,False,182.14,20.33,12.35,,4053.84,2063,False,0
6647,800c4b,AIC7DK,India,1790930925.0,1790930947,77.1446,28.5337,441.96,False,67.88,284.04,-3.25,,403.86,,False,0
6648,a782dd,UPS64,United States,1790931236.0,1790931236,114.0395,22.019,1356.36,False,125.13,289.7,-1.95,,1417.32,4113,False,0
6649,710010,RXI764,Saudi Arabia,1790931236.0,1790931237,49.899,22.7436,12192.0,False,240.54,278.86,0.0,,12923.52,3554,False,0
6650,4d2229,RYR29KK,Malta,1790931233.0,1790931237,3.4729,39.4373,7840.98,False,215.13,278.11,1.95,,8275.32,,False,0
6651,4d2223,RYR2TT,Malta,1790931237.0,1790931237,1.0052,43.3761,11582.4,False,234.58,339.46,-0.33,,12039.6,5322,False,0
6652,4d2225,RYR55NA,Malta,1790931236.0,1790931236,11.4671,40.5974,11277.6,False,242.05,156.05,0.0,,11742.42,1000,False,0
6653,4c0242,ASL86N,Serbia,1790931237.0,1790931237,13.7749,47.9168,3733.8,False,106.49,90.55,3.25,,4023.36,5164,False,0
6654,ae6ab1,TORTGA33,United States,1790921899.0,1790931236,-117.8614,32.9518,,True,7.2,306.56,,,,,False,0
6655,4c0243,ASL31Q,Serbia,1790931233.0,1790931233,20.29,44.8153,,True,2.06,270.0,,,,6506,False,0
6656,4d220b,RYR16KD,Malta,1790931237.0,1790931237,6.7037,50.4532,11582.4,False,240.45,18.98,0.0,,11940.54,1000,False,0
6657,4d220c,RYR5ZV,Malta,1790931236.0,1790931236,-5.4337,53.7717,9753.6,False,213.99,284.34,0.0,,9921.24,6341,False,0
6658,4d2221,RYR1MC,Malta,1790931237.0,1790931237,4.595,50.5948,1021.08,False,89.73,149.32,-5.53,,1242.06,1000,False,0
6659,a47e89,UPS910,United States,1790930968.0,1790930993,-99.4735,40.147,11590.02,False,237.43,250.11,0.0,,12115.8,,False,0
6660,4d2278,CXI7GD,Malta,1790931236.0,1790931236,20.1238,42.9931,11582.4,False,220.99,317.36,0.0,,11887.2,2073,False,0
6661,4d2279,RYR7ZN,Malta,1790931237.0,1790931237,-3.9557,37.2664,10949.94,False,246.16,70.85,5.85,,11445.24,1446,False,0
6662,4d226b,RYR53RK,Malta,1790931236.0,1790931236,15.1639,46.6074,7810.5,False,223.15,318.93,8.45,,8206.74,2672,False,0
6663,4d226d,RYR772F,Malta,1790931086.0,1790931086,5.3831,51.4579,-152.4,False,76.07,215.09,-4.55,,91.44,1000,False,0
6664,4d226a,RYR328B,Malta,1790931236.0,1790931236,17.9438,56.1723,11582.4,False,227.78,249.23,0.33,,11932.92,3514,False,0
6665,40600e,EZY83GL,United Kingdom,1790931236.0,1790931236,12.6929,40.324,11277.6,False,237.78,144.87,0.0,,11750.04,7575,False,0
6666,4d225f,RYR9K,Malta,1790931237.0,1790931237,14.5692,41.2047,8534.4,False,242.86,281.86,0.0,,8930.64,,False,0
6667,4d2275,RYR1438,Malta,1790931237.0,1790931237,11.3577,41.7275,11277.6,False,241.69,163.3,0.0,,11757.66,1000,False,0
6668,4d2270,RYR7CQ,Malta,1790931237.0,1790931237,4.2212,51.8874,11163.3,False,208.34,276.95,-7.15,,11460.48,6601,False,0
6669,4d2271,RYR2YA,Malta,1790931237.0,1790931237,-3.7697,45.0276,11277.6,False,221.91,192.59,0.0,,11681.46,5424,False,0
6670,4d2272,RYR732U,Malta,1790931236.0,1790931236,3.3762,44.6941,11582.4,False,251.99,60.66,0.0,,12039.6,1000,False,0
6671,406016,EZY64FW,United Kingdom,1790931236.0,1790931236,-2.9166,51.9733,4876.8,False,163.56,168.02,0.33,,5128.26,1450,False,0
6672,aa9c2c,FDX1454,United States,1790931236.0,1790931236,-86.1115,36.5065,11277.6,False,260.44,63.49,0.0,,11993.88,5632,False,0
6673,4d2288,RYR6HY,Malta,1790931236.0,1790931236,9.038,42.6485,8839.2,False,252.45,103.07,0.0,,9296.4,1000,False,0
6674,406017,EZY37YP,United Kingdom,1790931236.0,1790931236,-10.4768,38.8567,10668.0,False,231.37,195.21,-0.33,,11178.54,5415,False,0
6675,4d2289,RYR13SU,Malta,1790931237.0,1790931237,-6.1089,43.2339,11285.22,False,234.09,165.23,0.0,,11704.32,0507,False,0
6676,4d227c,RYR77MB,Malta,1790931236.0,1790931236,10.3915,45.1021,9418.32,False,233.56,242.31,10.4,,9845.04,0250,False,0
6677,4d227d,RYR7W,Malta,1790931236.0,1790931236,19.7094,42.9252,11277.6,False,214.72,87.53,0.0,,11597.64,1422,False,0
6678,4d227e,RYR9EG,Malta,1790931237.0,1790931237,13.6995,57.2771,10972.8,False,218.76,223.0,0.0,,11315.7,1000,False,0
6679,4d227f,RYR2UL,Malta,1790931237.0,1790931237,-3.1122,34.4624,11277.6,False,252.97,71.75,0.0,,11826.24,7766,False,0
6680,406012,EZY94YL,United Kingdom,1790931237.0,1790931237,18.7427,50.5489,5646.42,False,158.97,135.13,-6.83,,6012.18,4627,False,0
6681,4d227a,RYR1351,Malta,1790931237.0,1790931237,-0.047,43.1245,11277.6,False,209.09,222.01,0.0,,11734.8,4074,False,0
6682,406011,EZY46AB,United Kingdom,1790931237.0,1790931237,1.7764,40.054,7094.22,False,211.98,319.43,6.83,,7498.08,,False,0
6683,4d226f,RYR83XN,Malta,1790931236.0,1790931237,0.9292,45.2263,11582.4,False,237.16,354.65,0.0,,12009.12,1000,False,0
6684,4d2284,9HSAG,Malta,1790931006.0,1790931006,14.4752,35.8607,,True,0.0,90.0,,,,,False,0
6685,4d2287,RYR3RB,Malta,1790931236.0,1790931236,-5.1133,43.6022,11277.6,False,225.42,210.9,0.0,,11704.32,7141,False,0
6686,44da62,OOVSB,Belgium,1790931237.0,1790931237,5.0369,50.944,441.96,False,56.22,150.39,0.0,,640.08,2000,False,0
6687,4d2255,RYR3UV,Malta,1790931237.0,1790931237,5.5741,45.505,11277.6,False,213.0,269.31,0.0,,11711.94,1000,False,0
6688,e03503,ARG1984,Argentina,1790931228.0,1790931228,-60.2947,-35.8251,10972.8,False,203.1,238.89,-0.33,,11186.16,1747,False,0
6689,4d224c,RYR17KF,Malta,1790931237.0,1790931237,2.0688,41.2937,-91.44,False,72.29,65.62,-3.25,,91.44,1000,False,0
6690,473a03,FCA1FH,Hungary,1790931236.0,1790931236,-5.3885,40.1431,12192.0,False,224.73,70.2,-0.33,,12672.06,2215,False,0
6691,800c8f,AIC7XQ,India,1790931236.0,1790931237,81.5519,26.5846,11277.6,False,244.8,106.61,0.0,,11971.02,,False,0
6692,abb172,SWA2334,United States,1790931236.0,1790931236,-104.3465,35.4998,10668.0,False,226.62,96.12,0.0,,11224.26,,False,0
6693,4d223f,RYR41MD,Malta,1790931236.0,1790931236,5.0277,47.3975,10363.2,False,227.98,317.74,0.0,,10774.68,5735,False,0
6694,4d2251,RYR39ED,Malta,1790931235.0,1790931236,14.4312,41.3248,4389.12,False,134.81,148.74,-4.88,,4686.3,7437,False,0
6695,a675e8,VOI189,United States,1790931237.0,1790931237,-114.8019,31.2844,9342.12,False,252.55,125.63,3.25,,9898.38,,False,0
6696,4d2250,RYR3488,Malta,1790931236.0,1790931236,-4.4422,36.4981,11582.4,False,242.69,46.29,0.0,,12092.94,6273,False,0
6697,4d2268,RYR6FC,Malta,1790931237.0,1790931237,14.4998,43.9507,10972.8,False,217.33,327.18,0.0,,11399.52,1000,False,0
6698,4d2269,RYR28TV,Malta,1790931236.0,1790931236,8.5376,47.0301,11887.2,False,229.07,174.2,0.0,,12306.3,7501,False,0
6699,401cd5,GECAY,United Kingdom,1790931237.0,1790931237,0.6663,51.918,228.6,False,58.58,149.38,0.65,,419.1,,False,0
6700,4d225a,RYR3WM,Malta,1790931236.0,1790931236,11.9221,45.1674,1844.04,False,115.48,41.93,-2.93,,2072.64,5460,False,0
6701,4d225b,RYR3YU,Malta,1790931237.0,1790931237,10.8253,44.8432,6233.16,False,218.91,317.95,-4.55,,6598.92,4151,False,0
6702,4d225c,RYR576P,Malta,1790931092.0,1790931097,-8.8043,52.7585,434.34,False,72.24,232.23,-3.9,,548.64,6325,False,0
6703,ac3f09,SWA2487,United States,1790931235.0,1790931236,-89.8154,32.4264,11277.6,False,242.98,106.86,0.0,,11993.88,1363,False,0
6704,3c55c6,EWG92N,Germany,1790931236.0,1790931236,3.9697,52.5563,10066.02,False,223.85,76.44,0.0,,10355.58,2066,False,0
6705,34840a,AEA69WQ,Spain,1790931026.0,1790931026,11.7933,48.3477,,True,12.86,81.56,,,,,False,0
6706,3c55c5,EWG32ME,Germany,1790931237.0,1790931237,0.7886,51.2158,6012.18,False,238.44,95.94,9.1,,6301.74,2047,False,0
6707,3c55c3,EWG11MZ,Germany,1790931236.0,1790931237,24.3686,39.4162,11582.4,False,229.58,326.7,0.0,,11795.76,2064,False,0
6708,3c55c9,EWG44CM,Germany,1790931237.0,1790931237,32.2521,33.7423,11269.98,False,241.83,128.87,0.0,,11590.02,7602,False,0
6709,4d224e,RYR22AC,Malta,1790931237.0,1790931237,17.6524,49.7589,10972.8,False,238.92,232.61,0.0,,11376.66,1000,False,0
6710,3853ff,BALAY04,France,1790931232.0,1790931232,7.5291,47.6009,,True,3.34,331.88,,,,,False,0
6711,3c55c7,EWG7ED,Germany,1790931235.0,1790931235,-0.4342,51.4777,,True,0.0,270.0,,,,2047,False,0
6712,4d2263,RYR647C,Malta,1790931236.0,1790931237,11.5864,42.3232,11582.4,False,218.86,295.18,0.0,,12047.22,,False,0
6713,4d2265,RYR47HU,Malta,1790931237.0,1790931237,-0.0924,53.3428,11582.4,False,214.41,278.69,0.33,,11795.76,7330,False,0
6714,4d2261,RYR6NY,Malta,1790931074.0,1790931074,-9.4818,52.1896,121.92,False,69.3,251.83,-3.9,,251.46,3635,False,0
6715,71005a,SVA728,Saudi Arabia,1790931230.0,1790931230,57.3428,23.0142,10668.0,False,250.86,71.71,0.0,,11315.7,5234,False,0
6716,a09af1,N138WV,United States,1790931237.0,1790931237,-102.0419,32.5672,18166.08,False,7.65,227.73,2.93,,19126.2,,False,0
6717,c008a9,ACA098,Canada,1790930927.0,1790930932,-74.1384,4.6976,,True,0.0,216.56,,,,,False,0
6718,71005e,SVA732,Saudi Arabia,1790931236.0,1790931237,54.6679,22.548,10668.0,False,259.37,98.21,0.0,,11315.7,5236,False,0
6719,30058b,PROVA80,Italy,1790931236.0,1790931236,8.2915,45.2881,769.62,False,42.6,52.85,0.0,,982.98,4470,False,0
6720,710070,SVA207,Saudi Arabia,1790931236.0,1790931236,38.4842,32.9448,9738.36,False,229.61,333.09,0.0,,10195.56,,False,0
6721,49329a,NJE791K,Portugal,1790931236.0,1790931236,7.7203,43.9022,7010.4,False,209.05,212.95,0.0,,7399.02,0236,False,0
6722,49328f,NJE305V,Portugal,1790931237.0,1790931237,-4.0343,36.742,6644.64,False,180.44,225.69,-10.08,,7025.64,3073,False,0
6723,70e048,KHV592,Cambodia,1790931236.0,1790931236,140.399,35.7685,,True,4.63,182.81,,,,4410,False,0
6724,49328e,NJE562V,Portugal,1790931237.0,1790931237,-4.9998,45.5932,12496.8,False,209.59,201.91,0.0,,12854.94,0542,False,0
6725,71004b,SVA774,Saudi Arabia,1790931236.0,1790931237,49.1329,23.5803,11277.6,False,259.69,106.1,0.0,,11978.64,4526,False,0
6726,850e9c,JAL637,Japan,1790931236.0,1790931236,139.8689,35.5417,815.34,False,104.91,112.79,7.8,,891.54,2355,False,0
6727,c08081,WJA622,Canada,1790931237.0,1790931237,-93.611,46.7065,10668.0,False,267.36,115.78,0.0,,10835.64,1756,False,0
6728,a9ab7b,FDX1482,United States,1790931236.0,1790931236,-86.9349,35.9787,10668.0,False,255.83,68.28,0.0,,11300.46,1504,False,0
6729,0d0dd3,VOI1851,Mexico,1790931236.0,1790931237,-107.1985,32.1701,10142.22,False,241.76,132.59,6.5,,10683.24,,False,0
6730,493296,NJE231U,Portugal,1790931237.0,1790931237,-3.5856,42.0591,13106.4,False,227.38,66.39,0.0,,13517.88,5475,False,0
6731,493294,NJE614L,Portugal,1790931233.0,1790931236,17.5882,43.1397,11887.2,False,237.03,124.66,0.0,,12237.72,3033,False,0
6732,493292,NJE174M,Portugal,1790931236.0,1790931237,1.0832,41.3322,13106.4,False,219.23,91.48,0.0,,13540.74,1447,False,0
6733,71007e,SVA179,Saudi Arabia,1790931236.0,1790931236,32.6865,37.306,10972.8,False,222.93,312.01,-0.33,,11239.5,4272,False,0
6734,a3ade9,UPS858,United States,1790931237.0,1790931237,-93.6503,37.5698,10972.8,False,209.36,263.08,0.0,,11551.92,4052,False,0
6735,493291,NJE8PQ,Portugal,1790931236.0,1790931236,4.8376,47.5649,7345.68,False,202.25,318.4,-10.08,,7719.06,1000,False,0
6736,400a5b,BAW903,United Kingdom,1790931237.0,1790931237,8.5342,49.8874,1539.24,False,123.04,177.84,17.56,,1752.6,4135,False,0
6737,4b19ef,SWR91Z,Switzerland,1790931237.0,1790931237,15.4307,47.7989,9753.6,False,233.32,284.04,0.0,,10187.94,1000,False,0
6738,4071d9,EZY17NC,United Kingdom,1790931236.0,1790931236,6.2608,46.3817,2400.3,False,146.91,350.93,13.98,,2651.76,,False,0
6739,70e083,NIA6531,Cambodia,1790931221.0,1790931236,9.9444,39.0105,10363.2,False,222.82,286.64,0.0,,10850.88,5512,False,0
6740,493286,NJE354T,Portugal,1790931237.0,1790931237,6.1129,46.2408,670.56,False,76.76,45.27,22.76,,845.82,,False,0
6741,4071d0,HKS77,United Kingdom,1790931059.0,1790931095,-0.344,53.5843,-76.2,False,1.15,243.43,0.0,,99.06,7427,False,0
6742,348509,VLG96CC,Spain,1790931236.0,1790931237,3.2668,49.7428,10675.62,False,206.73,202.23,0.0,,11056.62,1000,False,0
6743,348506,GES671Q,Spain,1790931236.0,1790931236,-5.8479,42.6465,9753.6,False,204.66,172.05,0.65,,10180.32,,False,0
6744,4b19f4,SWR4HZ,Switzerland,1790931236.0,1790931236,10.2238,47.743,7612.38,False,156.99,268.12,-5.85,,8016.24,4761,False,0
6745,4b19f5,CFG6RM,Switzerland,1790931237.0,1790931237,8.7398,45.8754,4533.9,False,176.3,159.5,-7.48,,4838.7,1000,False,0
6746,ab8748,AAL50,United States,1790931236.0,1790931236,-7.2918,52.2314,11879.58,False,262.87,102.43,-0.33,,12077.7,5162,False,0
6747,4d2180,LWG17D,Malta,1790931237.0,1790931237,12.6758,42.9121,9448.8,False,244.15,136.28,0.33,,9890.76,1000,False,0
6748,70e071,AIZ410,Cambodia,1790931237.0,1790931237,33.9667,36.6734,9456.42,False,213.94,220.12,0.0,,9730.74,,False,0
6749,4d2186,WMT7237,Malta,1790931237.0,1790931237,0.1626,43.0102,10363.2,False,239.19,50.94,0.0,,10835.64,1000,False,0
6750,4b19e6,SWR339H,Switzerland,1790931237.0,1790931237,6.8215,48.7775,7002.78,False,201.76,158.14,2.6,,7360.92,1000,False,0
6751,850e58,JAL2016,Japan,1790931237.0,1790931237,141.5899,42.5974,4152.9,False,177.5,214.01,18.86,,4130.04,,False,0
6752,4c5c1b,SRB502,Serbia,1790931098.0,1790931218,20.2445,44.9344,,True,0.0,222.19,,,,,False,0
6753,a42466,UPS1014,United States,1790931237.0,1790931237,-81.0143,38.9979,10066.02,False,278.07,74.55,0.0,,10645.14,,False,0
6754,300564,DLH6TT,Italy,1790931237.0,1790931237,11.9218,48.2666,2286.0,False,154.3,83.49,-10.08,,2545.08,1000,False,0
6755,4b19fc,SWR1MY,Switzerland,1790931236.0,1790931236,4.1476,48.4617,10668.0,False,240.92,117.6,0.33,,11056.62,2150,False,0
6756,4b19ff,SWR431,Switzerland,1790931237.0,1790931237,-0.2329,50.9403,3459.48,False,156.11,140.75,11.05,,3688.08,6377,False,0
6757,a7d2bc,DAL910,United States,1790931237.0,1790931237,-94.1741,31.0003,10668.0,False,247.45,112.62,-0.33,,11353.8,7656,True,0
6758,ab6116,N832PJ,United States,1790931237.0,1790931237,140.2274,36.1318,3703.32,False,153.68,189.05,-5.53,,3870.96,3734,False,0
6759,46d276,SEH3AM,Greece,1790931092.0,1790931092,25.3747,37.3751,518.16,False,60.44,348.21,-2.93,,640.08,1412,False,0
6760,710054,SVA809,Saudi Arabia,1790931237.0,1790931237,85.4426,22.9706,9753.6,False,257.23,270.34,1.3,,10386.06,4714,False,0
6761,a30460,ASA1371,United States,1790931236.0,1790931237,-96.6931,38.3395,10058.4,False,254.53,129.09,0.0,,10523.22,,False,0
6762,a55723,NEW443,United States,1790931198.0,1790931198,-71.2933,42.4614,,True,0.06,303.75,,,,3004,False,0
6763,0d0da8,VOI1861,Mexico,1790931236.0,1790931236,-112.9457,30.5624,11277.6,False,259.01,134.68,0.0,,11955.78,,False,0
6764,ac8111,ASI81,United States,1790931236.0,1790931236,-110.9705,32.7514,3208.02,False,64.0,306.5,0.0,,3345.18,,False,0
6765,71002a,SVA852,Saudi Arabia,1790931219.0,1790931234,53.8222,22.659,11277.6,False,263.88,97.96,0.0,,11963.4,4516,False,0
6766,a7d2f1,FFT2146,United States,1790931237.0,1790931237,-112.239,36.6557,9121.14,False,247.1,66.96,4.55,,9654.54,,False,0
6767,a3adaa,CSJ336,United States,1790931217.0,1790931220,-74.0434,45.679,,True,0.0,101.25,,,,,False,0
6768,151ec4,SBI5863,Russian Federation,1790930934.0,1790930982,37.671,40.1241,10972.8,False,204.07,240.72,0.0,,11224.26,5230,False,0
6769,758081,GAP2533,Philippines,1790931229.0,1790931229,122.678,12.714,9822.18,False,234.09,143.76,3.9,,10523.22,,False,0
6770,ac3e5d,SWA4327,United States,1790931236.0,1790931236,-112.1126,38.9634,11582.4,False,221.39,261.85,0.0,,12169.14,2251,False,0
6771,7c7a71,YGZ,Australia,1790931236.0,1790931237,115.8094,-32.1173,373.38,False,44.88,205.1,0.0,,419.1,3000,False,0
6772,71be27,KAL081,Republic of Korea,1790931230.0,1790931230,-135.9174,60.1402,11269.98,False,271.63,90.33,0.33,,11018.52,,False,0
6773,71be20,AIH285,Republic of Korea,1790931236.0,1790931236,-122.3882,37.6357,,True,0.77,140.62,,,,,False,0
6774,71be22,KAL082,Republic of Korea,1790931237.0,1790931237,126.8124,37.1323,1798.32,False,116.94,266.97,-4.88,,1920.24,6151,False,0
6775,7c7a4a,VOZ858,Australia,1790931236.0,1790931236,144.8407,-37.6722,,True,8.75,115.31,,,,1463,False,0
6776,7c7a4b,VOZ867,Australia,1790931236.0,1790931236,149.662,-34.6213,8793.48,False,190.08,62.26,-9.43,,9151.62,4315,False,0
6777,4cac54,RYR122L,Ireland,1790931113.0,1790931199,-8.8091,53.9131,,True,2.31,168.75,,,,,False,0
6778,7c7a4c,VOZ742,Australia,1790931237.0,1790931237,147.814,-33.5881,11582.4,False,202.95,218.21,-0.33,,11955.78,1022,False,0
6779,4cac55,RYR80KP,Ireland,1790931237.0,1790931237,-9.0058,51.8545,10576.56,False,216.58,179.86,2.28,,10759.44,3613,False,0
6780,7c7a4d,VOZ496,Australia,1790931237.0,1790931237,151.4711,-31.0947,8534.4,False,222.71,206.33,0.0,,8961.12,1057,False,0
6781,4cac56,RYR75VP,Ireland,1790931237.0,1790931237,24.3922,54.4174,4541.52,False,189.87,252.5,12.35,,4846.32,6162,False,0
6782,4cac53,RYR32UZ,Ireland,1790931231.0,1790931232,23.0816,44.0914,10668.0,False,230.35,165.25,0.0,,10965.18,5631,False,0
6783,71be16,AIH587,Republic of Korea,1790931237.0,1790931237,137.9294,37.5415,10058.4,False,319.83,65.78,0.0,,10454.64,4311,False,0
6784,401d0f,GENTW,United Kingdom,1790931171.0,1790931174,-0.3165,51.6569,-22.86,False,35.11,259.02,-2.6,,167.64,7000,False,0
6785,850dae,JAL923,Japan,1790931237.0,1790931237,139.34,35.2112,6583.68,False,187.2,254.7,10.73,,6934.2,2017,False,0
6786,4cac24,RYR8RV,Ireland,1790931236.0,1790931236,-6.3259,53.4975,7284.72,False,221.1,3.47,-10.73,,7490.46,7462,False,0
6787,7c7a3d,VOZ872,Australia,1790931237.0,1790931237,145.9452,-37.2897,6065.52,False,177.21,236.73,-8.13,,6233.16,3262,False,0
6788,7c7a58,YGA,Australia,1790931237.0,1790931237,150.8398,-31.0723,419.1,False,41.16,323.13,3.25,,541.02,,False,0
6789,4cac20,RYR38NG,Ireland,1790931237.0,1790931237,-1.2536,39.0758,9075.42,False,230.21,331.43,5.2,,9525.0,4564,False,0
6790,3483da,ANE84QQ,Spain,1790931237.0,1790931237,-2.8001,41.0698,6263.64,False,196.16,79.57,9.43,,6621.78,1000,False,0
6791,7c7a47,VOZ454,Australia,1790931036.0,1790931036,153.1203,-27.3876,,True,3.86,267.19,,,,4762,False,0
6792,7c7a48,VOZ1642,Australia,1790931237.0,1790931237,148.4552,-38.3748,11582.4,False,231.65,11.01,0.0,,11811.0,1463,False,0
6793,7c7a49,VOZ875,Australia,1790931236.0,1790931236,145.2981,-37.2101,7452.36,False,205.41,59.77,12.03,,7597.14,3604,False,0
6794,469596,SEH3JT,Greece,1790930826.0,1790931106,25.21,36.6654,2971.8,False,116.97,131.61,-7.8,,3055.62,1441,False,0
6795,71be39,,Republic of Korea,1790930924.0,1790930928,-97.06,32.8971,,True,0.9,0.0,,,,,False,0
6796,4cac1e,RYR86FK,Ireland,1790931237.0,1790931237,0.9818,49.4963,10668.0,False,234.5,143.83,0.0,,11010.9,2255,False,0
6797,7c7a45,VOZ746,Australia,1790931237.0,1790931237,153.0143,-28.6563,5440.68,False,200.95,233.75,4.55,,5768.34,,False,0
6798,885b4e,TVJ567,Thailand,1790931237.0,1790931237,119.9463,23.9979,9784.08,False,246.09,215.38,7.15,,10477.5,,False,0
6799,4d20cf,VJT453,Malta,1790931232.0,1790931237,8.5742,47.4576,,True,0.0,267.19,,,,1000,False,0
6800,aa542f,AVA201,United States,1790931236.0,1790931236,-74.2176,4.7473,2788.92,False,82.31,126.87,-4.23,,2948.94,,False,0
6801,4cac7a,SAS1707,Ireland,1790931236.0,1790931236,19.9549,58.8477,11582.4,False,212.49,229.91,0.0,,11940.54,2535,False,0
6802,4cac87,RYR5164,Ireland,1790931236.0,1790931237,-6.4297,53.4382,1935.48,False,114.45,157.82,4.55,,2065.02,1250,False,0
6803,4071aa,HM67,United Kingdom,1790931221.0,1790931226,-2.9949,51.6505,0.0,False,3.09,270.0,-1.95,,182.88,,False,0
6804,4cac88,RYR44SB,Ireland,1790931237.0,1790931237,17.1932,50.5557,10492.74,False,230.58,283.94,5.53,,10896.6,6160,False,0
6805,4cac89,RYR3ZE,Ireland,1790931237.0,1790931237,4.2828,46.9957,11277.6,False,237.57,134.03,0.0,,11704.32,0556,False,0
6806,a10c31,FDX1707,United States,1790931237.0,1790931237,-85.2231,35.0896,10675.62,False,239.02,168.33,0.0,,11346.18,6702,False,0
6807,3483d9,ANE2019,Spain,1790931237.0,1790931237,-5.6162,37.4189,1173.48,False,99.72,275.33,-6.18,,1333.5,5136,False,0
6808,a0ec20,FDX1771,United States,1790931236.0,1790931236,-85.7133,37.897,10668.0,False,240.68,166.02,0.0,,11300.46,6772,False,0
6809,a053be,,United States,1790931214.0,1790931214,-106.2907,32.046,1348.74,False,57.03,13.03,-0.98,,1417.32,,False,0
6810,885b55,,Thailand,1790931183.0,1790931183,-122.3063,47.531,,True,0.0,42.19,,,,,False,0
6811,885b52,TVJ133,Thailand,1790931237.0,1790931237,100.2327,18.5999,8359.14,False,229.56,178.2,6.83,,8740.14,,False,0
6812,885b51,TVJ969,Thailand,1790931234.0,1790931234,100.8568,13.9818,1402.08,False,121.51,232.74,-1.3,,1447.8,,False,0
6813,8682fc,JAL9,Japan,1790931237.0,1790931237,141.0891,35.9465,7155.18,False,197.55,270.3,-11.7,,7536.18,3767,False,0
6814,4d20cc,AXY351T,Malta,1790931237.0,1790931237,16.1276,44.8885,10058.4,False,244.57,139.78,0.33,,10469.88,3144,False,0
6815,86d2cc,ANA88,Japan,1790931236.0,1790931236,138.5321,33.9474,7970.52,False,261.98,55.56,-8.13,,8473.44,2040,False,0
6816,a55792,UPS1038,United States,1790931237.0,1790931237,-80.838,43.6026,10058.4,False,275.51,76.61,0.0,,10431.78,6221,False,0
6817,4cac8a,SAS540,Ireland,1790931237.0,1790931237,-0.8701,55.192,11894.82,False,242.29,30.21,0.0,,12062.46,4743,False,0
6818,396147,FGYKH,France,1790931234.0,1790931236,0.7756,44.031,1310.64,False,62.25,359.53,-0.33,,1493.52,7000,False,0
6819,885b48,TVJ306,Thailand,1790931237.0,1790931237,99.6891,11.6565,10363.2,False,231.21,196.02,0.0,,10142.22,,False,0
6820,885b45,TVJ335,Thailand,1790931237.0,1790931237,100.4495,12.4173,9235.44,False,225.46,1.96,-11.05,,9883.14,,False,0
6821,885b46,TVJ107,Thailand,1790931236.0,1790931236,98.9665,18.7694,,True,0.0,180.0,,,,,False,0
6822,885b42,TVJ851,Thailand,1790931043.0,1790931050,100.7642,13.704,114.3,False,75.36,194.23,-3.25,,68.58,,False,0
6823,4cac7f,RYR6WX,Ireland,1790931236.0,1790931237,10.5913,58.1358,11582.4,False,219.7,245.96,0.0,,11871.96,6204,False,0
6824,a6b439,CSI531,United States,1790931237.0,1790931237,-105.0607,37.6156,6705.6,False,135.21,209.39,0.0,,7063.74,,False,0
6825,71be10,KAL8262,Republic of Korea,1790931049.0,1790931049,126.4742,37.4695,,True,0.45,143.44,,,,6152,False,0
6826,39c420,AFR181,France,1790931070.0,1790931070,68.835,31.7846,10972.8,False,242.79,310.1,0.33,,11559.54,,False,0
6827,a199f4,N202FF,United States,1790931237.0,1790931237,-94.3799,45.6524,4099.56,False,169.26,127.22,-6.5,,4137.66,,False,0
6828,a449a1,UAL2129,United States,1790931237.0,1790931237,-80.4991,39.6256,10668.0,False,256.97,97.71,0.0,,11262.36,1322,False,0
6829,400a0e,BAW48G,United Kingdom,1790931237.0,1790931237,1.5607,51.1104,7787.64,False,234.49,100.62,7.15,,8084.82,3444,False,0
6830,71be05,KAL8552,Republic of Korea,1790931237.0,1790931237,134.3446,35.9728,10972.8,False,202.29,268.11,0.0,,11498.58,3113,False,0
6831,86d2ee,ANA265,Japan,1790931236.0,1790931236,136.9878,35.3805,12192.0,False,209.92,260.98,0.0,,12854.94,3307,False,0
6832,71be09,KAL591,Republic of Korea,1790931122.0,1790931122,-3.5731,40.4877,,True,5.4,270.0,,,,1000,False,0
6833,4d20bd,WMT6JT,Malta,1790931236.0,1790931236,8.7413,45.5637,388.62,False,70.73,349.1,-3.58,,579.12,1000,False,0
6834,4d20bf,WMT7XM,Malta,1790931159.0,1790931175,8.7306,45.6026,624.84,False,69.82,348.52,-3.9,,358.14,0635,False,0
6835,4cac79,SAS362G,Ireland,1790931236.0,1790931236,2.6867,49.0303,1264.92,False,103.18,85.71,9.43,,1478.28,1000,False,0
6836,44b60c,OOMPL,Belgium,1790931236.0,1790931237,4.4887,51.2117,137.16,False,40.7,286.14,-0.33,,350.52,2000,False,0
6837,39846b,FHBDL,France,1790931237.0,1790931237,-0.5958,44.7012,327.66,False,33.85,53.65,-2.28,,502.92,,False,0
6838,408360,AMBER1,United Kingdom,1790931236.0,1790931236,-5.069,50.0487,411.48,False,75.11,276.69,0.33,,601.98,7051,False,0
6839,40834e,GTGMG,United Kingdom,1790931234.0,1790931235,1.4872,52.2927,213.36,False,45.58,253.61,0.0,,403.86,,False,0
6840,04c2e2,ELW104,Kenya,1790931236.0,1790931236,36.6309,-1.319,2598.42,False,77.74,103.39,-3.25,,2766.06,,False,0
6841,a24e39,FDX1476,United States,1790931236.0,1790931237,-93.1976,37.336,10972.8,False,240.57,313.18,0.0,,11551.92,1645,False,0
6842,86e86e,JAL60,Japan,1790931235.0,1790931235,135.2268,34.4351,,True,8.23,329.06,,,,,False,0
6843,408356,EXS85D,United Kingdom,1790931236.0,1790931237,17.9778,39.1855,11277.6,False,242.26,129.57,0.0,,11597.64,7321,False,0
6844,486a96,HHE96B,Kingdom of the Netherlands,1790931236.0,1790931236,18.3561,54.9189,617.22,False,82.03,348.06,0.0,,807.72,,False,0
6845,800d0f,IGO1076,India,1790931237.0,1790931237,77.6555,13.2074,1051.56,False,70.48,90.42,-4.23,,1036.32,0753,False,0
6846,39d461,FHVDB,France,1790931237.0,1790931237,-2.1995,47.1779,586.74,False,58.32,228.58,0.33,,800.1,,False,0
6847,408352,EXS22WA,United Kingdom,1790931236.0,1790931236,5.2994,46.4286,11277.6,False,233.48,128.74,0.0,,11704.32,5205,False,0
6848,407022,EFW39YP,United Kingdom,1790931236.0,1790931236,21.8651,37.7801,7360.92,False,205.9,134.6,-9.75,,7620.0,,False,0
6849,398495,CCM26U,France,1790931237.0,1790931237,6.9691,43.5165,10668.0,False,254.63,131.97,0.0,,11155.68,1000,False,0
6850,40700a,EXS52U,United Kingdom,1790931237.0,1790931237,-5.9259,44.001,10660.38,False,225.55,203.52,0.0,,11049.0,0553,False,0
6851,408347,EXS38W,United Kingdom,1790931236.0,1790931237,1.2714,38.8305,403.86,False,68.81,61.9,-3.9,,556.26,0544,False,0
6852,408346,EXS1739,United Kingdom,1790931237.0,1790931237,19.3603,42.6253,11879.58,False,231.74,134.19,0.0,,12199.62,4744,False,0
6853,348197,OAR2IS,Spain,1790931232.0,1790931234,-3.8645,36.7309,1165.86,False,39.78,95.19,-0.65,,1325.88,,False,0
6854,40832c,TOM624,United Kingdom,1790931237.0,1790931237,-6.881,42.4277,10668.0,False,233.81,210.4,0.0,,11117.58,7713,False,0
6855,40832a,TOM7YA,United Kingdom,1790931237.0,1790931237,2.4759,42.2769,9707.88,False,239.46,147.37,-4.88,,10210.8,5211,False,0
6856,40832b,TOM469,United Kingdom,1790931233.0,1790931235,9.9619,37.7088,8976.36,False,229.33,345.71,4.55,,9448.8,6133,False,0
6857,407002,GCIXM,United Kingdom,1790931236.0,1790931236,-0.4134,51.55,-121.92,False,0.0,0.0,0.0,,91.44,,False,0
6858,40831d,COUGAR91,United Kingdom,1790931237.0,1790931237,-0.5092,55.0435,7284.72,False,214.11,69.17,0.0,,7498.08,3322,False,0
6859,a92365,UAL8255,United States,1790931236.0,1790931236,-107.8895,45.7513,10972.8,False,192.65,276.59,0.0,,11376.66,,False,0
6860,0c20df,CMP409,Panama,1790930948.0,1790930948,-87.9085,13.9908,10668.0,False,237.02,122.86,0.33,,11376.66,3107,False,0
6861,0c20dd,CMP439,Panama,1790931200.0,1790931203,-76.5903,3.6618,10972.8,False,231.12,330.24,0.0,,11734.8,,False,0
6862,3aabee,FMY8954,France,1790931217.0,1790931220,4.7972,44.6163,510.54,False,46.2,307.76,-1.3,,708.66,7030,False,0
6863,3aabed,FMMCC,France,1790930979.0,1790930982,1.3785,44.0492,510.54,False,56.96,249.93,-23.73,,784.86,7070,False,0
6864,a35b39,AAL3224,United States,1790931237.0,1790931237,-93.5887,29.8564,11277.6,False,238.65,102.45,0.0,,12001.5,0733,False,0
6865,86e82a,JAL82,Japan,1790931236.0,1790931236,131.7056,33.29,11879.58,False,288.6,71.18,-0.33,,12588.24,4433,False,0
6866,40838a,EZY94MC,United Kingdom,1790931236.0,1790931237,13.4437,45.1996,11277.6,False,240.23,129.18,0.0,,11727.18,3473,False,0
6867,a0c5ef,UPS556,United States,1790931237.0,1790931237,-92.6537,44.5434,2506.98,False,133.87,315.62,-8.13,,2567.94,,False,0
6868,40838b,BAW891,United Kingdom,1790931233.0,1790931236,-0.4847,51.4675,,True,2.31,357.19,,,,0626,False,0
6869,04c2a6,KQA2340,Kenya,1790931236.0,1790931236,55.8939,23.1916,9753.6,False,234.78,352.07,0.0,,10340.34,,False,0
6870,3aabff,FMY8043,France,1790931237.0,1790931237,4.6367,45.2917,7315.2,False,144.72,334.07,0.65,,7719.06,1000,False,0
6871,0c20cf,CMP396,Panama,1790931138.0,1790931150,-71.1192,-33.1315,5524.5,False,183.37,340.5,11.05,,5699.76,,False,0
6872,0c20e0,CMP744,Panama,1790930942.0,1790930965,-49.1929,-20.261,9753.6,False,221.77,325.2,0.0,,10309.86,,False,0
6873,40837b,EXS53J,United Kingdom,1790931237.0,1790931237,25.7877,39.3932,10668.0,False,223.49,129.96,0.0,,10850.88,7305,False,0
6874,40837c,EXS73J,United Kingdom,1790931236.0,1790931236,0.1407,49.759,9631.68,False,227.0,164.89,4.55,,9959.34,7702,False,0
6875,a8164d,FALCO,United States,1790931236.0,1790931236,5.0684,51.0025,3962.4,False,53.68,251.57,1.95,,4229.1,5114,False,0
6876,86d538,SJO408,Japan,1790931236.0,1790931236,141.7287,42.755,2065.02,False,122.44,180.0,11.38,,2049.78,,False,0
6877,800d36,IGO311E,India,1790931236.0,1790931237,76.9965,29.1573,4678.68,False,181.16,204.67,-3.58,,4922.52,,False,0
6878,86e866,ANA819,Japan,1790931236.0,1790931237,140.4506,35.9123,3291.84,False,161.79,110.28,14.96,,3436.62,6032,False,0
6879,0c20be,P836,Panama,1790931236.0,1790931236,-72.7433,-3.4617,10363.2,False,218.43,331.74,0.0,,11064.24,,False,0
6880,408383,EXS52GH,United Kingdom,1790931237.0,1790931237,-3.7638,46.3629,11277.6,False,219.34,184.57,-0.33,,11666.22,0552,False,0
6881,408384,EXS27B,United Kingdom,1790931236.0,1790931236,21.1478,39.4963,11262.36,False,240.78,143.86,0.33,,11506.2,3450,False,0
6882,408388,EZY34QL,United Kingdom,1790931237.0,1790931237,11.4988,48.5592,10683.24,False,235.62,117.57,-0.33,,11109.96,4712,False,0
6883,a97cb5,GTI3596,United States,1790931237.0,1790931237,-97.7594,47.3665,10058.4,False,286.3,134.34,0.0,,10241.28,7255,False,0
6884,40836b,EZY83PE,United Kingdom,1790931236.0,1790931236,13.7089,38.1388,9311.64,False,243.65,147.85,-4.88,,9738.36,2714,False,0
6885,a182ae,FDX1545,United States,1790931237.0,1790931237,-94.5346,35.9135,10370.82,False,233.77,281.68,0.0,,10965.18,5675,False,0
6886,40836e,GVZVZ,United Kingdom,1790931129.0,1790931131,-0.6141,52.0304,-53.34,False,7.37,294.78,-1.3,,137.16,0013,False,0
6887,75808c,GAP2987,Philippines,1790931237.0,1790931237,122.3629,13.4163,9220.2,False,228.63,129.89,3.9,,9898.38,,False,0
6888,40836c,EZY63VX,United Kingdom,1790931236.0,1790931236,16.315,41.6423,7094.22,False,199.1,323.72,11.05,,7452.36,,False,0
6889,abf9d5,SWA3831,United States,1790931237.0,1790931237,-122.2421,40.1326,11582.4,False,240.75,354.73,0.0,,12131.04,3302,False,0
6890,40836d,EZY96WL,United Kingdom,1790930978.0,1790930979,17.8969,41.3439,10363.2,False,218.48,320.35,0.0,,10706.1,,False,0
6891,800d41,AIC2332,India,1790931237.0,1790931237,96.327,16.0352,11285.22,False,232.63,117.53,-0.33,,11993.88,0560,False,0
6892,459903,FHV21,Denmark,1790931236.0,1790931236,10.8388,56.4451,1234.44,False,52.16,104.86,-0.98,,1409.7,0461,False,0
6893,0c20b4,CMP807,Panama,1790931236.0,1790931236,-78.021,25.5336,10668.0,False,233.62,212.5,0.0,,11346.18,2705,False,0
6894,ab1c47,DAL417,United States,1790931236.0,1790931237,-89.414,32.5917,10668.0,False,247.6,92.02,0.0,,11338.56,6761,False,0
6895,ac3c0e,FDX5184,United States,1790931068.0,1790931068,5.4693,50.6533,76.2,False,75.3,225.28,-3.58,,297.18,2007,False,0
6896,0c20b9,,Panama,1790930968.0,1790930968,-74.1249,4.6886,,False,1.15,153.43,0.0,,762.0,,False,0
6897,40835d,GHITH,United Kingdom,1790931237.0,1790931237,0.0747,51.707,205.74,False,73.06,83.13,0.0,,411.48,7000,False,0
6898,486a39,PHGJW,Kingdom of the Netherlands,1790931237.0,1790931237,6.8835,52.2147,1524.0,False,58.97,293.66,0.0,,1714.5,7000,False,0
6899,451d8c,ASL11J,Bulgaria,1790931044.0,1790931052,20.2902,44.8221,,True,0.0,210.94,,,,5143,False,0
6900,4691c4,AEE785,Greece,1790931236.0,1790931236,20.8035,40.6016,11277.6,False,239.4,136.04,0.0,,11559.54,,False,0
6901,4691c2,AEE5C,Greece,1790931237.0,1790931237,24.7686,37.1835,5090.16,False,195.05,146.73,-4.88,,5288.28,1432,False,0
6902,710110,SVA020,Saudi Arabia,1790931094.0,1790931114,24.5674,33.8912,10668.0,False,269.96,138.17,0.0,,10919.46,,False,0
6903,4caaa8,ITY1195,Ireland,1790931237.0,1790931237,15.3408,38.4681,2430.78,False,139.18,140.25,-18.21,,2659.38,1000,False,0
6904,a23b89,N243EA,United States,1790931237.0,1790931237,-112.8006,33.3214,1539.24,False,31.7,103.13,0.0,,1600.2,,False,0
6905,3a27ff,SECUC,France,1790931154.0,1790931154,1.378,43.6147,,True,3.6,323.44,,,,,False,0
6906,0c218a,CMP362,Panama,1790931235.0,1790931236,-93.6591,18.1462,10058.4,False,246.41,133.05,0.0,,10652.76,,False,0
6907,451d86,ASL72T,Bulgaria,1790931237.0,1790931237,18.8724,46.0128,8534.4,False,235.31,142.73,-12.68,,8900.16,7626,False,0
6908,a445ef,UAL2282,United States,1790931237.0,1790931237,-80.1278,39.4807,10149.84,False,271.9,97.5,-4.88,,10744.2,2071,False,0
6909,451d85,ASL16G,Bulgaria,1790931236.0,1790931237,16.0341,45.0133,10668.0,False,231.74,99.71,0.33,,11102.34,0420,False,0
6910,ac3aa8,SWA3895,United States,1790931237.0,1790931237,-105.3002,39.6617,10668.0,False,249.41,86.69,0.0,,11216.64,3250,False,0
6911,aaa125,UAL932,United States,1790931236.0,1790931236,5.4267,51.772,10668.0,False,265.67,114.48,0.0,,10980.42,2024,False,0
6912,800d6a,IGO7143,India,1790931237.0,1790931237,79.706,12.257,2354.58,False,98.57,323.49,3.9,,2476.5,,False,0
6913,010147,MSR737,Egypt,1790931236.0,1790931237,31.1658,32.395,11582.4,False,237.94,346.11,0.0,,11948.16,,False,0
6914,4d2100,WMT30CT,Malta,1790930991.0,1790930997,12.3202,45.4805,-22.86,False,62.64,42.34,-3.9,,182.88,1000,False,0
6915,408329,TOM906P,United Kingdom,1790931237.0,1790931237,-3.0046,52.8783,7924.8,False,242.84,20.2,0.0,,8176.26,6462,False,0
6916,4d214b,HST2382,Malta,1790930397.0,1790931237,22.3268,50.1194,10363.2,False,552.66,353.8,0.0,,10759.44,5322,False,0
6917,4d2152,FJO71P,Malta,1790931236.0,1790931236,4.8548,42.2434,8061.96,False,227.9,15.45,-9.43,,8519.16,1000,False,0
6918,86d594,ANA628,Japan,1790931237.0,1790931237,139.9229,35.3427,1303.02,False,100.95,330.04,-7.15,,1394.46,1716,False,0
6919,408314,TOM1KL,United Kingdom,1790931237.0,1790931237,-12.9424,34.2891,11887.2,False,225.45,214.31,0.0,,12458.7,5407,False,0
6920,abc12a,,United States,1790931004.0,1790931014,-116.1539,41.812,11582.4,False,230.53,333.49,-0.33,,12115.8,,False,0
6921,4d214f,AJD214K,Malta,1790931237.0,1790931237,1.1192,51.2607,2788.92,False,143.82,287.92,-4.55,,2994.66,5606,False,0
6922,a18403,AAL3192,United States,1790931140.0,1790931214,-87.8986,41.9746,,True,0.0,30.94,,,,,False,0
6923,44b4a4,BNJ0802,Belgium,1790931237.0,1790931237,2.371,48.5499,12496.8,False,219.79,198.99,0.33,,12839.7,6704,False,0
6924,403fe0,GKIMY,United Kingdom,1790931237.0,1790931237,-2.2639,50.9218,335.28,False,42.2,224.01,0.0,,533.4,,False,0
6925,402cb4,GGZDO,United Kingdom,1790931237.0,1790931237,-0.3363,51.7088,518.16,False,62.04,74.12,1.3,,685.8,7000,False,0
6926,3c54a1,EWG6NT,Germany,1790931237.0,1790931237,24.9013,36.8578,7520.94,False,201.27,150.95,-10.08,,7734.3,7605,False,0
6927,009132,LNK922M,South Africa,1790931237.0,1790931237,28.3041,-25.9834,2301.24,False,111.58,195.51,-2.28,,2491.74,,False,0
6928,009131,LNK651R,South Africa,1790931237.0,1790931237,19.0828,-33.7336,4602.48,False,178.53,55.21,11.05,,4823.46,,False,0
6929,009130,LNK492G,South Africa,1790930926.0,1790930931,27.5864,-23.14,10363.2,False,242.23,339.49,0.0,,10919.46,,False,0
6930,391c30,FGHBQ,France,1790931237.0,1790931237,2.0815,48.7256,213.36,False,44.41,251.77,-0.33,,411.48,7000,False,0
6931,4d2132,VJT968,Malta,1790931235.0,1790931235,9.9864,53.6265,,True,0.0,61.88,,,,2764,False,0
6932,a6e8ae,VOS4313,United States,1790931236.0,1790931236,-85.7456,28.4632,10972.8,False,214.37,226.85,0.33,,11666.22,,False,0
6933,4d2145,WMT6135,Malta,1790931237.0,1790931237,6.5066,43.244,10660.38,False,245.69,99.52,0.0,,11140.44,3374,False,0
6934,4d2146,WMT3132,Malta,1790931233.0,1790931236,25.9176,44.5525,556.26,False,69.26,84.46,-3.58,,769.62,0403,False,0
6935,3c54a5,EWG2V,Germany,1790931236.0,1790931236,3.4662,40.5848,9662.16,False,234.06,201.26,-5.53,,10180.32,1044,False,0
6936,3c54a4,EWG4L,Germany,1790931237.0,1790931237,6.3313,44.4087,10965.18,False,230.85,17.91,0.33,,11437.62,1044,False,0
6937,3c54a2,EWG81C,Germany,1790931236.0,1790931236,-4.402,45.5699,10980.42,False,237.58,48.34,0.0,,11391.9,1000,False,0
6938,4d212d,VJT938,Malta,1790931237.0,1790931237,1.7908,50.5535,12192.0,False,235.4,318.37,-0.33,,12504.42,4066,False,0
6939,010109,MSR747,Egypt,1790931236.0,1790931236,27.9955,34.1394,11590.02,False,228.29,326.49,-0.33,,11841.48,7317,False,0
6940,009125,ZSMJF,South Africa,1790931236.0,1790931236,28.7368,-26.5035,3352.8,False,87.04,118.99,0.0,,3581.4,,False,0
6941,4081bf,BAW786,United Kingdom,1790931237.0,1790931237,10.3704,57.1691,8069.58,False,247.9,55.06,-13.66,,8359.14,7020,False,0
6942,4081bc,BAW71LK,United Kingdom,1790931237.0,1790931237,0.4921,51.0165,4678.68,False,169.05,300.55,-8.45,,4937.76,5266,False,0
6943,39d2aa,AFR186,France,1790931236.0,1790931236,10.8088,47.2951,10668.0,False,259.2,106.13,0.0,,11087.1,0652,False,0
6944,4d206c,WMT4GH,Malta,1790931236.0,1790931236,31.2582,33.931,10980.42,False,217.33,312.79,0.0,,11277.6,4154,False,0
6945,4d2070,AJD13AX,Malta,1790931237.0,1790931237,16.4026,53.9762,14325.6,False,251.12,148.23,0.0,,14622.78,4533,False,0
6946,0c210e,CMP473,Panama,1790931237.0,1790931237,-118.4441,33.9336,373.38,False,106.44,262.22,9.1,,320.04,,False,0
6947,0c210d,CMP759,Panama,1790931236.0,1790931236,-46.5648,-22.7991,4876.8,False,172.38,129.92,0.0,,5113.02,,False,0
6948,3982e6,FHAXG,France,1790931237.0,1790931237,4.6698,43.8976,472.44,False,57.22,183.61,-2.28,,640.08,7000,False,0
6949,4d207b,AEZ2425,Malta,1790931237.0,1790931237,11.9715,41.7902,1866.9,False,96.72,269.7,5.85,,2087.88,,False,0
6950,4d207c,RYR27HU,Malta,1790931237.0,1790931237,9.3913,45.3153,11490.96,False,222.79,337.46,-5.2,,11940.54,1247,False,0
6951,4d207d,RYR9YD,Malta,1790931236.0,1790931236,9.7855,45.6145,10972.8,False,237.13,39.63,0.0,,11422.38,1000,False,0
6952,4081aa,EXS25XA,United Kingdom,1790931186.0,1790931186,-12.7465,30.2534,9281.16,False,236.72,204.11,-10.73,,9966.96,,False,0
6953,30023e,CAN08,Italy,1790931237.0,1790931237,13.1455,41.3518,259.08,False,87.34,336.76,3.25,,449.58,,False,0
6954,4d2086,EWG2YV,Malta,1790931236.0,1790931236,20.8967,41.2466,11590.02,False,210.62,327.16,0.0,,11871.96,2051,False,0
6955,4d2087,EWG6SW,Malta,1790931237.0,1790931237,1.3369,47.414,11582.4,False,237.53,20.67,0.33,,11978.64,1000,False,0
6956,4b9084,BKI601,Turkey,1790931236.0,1790931236,1.2344,36.3691,12496.8,False,250.95,86.71,0.33,,13022.58,5354,False,0
6957,4d2085,EWG9737,Malta,1790931236.0,1790931236,8.5593,51.9691,7155.18,False,182.42,258.12,-5.2,,7505.7,1000,False,0
6958,4d204b,WMT6753,Malta,1790931236.0,1790931236,-2.8011,42.0516,10980.42,False,235.89,87.25,0.33,,11445.24,1000,False,0
6959,4d204a,WZZ6DX,Malta,1790931236.0,1790931236,20.6627,52.1608,1036.32,False,134.41,19.68,-5.2,,1257.3,1000,False,0
6960,4081a9,EXS14CV,United Kingdom,1790930979.0,1790931024,-13.2484,33.8749,11277.6,False,228.89,214.65,0.0,,11879.58,5242,False,0
6961,4d2054,SWU1951,Malta,1790931237.0,1790931237,13.3837,51.9393,4815.84,False,132.72,172.87,8.13,,5120.64,1000,False,0
6962,4d2055,9HMDT,Malta,1790931237.0,1790931237,12.4018,42.6273,1714.5,False,46.91,338.78,0.0,,1927.86,,False,0
6963,4081a1,BAW704,United Kingdom,1790931237.0,1790931237,22.8052,41.3231,11285.22,False,229.88,129.46,0.0,,11529.06,4737,False,0
6964,71018a,SVA257,Saudi Arabia,1790931236.0,1790931236,31.4512,31.0866,11582.4,False,251.61,350.94,0.0,,12024.36,,False,0
6965,4b18ba,EDW41BX,Switzerland,1790931236.0,1790931236,8.4532,47.5427,762.0,False,83.02,137.51,-4.55,,982.98,1000,False,0
6966,4d2067,WZZ4SM,Malta,1790931237.0,1790931237,18.3262,50.3209,6027.42,False,192.52,292.8,9.1,,6377.94,1000,False,0
6967,0c2167,CMP702,Panama,1790931224.0,1790931224,-58.2656,-11.2136,10363.2,False,209.92,314.11,0.0,,11018.52,,False,0
6968,7c4798,JST154,Australia,1790931237.0,1790931237,153.7405,-27.4677,3665.22,False,161.42,274.02,-8.78,,3939.54,,False,0
6969,4081fa,TKF1,United Kingdom,1790931237.0,1790931237,-2.2201,51.8513,998.22,False,77.9,349.73,0.33,,1188.72,,False,0
6970,a35aae,AAL2994,United States,1790931125.0,1790931125,-110.2797,36.61,9753.6,False,240.07,238.76,0.0,,10287.0,3375,False,0
6971,7c7ad5,YJR,Australia,1790931237.0,1790931237,138.6592,-34.7464,1112.52,False,74.67,161.94,-1.95,,1211.58,,False,0
6972,4b18f1,EDW346M,Switzerland,1790931215.0,1790931215,27.4808,36.3019,1958.34,False,143.63,143.01,-4.55,,2095.5,3053,False,0
6973,4b18f2,EDW25BX,Switzerland,1790931237.0,1790931237,8.0354,47.4784,3665.22,False,131.83,7.62,-0.98,,3954.78,1000,False,0
6974,a30121,FDX1574,United States,1790931237.0,1790931237,-86.8413,39.4678,3954.78,False,203.9,42.55,-0.33,,4107.18,1647,False,0
6975,4b18f3,EDW403Y,Switzerland,1790931237.0,1790931237,9.1067,47.6402,3505.2,False,129.36,96.16,-5.53,,3794.76,1000,False,0
6976,7c7acd,YJJ,Australia,1790931237.0,1790931237,138.1615,-34.8694,1409.7,False,92.16,39.11,-1.95,,1508.76,,False,0
6977,0c2160,CMP383,Panama,1790931236.0,1790931236,-121.1696,36.5137,7886.7,False,208.51,133.5,3.9,,8336.28,3355,False,0
6978,a43423,DAL302,United States,1790931237.0,1790931237,-89.3817,35.1479,10668.0,False,250.43,105.98,0.0,,11330.94,0561,False,0
6979,48489b,PHSTU,Kingdom of the Netherlands,1790931237.0,1790931237,5.9307,52.5285,457.2,False,51.88,300.38,0.33,,647.7,7000,False,0
6980,711473,KNE796,Saudi Arabia,1790931237.0,1790931237,30.9001,34.275,11277.6,False,218.24,178.11,0.0,,11567.16,2374,False,0
6981,7c7ab5,VOZ429,Australia,1790931237.0,1790931237,150.5931,-34.0845,3779.52,False,173.01,54.56,-7.8,,4000.5,7226,False,0
6982,7c7ab6,VOZ472,Australia,1790931236.0,1790931237,153.399,-27.3022,2423.16,False,156.95,146.36,9.75,,2636.52,,False,0
6983,4d208f,WZZ2775,Malta,1790931236.0,1790931236,17.4965,48.5672,9281.16,False,208.74,129.3,-7.8,,9692.64,1000,False,0
6984,7c7ab0,VOZ560,Australia,1790931236.0,1790931236,149.2141,-34.7648,10393.68,False,252.32,112.54,-11.38,,10759.44,4003,False,0
6985,7c7ab2,VOZ281,Australia,1790931237.0,1790931237,145.6341,-37.028,8641.08,False,217.56,54.43,7.8,,8801.1,4354,False,0
6986,4d2092,WMT5RP,Malta,1790931236.0,1790931237,12.2579,42.3555,3848.1,False,176.07,250.19,-23.41,,4145.28,1000,False,0
6987,3c41e9,FM7,Germany,1790931138.0,1790931138,9.9932,53.6264,,True,14.4,78.75,,,,,False,0
6988,3982fc,FJLTA,France,1790931236.0,1790931237,5.0469,43.811,434.34,False,41.88,142.99,,,,7053,False,0
6989,a24dcd,AER31,United States,1790931187.0,1790931221,-149.9976,61.1963,,True,0.0,281.25,,,,,False,0
6990,4d2095,RYR7FE,Malta,1790931231.0,1790931236,4.5051,50.9115,,True,0.0,343.12,,,,,False,0
6991,7c7aa6,VOZ965,Australia,1790931236.0,1790931236,153.1604,-29.1568,8839.2,False,193.8,17.14,0.0,,9288.78,1350,False,0
6992,4b18ff,EDW86,Switzerland,1790931237.0,1790931237,7.7492,41.242,9448.8,False,249.17,193.98,0.65,,9928.86,3023,False,0
6993,7c7aa0,VOZ859,Australia,1790931237.0,1790931237,148.158,-35.2484,10668.0,False,190.29,13.28,0.0,,10980.42,7251,False,0
6994,71147c,SVA568,Saudi Arabia,1790931233.0,1790931237,56.1388,24.6191,5356.86,False,152.99,42.0,-6.18,,5707.38,4570,False,0
6995,7c4762,ODW,Australia,1790931236.0,1790931236,136.6934,-33.6341,579.12,False,71.88,246.37,-2.28,,708.66,,False,0
6996,7c7aa1,VOZ862,Australia,1790931237.0,1790931237,145.2823,-37.4467,3124.2,False,157.96,270.93,-9.43,,3246.12,4062,False,0
6997,a72b6b,JBU1238,United States,1790931237.0,1790931237,-71.5102,42.5375,3078.48,False,158.2,101.82,-4.88,,3192.78,3331,False,0
6998,a4caba,DAL223,United States,1790931236.0,1790931237,11.816,43.4189,10363.2,False,238.65,299.44,0.0,,10828.02,7730,False,0
6999,71bf50,JNA271,Republic of Korea,1790931237.0,1790931237,127.4369,36.7667,8229.6,False,260.46,135.32,0.0,,8587.74,4125,False,0
7000,71bf56,AAR360,Republic of Korea,1790931237.0,1790931237,126.9925,36.2861,7490.46,False,220.02,5.1,-5.2,,7825.74,5455,False,0
7001,71bf53,ABL8112,Republic of Korea,1790931236.0,1790931236,128.1135,34.3552,4823.46,False,184.43,48.62,-10.08,,5074.92,5133,False,0
7002,47becb,DOC03,Norway,1790931233.0,1790931236,9.1755,55.7374,-7.62,False,19.04,268.45,-1.63,,182.88,,False,0
7003,c00642,CJT577,Canada,1790931237.0,1790931237,-97.0729,50.0593,1440.18,False,92.92,4.76,-0.98,,1470.66,6474,False,0
7004,71bf40,AAR732,Republic of Korea,1790931237.0,1790931237,121.5838,25.0592,12496.8,False,238.86,67.19,0.0,,13312.14,,False,0
7005,71bf44,ABL8019,Republic of Korea,1790931237.0,1790931237,126.6266,37.5858,1386.84,False,139.72,226.19,4.23,,1478.28,7263,False,0
7006,71bf43,JNA239,Republic of Korea,1790931234.0,1790931237,134.6098,34.0868,2636.52,False,129.61,59.47,-3.9,,2796.54,,False,0
7007,7c7b80,YOI,Australia,1790931237.0,1790931237,115.8987,-32.0875,68.58,False,24.7,234.32,-3.25,,129.54,3000,False,0
7008,800bfb,AIC1RG,India,1790931237.0,1790931237,74.7016,28.7961,11574.78,False,216.82,191.5,0.0,,12230.1,,False,0
7009,a47ad2,UPS492,United States,1790931236.0,1790931236,-87.4844,39.6224,9761.22,False,227.31,305.88,0.0,,10264.14,,False,0
7010,a67452,DAL571,United States,1790931237.0,1790931237,-93.0103,38.6465,10675.62,False,282.56,64.32,0.0,,11209.02,,False,0
7011,c01968,ROU2053,Canada,1790931237.0,1790931237,-65.4831,47.0446,9753.6,False,207.06,261.43,0.0,,10142.22,6725,False,0
7012,71bf71,AAR521,Republic of Korea,1790931236.0,1790931236,43.9934,41.8742,12192.0,False,223.98,284.77,0.0,,12428.22,0131,False,0
7013,a81770,N620NG,United States,1790931108.0,1790931108,-78.7785,35.8799,91.44,False,43.29,225.48,-2.28,,114.3,,False,0
7014,800be6,AIC2376,India,1790931236.0,1790931236,81.7504,25.9568,10675.62,False,240.61,124.81,0.0,,11346.18,,False,0
7015,ad38df,FDX1156,United States,1790931237.0,1790931237,-95.8958,37.5417,11887.2,False,266.9,14.63,0.0,,12473.94,,False,0
7016,7100ad,SVA235,Saudi Arabia,1790930877.0,1790931211,37.1022,34.3728,10363.2,False,208.9,305.88,-0.33,,10728.96,,False,0
7017,380dba,,France,1790931217.0,1790931217,1.348,43.6347,,True,0.0,53.44,,,,,False,0
7018,71bf57,JNA653,Republic of Korea,1790931220.0,1790931220,128.4538,35.4223,2705.1,False,145.25,236.7,0.0,,2842.26,7237,False,0
7019,4cab4f,GJI55H,Ireland,1790931237.0,1790931237,8.5998,47.5066,6096.0,False,185.72,329.17,0.33,,6461.76,1000,False,0
7020,71bf06,KAL2126,Republic of Korea,1790931209.0,1790931209,133.2845,34.6962,9753.6,False,200.83,254.4,0.0,,10294.62,6111,False,0
7021,71bf30,ABL1325,Republic of Korea,1790930943.0,1790931230,131.0365,35.3345,8229.6,False,254.86,83.28,0.0,,8610.6,4346,False,0
7022,71bf34,JNA211,Republic of Korea,1790930970.0,1790930970,140.3919,35.7418,45.72,False,74.47,329.72,-3.9,,114.3,4303,False,0
7023,0100a4,MSR5060,Egypt,1790931236.0,1790931236,21.466,42.0978,12192.0,False,223.83,311.27,0.0,,12466.32,5507,False,0
7024,71bf27,KAL1725,Republic of Korea,1790931223.0,1790931224,126.6898,35.0114,6096.0,False,207.08,184.99,0.0,,6385.56,7254,False,0
7025,71bf25,KAL1165,Republic of Korea,1790931236.0,1790931237,126.7427,35.509,7315.2,False,227.24,185.07,0.0,,7665.72,7234,False,0
7026,a8170d,N620JH,United States,1790931237.0,1790931237,-74.1305,40.8059,1074.42,False,105.99,269.17,12.68,,1097.28,1762,False,0
7027,4b1939,CSW782,Switzerland,1790931206.0,1790931207,20.7748,38.6045,4305.3,False,166.73,130.62,-4.88,,4518.66,3051,False,0
7028,407154,,United Kingdom,1790931197.0,1790931198,-2.3567,57.4389,769.62,False,48.33,168.33,-4.23,,883.92,,False,0
7029,4b191c,SWR65,Switzerland,1790931237.0,1790931237,8.0516,47.4158,4876.8,False,150.48,251.87,0.0,,5196.84,1000,False,0
7030,4b191f,SWR181,Switzerland,1790931236.0,1790931236,81.8608,26.4903,9753.6,False,246.54,301.87,0.0,,10355.58,0715,False,0
7031,7580a0,GAP2046,Philippines,1790931237.0,1790931237,121.2674,14.6457,1524.0,False,102.41,244.72,-1.63,,1661.16,,False,0
7032,4b1920,SWR176,Switzerland,1790931235.0,1790931236,103.5573,1.0361,4632.96,False,146.91,105.64,-4.88,,4930.14,,False,0
7033,a699aa,N524VE,United States,1790931237.0,1790931237,-69.795,39.2062,13716.0,False,240.02,246.24,0.0,,14363.7,,False,0
7034,401add,GBBKB,United Kingdom,1790931236.0,1790931236,-0.835,53.5276,495.3,False,48.24,82.65,1.63,,655.32,7000,False,0
7035,abc29a,DAL110,United States,1790931236.0,1790931237,-81.8625,30.7901,11887.2,False,242.95,333.33,-0.33,,12603.48,6357,False,0
7036,398579,AFR53PG,France,1790931236.0,1790931237,2.2197,50.0456,7551.42,False,225.01,339.24,8.45,,7886.7,0665,False,0
7037,398577,AFR44SA,France,1790931236.0,1790931236,4.8208,49.3479,7010.4,False,225.01,74.76,0.0,,7360.92,1000,False,0
7038,4b1950,SWR9LA,Switzerland,1790931237.0,1790931237,14.7816,43.5836,10675.62,False,242.71,131.56,0.0,,11117.58,3007,False,0
7039,39856b,AFR61VJ,France,1790931237.0,1790931237,6.6667,53.3593,11277.6,False,252.7,36.47,-0.33,,11544.3,1000,False,0
7040,4b193e,CSW8GJ,Switzerland,1790931237.0,1790931237,23.3131,38.9608,10668.0,False,244.14,150.73,2.28,,10866.12,3066,False,0
7041,04c1a0,5YZBJ,Kenya,1790931237.0,1790931237,36.2913,-1.3596,3505.2,False,80.31,87.8,0.0,,3718.56,,False,0
7042,39856d,AFR16TV,France,1790931236.0,1790931237,1.2699,45.2918,11277.6,False,214.7,191.47,-0.33,,11727.18,1000,False,0
7043,4caa61,RYR127K,Ireland,1790931237.0,1790931237,0.8464,47.23,10972.8,False,246.3,28.44,0.0,,11369.04,1000,False,0
7044,39856e,AFR24AP,France,1790931237.0,1790931237,9.5003,47.3975,11277.6,False,240.55,113.44,-0.33,,11689.08,1000,False,0
7045,39856f,KLM1850,France,1790931153.0,1790931153,4.7411,52.3043,,True,9.77,137.81,,,,1000,False,0
7046,4b193a,CSW611,Switzerland,1790931138.0,1790931138,7.5299,47.5998,,True,0.0,154.69,,,,1000,False,0
7047,a076f1,UPS684,United States,1790931237.0,1790931237,-86.8242,38.3617,9151.62,False,225.44,294.11,-0.33,,9685.02,4015,False,0
7048,4caa6d,ITY628,Ireland,1790931237.0,1790931237,8.954,44.1313,10363.2,False,240.56,326.07,0.0,,10843.26,0444,False,0
7049,39d569,VLJ156X,France,1790931237.0,1790931237,1.3705,39.6863,7231.38,False,167.14,353.82,6.18,,7650.48,,False,0
7050,7c47ba,QFA549,Australia,1790931237.0,1790931237,152.0439,-29.8215,9144.0,False,231.63,192.83,0.0,,9616.44,1157,False,0
7051,7c47bb,QFA471,Australia,1790931237.0,1790931237,144.8194,-37.5698,586.74,False,72.24,171.81,-3.9,,655.32,4044,False,0
7052,a339c2,N307EL,United States,1790931237.0,1790931237,16.5928,45.0865,14325.6,False,255.73,278.21,0.33,,14638.02,2343,False,0
7053,4b1942,CSW1PR,Switzerland,1790931235.0,1790931235,8.5572,47.4527,,True,7.46,95.62,,,,1000,False,0
7054,408453,GOYFP,United Kingdom,1790931237.0,1790931237,-1.6747,52.7159,213.36,False,51.19,275.77,-0.98,,373.38,,False,0
7055,7c47bc,QFA652,Australia,1790931237.0,1790931237,116.6193,-32.2338,4846.32,False,193.42,78.18,7.8,,4983.48,3266,False,0
7056,adabfe,JBU134,United States,1790931236.0,1790931236,-83.8915,43.7889,10675.62,False,277.18,94.68,-0.33,,11079.48,,False,0
7057,4caa5f,RYR3XQ,Ireland,1790931236.0,1790931236,-3.8618,47.4506,10668.0,False,215.96,203.14,0.0,,11033.76,5414,False,0
7058,71bf91,AAR601,Republic of Korea,1790931237.0,1790931237,151.0234,-32.0128,10142.22,False,222.78,179.21,-4.88,,10568.94,4320,False,0
7059,ab1d30,DAL136,United States,1790931237.0,1790931237,-0.5166,53.1685,11277.6,False,257.21,108.91,0.0,,11490.96,6346,False,0
7060,86d61c,ANA263,Japan,1790931233.0,1790931237,131.4182,34.2851,7383.78,False,191.86,254.29,-22.11,,7795.26,2315,False,0
7061,7c6a62,RSCU51,Australia,1790931236.0,1790931236,138.5289,-35.047,365.76,False,66.93,50.93,0.33,,464.82,,False,0
7062,40717c,EXS43CE,United Kingdom,1790931237.0,1790931237,-4.7204,36.7925,1112.52,False,93.42,152.45,-4.88,,1280.16,1155,False,0
7063,40717d,EXS79D,United Kingdom,1790931236.0,1790931236,12.2958,42.5337,5387.34,False,164.64,149.59,-9.1,,5722.62,3465,False,0
7064,40717a,EXS1641,United Kingdom,1790931236.0,1790931236,23.3846,39.6589,4282.44,False,167.33,159.67,-8.78,,4472.94,4760,False,0
7065,40717b,EXS22AP,United Kingdom,1790931236.0,1790931237,2.4426,40.6203,5646.42,False,203.89,6.23,13.98,,5981.7,,False,0
7066,40717e,EXS91KB,United Kingdom,1790931236.0,1790931236,-0.1793,51.938,4335.78,False,152.64,239.63,4.55,,4556.76,2245,False,0
7067,40717f,EXS42LY,United Kingdom,1790931236.0,1790931237,-16.3283,34.3588,11277.6,False,242.38,184.02,-0.33,,11864.34,,False,0
7068,86d629,APJ365,Japan,1790931237.0,1790931237,132.4185,34.5146,9761.22,False,197.8,254.77,0.0,,10325.1,2037,False,0
7069,85c970,ANA1729,Japan,1790931236.0,1790931236,127.4555,26.3819,1897.38,False,141.99,232.51,15.93,,2019.3,,False,0
7070,407182,EXS38GS,United Kingdom,1790931237.0,1790931237,-7.8245,39.6029,11277.6,False,221.61,193.42,0.0,,11765.28,0530,False,0
7071,407189,GUKRV,United Kingdom,1790931237.0,1790931237,-4.0807,50.7078,1607.82,False,80.75,63.11,1.95,,1790.7,,False,0
7072,4b194f,SWR8HG,Switzerland,1790931237.0,1790931237,2.5767,50.9903,10728.96,False,250.76,102.44,5.53,,11064.24,2206,False,0
7073,a5417e,GTI8998,United States,1790931237.0,1790931237,-108.7954,50.7565,10058.4,False,284.4,122.74,0.0,,10180.32,,False,0
7074,4b194a,SWR4LM,Switzerland,1790931236.0,1790931236,6.7219,45.1109,9166.86,False,223.29,359.21,-7.15,,9631.68,1000,False,0
7075,ab84ab,DAL32,United States,1790931237.0,1790931237,-12.912,52.7065,10363.2,False,262.27,103.85,0.0,,10447.02,,False,0
7076,4b194c,SWR2EP,Switzerland,1790931237.0,1790931237,5.7436,44.9168,10668.0,False,223.08,197.31,0.0,,11148.06,1000,False,0
7077,4b194d,SWR98P,Switzerland,1790931237.0,1790931237,0.8468,43.5749,10668.0,False,206.72,231.16,0.0,,11155.68,3024,False,0
7078,4b194e,SWR8BC,Switzerland,1790931237.0,1790931237,2.4579,44.669,10675.62,False,207.6,236.11,0.0,,11155.68,1000,False,0
7079,aafd1f,DAL267,United States,1790931236.0,1790931236,-0.5461,49.1424,8915.4,False,221.61,275.19,3.58,,9265.92,5664,False,0
7080,407179,EXS71AS,United Kingdom,1790931236.0,1790931237,22.6516,40.8327,11277.6,False,225.91,134.54,0.0,,11513.82,4734,False,0
7081,407177,EXS4NU,United Kingdom,1790931237.0,1790931237,1.3767,38.8744,,True,21.61,56.25,,,,2163,False,0
7082,407178,EXS2KC,United Kingdom,1790931237.0,1790931237,3.6918,40.875,6819.9,False,181.93,148.65,-5.2,,7223.76,2234,False,0
7083,407176,EXS2MG,United Kingdom,1790931237.0,1790931237,16.1912,44.1959,10264.14,False,243.6,148.56,-7.8,,10721.34,4754,False,0
7084,ad5d21,N960LA,United States,1790931120.0,1790931120,-118.1683,34.0508,,True,2.31,253.12,,,,,False,0
7085,86d646,TZP53,Japan,1790931237.0,1790931237,138.5507,32.9863,12184.38,False,222.31,244.8,0.0,,12931.14,3654,False,0
7086,a6b140,N530JL,United States,1790931236.0,1790931236,-115.1194,36.1544,708.66,False,59.0,132.17,-1.3,,693.42,,False,0
7087,34824d,FBY83A,Spain,1790931236.0,1790931236,-3.7558,42.3783,1455.42,False,47.62,259.42,-0.33,,1638.3,,False,0
7088,498b25,OKBYE,Czech Republic,1790931237.0,1790931237,13.9793,50.307,838.2,False,43.23,268.64,-8.13,,1051.56,,False,0
7089,498b29,OKBYI,Czech Republic,1790931237.0,1790931237,14.4215,50.0465,640.08,False,37.61,183.14,3.9,,845.82,,False,0
7090,4692da,AEE7LD,Greece,1790931235.0,1790931237,2.0247,39.6476,10668.0,False,228.11,272.46,0.0,,11163.3,6632,False,0
7091,a553db,UPS1324,United States,1790931236.0,1790931237,-80.5411,30.6341,10972.8,False,240.67,200.91,0.0,,11620.5,,False,0
7092,4d2007,WMT7474,Malta,1790931237.0,1790931237,3.9246,40.9942,7871.46,False,205.76,103.45,10.08,,8290.56,1000,False,0
7093,4d2003,SEU7368,Malta,1790930910.0,1790931234,21.9479,46.9607,11201.4,False,226.55,344.32,-4.55,,11551.92,6453,False,0
7094,c006d2,CJT583,Canada,1790931237.0,1790931237,-102.1392,50.4416,10972.8,False,199.03,284.83,0.0,,11071.86,6301,False,0
7095,3c66e4,OCN7PL,Germany,1790931110.0,1790931110,20.5102,38.1085,-45.72,False,71.91,326.08,-2.93,,99.06,6410,False,0
7096,a420af,UPS1304,United States,1790931237.0,1790931237,-84.98,34.2142,4030.98,False,174.47,172.2,-2.6,,4251.96,6707,False,0
7097,3c66e1,DLH5MV,Germany,1790931236.0,1790931236,16.5285,47.5063,11277.6,False,234.07,113.58,0.33,,11704.32,1000,False,0
7098,0c205f,CMP264,Panama,1790931231.0,1790931231,-79.1861,-6.0739,10363.2,False,225.97,346.44,0.0,,11056.62,,False,0
7099,451e8e,LZB8041,Bulgaria,1790931237.0,1790931237,6.8645,55.3411,10957.56,False,229.63,309.18,0.33,,11193.78,3120,False,0
7100,0c2065,CMP126,Panama,1790931236.0,1790931237,-76.9432,4.2362,10363.2,False,228.25,330.72,0.0,,11064.24,,False,0
7101,86d5a1,APJ289,Japan,1790931236.0,1790931237,130.6023,33.4329,4015.74,False,185.15,159.0,14.63,,4236.72,,False,0
7102,71156a,KNE897,Saudi Arabia,1790931237.0,1790931237,50.4011,26.2914,3284.22,False,170.9,277.96,-8.45,,3512.82,4773,False,0
7103,0c205b,CMP118,Panama,1790931237.0,1790931237,-78.7335,-8.8666,10972.8,False,232.56,349.16,0.0,,11719.56,,False,0
7104,3ff164,DMBCT,Germany,1790931236.0,1790931236,8.3424,48.9538,190.5,False,30.75,252.47,0.33,,396.24,,False,0
7105,0c204f,RPB7511,Panama,1790931236.0,1790931236,-75.4831,4.3833,7010.4,False,198.88,61.58,0.0,,7475.22,,False,0
7106,3c66e6,OCN1XJ,Germany,1790931237.0,1790931237,32.1096,34.8803,7932.42,False,177.57,280.85,8.13,,8168.64,5656,False,0
7107,4c2655,PNC8J,Serbia,1790931196.0,1790931197,7.2122,43.6613,,True,2.57,135.0,,,,7340,False,0
7108,3c66e9,OCN23F,Germany,1790931236.0,1790931236,5.6853,44.7457,10668.0,False,231.34,197.87,0.0,,11140.44,1000,False,0
7109,0c2064,CMP403,Panama,1790931237.0,1790931237,-79.072,23.9066,10668.0,False,242.35,181.09,0.0,,11384.28,5620,False,0
7110,0c2057,JOS222,Panama,1790931217.0,1790931217,-82.555,10.108,11567.16,False,230.55,279.5,0.0,,12344.4,,False,0
7111,4692d7,AEE535,Greece,1790931231.0,1790931232,19.8758,42.2783,11292.84,False,232.47,135.81,0.0,,11612.88,3031,False,0
7112,4692d6,AEE704,Greece,1790931237.0,1790931237,9.3744,39.1902,11376.66,False,220.19,295.91,-3.58,,11887.2,2057,False,0
7113,86e8ac,ANA647,Japan,1790931236.0,1790931236,139.8004,35.541,,True,11.32,149.06,,,,,False,0
7114,4692d3,AEE545,Greece,1790931237.0,1790931237,22.9942,40.4464,381.0,False,71.62,345.86,-5.53,,548.64,7355,False,0
7115,4692cd,AEE681,Greece,1790931228.0,1790931228,14.948,40.4496,6644.64,False,200.27,109.04,8.45,,6964.68,,False,0
7116,4692cc,AEE924,Greece,1790931236.0,1790931236,27.0457,36.4391,10668.0,False,234.57,124.0,0.0,,10881.36,7436,False,0
7117,3c66eb,DLH4RJ,Germany,1790931237.0,1790931237,8.7599,50.3916,3802.38,False,171.75,24.42,11.38,,4069.08,1000,False,0
7118,4692d9,AEE454,Greece,1790931227.0,1790931227,34.8725,32.0053,,True,0.51,227.81,,,,7427,False,0
7119,7c47b9,QFA648,Australia,1790931237.0,1790931237,151.1421,-33.8155,617.22,False,90.01,167.79,-3.25,,739.14,3654,False,0
7120,a3280d,N302PH,United States,1790931144.0,1790931144,-78.1916,39.196,274.32,False,5.3,209.05,-0.65,,289.56,,False,0
7121,04c1fd,5YZBF,Kenya,1790931237.0,1790931237,36.392,-1.3549,3322.32,False,88.56,87.67,-3.25,,3512.82,,False,0
7122,7c47b8,QFA481,Australia,1790931231.0,1790931231,151.1791,-33.9308,,True,1.29,264.38,,,,,False,0
7123,4d2035,KMM479,Malta,1790931236.0,1790931237,6.8145,45.4883,11277.6,False,245.91,134.66,0.0,,11750.04,7640,False,0
7124,4d2038,KMM613,Malta,1790931236.0,1790931236,12.4126,40.576,8930.64,False,238.85,163.87,7.15,,9372.6,,False,0
7125,acf54f,JBU608,United States,1790931236.0,1790931236,-88.659,32.9427,10660.38,False,243.23,115.43,0.0,,11323.32,1346,False,0
7126,a709dc,N55246,United States,1790931237.0,1790931237,127.77,26.3599,144.78,False,34.32,49.86,4.88,,190.5,,False,0
7127,3c79b9,CFG6EP,Germany,1790931237.0,1790931237,9.2151,48.2427,3345.18,False,179.54,28.4,-2.93,,3619.5,5314,False,0
7128,348208,VLG75WU,Spain,1790931235.0,1790931235,2.0715,41.2913,,True,4.89,205.31,,,,,False,0
7129,348205,VLG346B,Spain,1790931237.0,1790931237,2.5926,47.8553,11277.6,False,225.95,173.07,0.0,,11689.08,1000,False,0
7130,7c47a6,JST032,Australia,1790931236.0,1790931236,144.8011,-37.2696,2095.5,False,123.16,197.75,-6.5,,2186.94,4130,False,0
7131,711504,FAD811,Saudi Arabia,1790931237.0,1790931237,30.9998,32.6558,11567.16,False,243.41,354.54,0.0,,11932.92,5264,False,0
7132,4d2049,WZZ55,Malta,1790931236.0,1790931236,8.0303,50.3083,10668.0,False,240.82,96.62,-0.33,,11071.86,4651,False,0
7133,4d203d,CHZ4995,Malta,1790931237.0,1790931237,52.2004,22.872,10668.0,False,246.63,100.09,0.0,,11269.98,3361,False,0
7134,3c79c1,SDR45DR,Germany,1790931237.0,1790931237,24.5417,38.2033,10668.0,False,231.5,157.25,0.33,,10843.26,7627,False,0
7135,4d202d,SWU1974,Malta,1790931237.0,1790931237,13.9248,42.4953,6705.6,False,173.98,59.04,0.0,,7101.84,,False,0
7136,4d2042,AEZ155Z,Malta,1790931118.0,1790931118,15.3316,37.4988,807.72,False,110.91,265.74,0.0,,990.6,5473,False,0
7137,451e8b,GPX5870,Bulgaria,1790931230.0,1790931236,16.7935,43.7956,10972.8,False,220.72,299.61,0.0,,11369.04,5650,False,0
7138,4d2013,EWG585,Malta,1790931237.0,1790931237,6.182,49.131,9144.0,False,204.96,357.41,0.0,,9555.48,5525,False,0
7139,4b906d,PGT40PJ,Turkey,1790931236.0,1790931236,17.1676,47.9867,11582.4,False,220.89,304.47,0.0,,11993.88,5342,False,0
7140,4b906c,PGT76ND,Turkey,1790931236.0,1790931236,23.1539,43.6896,10965.18,False,233.96,292.22,0.0,,11254.74,5306,False,0
7141,4d200a,AJO987,Malta,1790931237.0,1790931237,2.5662,48.9672,906.78,False,108.48,97.63,5.2,,1127.76,1000,False,0
7142,3c66b1,OCN8Q,Germany,1790931237.0,1790931237,9.7851,54.4778,10668.0,False,245.44,9.9,0.0,,10972.8,3744,False,0
7143,3c66b0,DLH6YW,Germany,1790931236.0,1790931237,12.378,57.8675,944.88,False,103.97,107.27,-0.65,,1112.52,1000,False,0
7144,3c66a1,DLH2J,Germany,1790931236.0,1790931237,2.9462,49.0426,3154.68,False,160.22,84.47,2.93,,3406.14,1000,False,0
7145,3984c1,FHBGB,France,1790931236.0,1790931237,0.379,47.8127,7315.2,False,143.77,356.72,0.98,,7703.82,2320,False,0
7146,3c66a7,DLH7PW,Germany,1790931187.0,1790931190,22.7749,42.9206,3375.66,False,172.44,134.27,-3.58,,3627.12,5644,False,0
7147,3c66a6,DLH8YH,Germany,1790931237.0,1790931237,-2.2789,53.3565,,True,10.29,19.69,,,,0610,False,0
7148,3c66a9,DLH07T,Germany,1790931237.0,1790931237,2.8886,49.2674,3352.8,False,183.81,247.45,-0.33,,3604.26,1000,False,0
7149,711540,KNE393,Saudi Arabia,1790931237.0,1790931237,29.4586,40.8306,11582.4,False,233.15,321.36,0.0,,11811.0,6005,False,0
7150,4d2029,SWU2380,Malta,1790931237.0,1790931237,9.1658,41.66,6705.6,False,151.76,0.39,0.65,,7117.08,,False,0
7151,3c66ab,DLH8PF,Germany,1790931080.0,1790931136,10.0612,41.0136,2811.78,False,140.14,291.76,-7.15,,3078.48,7435,False,0
7152,3c66aa,DLH03C,Germany,1790930972.0,1790930972,11.8235,48.3671,312.42,False,68.85,263.57,-4.23,,548.64,1000,False,0
7153,3c66ae,DLH1CW,Germany,1790931236.0,1790931236,17.9027,48.3191,7124.7,False,205.58,127.27,-10.08,,7543.8,1000,False,0
7154,4d201a,AEZ2384,Malta,1790931193.0,1790931193,11.1353,43.7648,274.32,False,64.72,53.4,-3.58,,678.18,,False,0
7155,0c208e,CMP252,Panama,1790930783.0,1790930926,-72.9716,-3.0514,10972.8,False,225.65,331.1,0.0,,11719.56,,False,0
7156,3c66b5,OCN5JU,Germany,1790931236.0,1790931236,1.3712,38.8758,,True,7.72,241.88,,,,1000,False,0
7157,4d200f,WZZ6152,Malta,1790931236.0,1790931236,21.7668,43.3858,11277.6,False,215.26,92.6,0.0,,11582.4,0424,False,0
7158,3c66b3,OCN4ES,Germany,1790931237.0,1790931237,24.5355,36.6048,7299.96,False,238.87,336.25,6.5,,7505.7,,False,0
7159,3c66b9,OCN1EL,Germany,1790931237.0,1790931237,10.6658,48.6746,9052.56,False,240.18,133.44,5.2,,9486.9,7665,False,0
7160,3c66b8,OCN8FE,Germany,1790931237.0,1790931237,8.4753,50.0135,190.5,False,68.22,69.24,-3.25,,411.48,1000,False,0
7161,4d200c,WMT6BD,Malta,1790931237.0,1790931237,13.6464,46.3535,10668.0,False,242.05,136.98,0.0,,11125.2,0116,False,0
7162,4d200d,WZZ22UT,Malta,1790931237.0,1790931237,16.5714,52.5169,10660.38,False,230.77,92.94,0.0,,11071.86,2013,False,0
7163,3c66b7,OCN1F,Germany,1790931237.0,1790931237,11.3382,47.8627,4617.72,False,171.97,21.04,-4.88,,4953.0,1000,False,0
7164,3c66b6,OCN3RB,Germany,1790931236.0,1790931236,-1.4302,41.3255,11277.6,False,216.39,221.92,0.0,,11765.28,5152,False,0
7165,4d200e,WZZ81,Malta,1790931236.0,1790931236,15.7693,52.3537,10675.62,False,240.37,22.39,0.0,,11094.72,1000,False,0
7166,4d2021,WZZ373,Malta,1790931235.0,1790931235,21.666,42.9349,8488.68,False,202.0,333.04,6.5,,8816.34,,False,0
7167,4d2022,WMT3235,Malta,1790931237.0,1790931237,4.9527,41.8013,10965.18,False,232.87,43.75,-0.33,,11483.34,1000,False,0
7168,4b9068,PGT1854,Turkey,1790931237.0,1790931237,33.5231,35.7154,3688.08,False,161.12,149.91,-4.88,,3848.1,,False,0
7169,4b9067,PGT2RJ,Turkey,1790931237.0,1790931237,27.236,43.045,10972.8,False,235.17,325.34,0.0,,11193.78,5323,False,0
7170,0c2094,CMP315,Panama,1790931236.0,1790931236,-68.8395,12.1005,10363.2,False,239.77,270.98,0.0,,11018.52,,False,0
7171,4598cc,OYFFL,Denmark,1790931236.0,1790931236,11.641,55.4113,1097.28,False,56.39,148.05,0.0,,1280.16,0234,False,0
7172,44b5b4,OOMMT,Belgium,1790931236.0,1790931237,3.7655,49.3537,3779.52,False,174.12,212.33,-5.53,,4030.98,1000,False,0
7173,a36eae,DAL1156,United States,1790931225.0,1790931235,-71.0207,42.3636,,True,0.06,5.62,,,,,False,0
7174,4082cb,TOM1LX,United Kingdom,1790931237.0,1790931237,1.2159,38.9084,2720.34,False,141.16,233.3,-5.2,,2979.42,0504,False,0
7175,75823d,GAP2924,Philippines,1790931236.0,1790931236,121.3584,14.4099,3467.1,False,150.02,266.26,-1.95,,3741.42,,False,0
7176,4a2d24,HYS101,Romania,1790931237.0,1790931237,6.5721,50.6388,11582.4,False,223.21,289.1,-0.33,,11955.78,3116,False,0
7177,4082bb,BOO442,United Kingdom,1790931230.0,1790931230,0.0304,51.3221,,True,0.0,289.69,,,,,False,0
7178,30032a,PROVA23,Italy,1790931236.0,1790931236,8.6651,45.8023,487.68,False,55.41,167.12,0.65,,693.42,0030,False,0
7179,7c351b,RXA3578,Australia,1790931236.0,1790931237,145.6831,-39.996,4267.2,False,135.35,358.48,0.0,,4335.78,,False,0
7180,4082ac,EZY59ZF,United Kingdom,1790931237.0,1790931237,16.0515,44.6563,11277.6,False,246.88,137.53,0.0,,11711.94,4767,False,0
7181,a11bc8,UAL218,United States,1790931237.0,1790931237,-94.1227,42.6059,10668.0,False,275.97,92.35,0.0,,11064.24,,False,0
7182,4082ab,EZY89HE,United Kingdom,1790931237.0,1790931237,-10.0202,38.9502,10668.0,False,229.18,201.32,0.0,,11178.54,2057,False,0
7183,4082b5,GPMMC,United Kingdom,1790931231.0,1790931234,1.1544,53.8814,525.78,False,79.38,352.55,-3.9,,708.66,,False,0
7184,493035,NJE971L,Portugal,1790931234.0,1790931234,7.5154,47.614,,True,15.95,337.5,,,,,False,0
7185,04c31f,,Kenya,1790931237.0,1790931237,37.0131,-1.3809,3162.3,False,115.55,233.69,-7.8,,3368.04,,False,0
7186,0c2047,CMP354,Panama,1790931236.0,1790931236,-64.1041,-30.8869,4610.1,False,176.52,164.1,-8.45,,4808.22,,False,0
7187,abe80e,SWA585,United States,1790931237.0,1790931237,-113.2163,36.7897,10309.86,False,228.43,250.67,-15.28,,10896.6,,False,0
7188,800ce8,AIC6NZ,India,1790931236.0,1790931237,76.0474,27.1333,9814.56,False,214.31,211.55,6.18,,10393.68,,False,0
7189,86e7c4,JAL98,Japan,1790931237.0,1790931237,140.1002,34.961,2865.12,False,121.78,11.45,-5.2,,3017.52,2624,False,0
7190,800ce1,IGO7516,India,1790931052.0,1790931052,76.9732,30.1512,3223.26,False,144.56,0.41,-6.83,,3756.66,,False,0
7191,800ce0,IGO7FP,India,1790931237.0,1790931237,87.9764,22.7738,3482.34,False,97.48,257.5,2.6,,3672.84,1411,False,0
7192,3b33ff,LA2,France,1790931199.0,1790931199,2.3848,48.7225,,True,6.94,247.5,,,,,False,0
7193,401b9a,GBCRL,United Kingdom,1790931237.0,1790931237,-0.2545,53.6291,640.08,False,62.8,34.99,0.33,,807.72,4261,False,0
7194,3dd6ae,DHBNY,Germany,1790931237.0,1790931237,10.7578,52.4492,1691.64,False,59.65,345.0,2.6,,1905.0,7770,False,0
7195,800cb9,AIC4TU,India,1790931097.0,1790931097,77.1216,28.5387,320.04,False,64.13,283.92,-2.93,,365.76,,False,0
7196,7c7bd1,VOZ1536,Australia,1790931183.0,1790931183,151.1748,-33.9365,,True,2.57,261.56,,,,,False,0
7197,800cc3,IGO7443,India,1790931057.0,1790931068,77.136,28.5694,342.9,False,55.06,271.07,-2.6,,342.9,,False,0
7198,7c7bce,VOZ691,Australia,1790931237.0,1790931237,116.5035,-31.924,2506.98,False,145.57,300.82,-6.83,,2606.04,4050,False,0
7199,009097,ZTRFU,South Africa,1790931237.0,1790931237,28.045,-25.7945,1424.94,False,42.7,148.8,1.95,,1584.96,,False,0
7200,800cc7,AIC2388,India,1790931237.0,1790931237,84.2576,24.1759,10668.0,False,238.72,124.37,0.0,,11353.8,6352,False,0
7201,86e7e6,JAL69,Japan,1790931237.0,1790931237,137.3367,34.8139,10972.8,False,219.79,251.01,0.0,,11635.74,3616,False,0
7202,0c200c,CMP183,Panama,1790931122.0,1790931122,-88.2905,13.5332,10652.76,False,226.8,118.89,0.0,,11369.04,4745,False,0
7203,4b17f8,SWR,Switzerland,1790931174.0,1790931174,8.5614,47.4416,,True,0.0,244.69,,,,2000,False,0
7204,7c7bcc,VOZ1109,Australia,1790931237.0,1790931237,152.9713,-29.692,8831.58,False,187.6,17.39,0.0,,9273.54,,False,0
7205,4b17f9,SWR477L,Switzerland,1790931181.0,1790931181,8.5515,47.4635,,True,0.0,5.62,,,,1000,False,0
7206,800cbb,LLR514,India,1790931236.0,1790931236,77.9905,12.263,3947.16,False,97.97,349.1,3.25,,4183.38,,False,0
7207,0c2011,WWP902,Panama,1790931236.0,1790931236,-89.4604,13.1646,10972.8,False,217.93,292.63,-0.33,,11696.7,0161,False,0
7208,7c7bc6,VOZ542,Australia,1790931237.0,1790931237,153.6176,-28.1919,1981.2,False,151.74,155.78,13.0,,2164.08,,False,0
7209,a1d546,UAL126,United States,1790931236.0,1790931236,-13.5761,51.7668,10668.0,False,275.82,105.36,0.0,,10805.16,,False,0
7210,a6b0bd,DAL452,United States,1790931237.0,1790931237,-85.9876,42.8436,10066.02,False,278.35,105.65,0.33,,10469.88,,False,0
7211,0d0fde,VOI1813,Mexico,1790931236.0,1790931236,-119.4335,36.242,10668.0,False,243.93,160.15,0.0,,11269.98,3315,False,0
7212,0d0ff1,VTM527,Mexico,1790931237.0,1790931237,-81.851,40.8847,9433.56,False,262.68,53.04,0.33,,9936.48,2415,False,0
7213,ab8553,UAL3924,United States,1790931236.0,1790931236,-96.0853,37.0412,11582.4,False,216.86,300.82,0.0,,12161.52,1050,False,0
7214,4082f3,NJU736V,United Kingdom,1790931236.0,1790931236,-3.1856,56.4474,2346.96,False,99.07,265.53,23.08,,2438.4,2160,False,0
7215,4b17e3,SWR500V,Switzerland,1790931237.0,1790931237,15.6854,53.1522,9144.0,False,213.62,234.01,0.0,,9532.62,,False,0
7216,4b17e6,SWR2CY,Switzerland,1790931237.0,1790931237,7.7759,47.0469,9151.62,False,231.88,51.76,0.0,,9578.34,1000,False,0
7217,7c7c9c,VOZ978,Australia,1790931237.0,1790931237,151.1156,-31.6029,8534.4,False,193.47,209.29,0.0,,8945.88,1024,False,0
7218,a60bcb,UAL2243,United States,1790930994.0,1790930994,-87.9018,41.9868,,True,8.75,90.0,,,,2534,False,0
7219,a5fef9,OAE2401,United States,1790931237.0,1790931237,-161.356,59.6175,11277.6,False,254.78,72.37,-0.33,,11033.76,,False,0
7220,4b17fb,SWR41D,Switzerland,1790931237.0,1790931237,8.5567,47.4662,,True,20.06,163.12,,,,1000,False,0
7221,4b17fd,SWR2GE,Switzerland,1790931237.0,1790931237,8.1933,47.6434,1676.4,False,111.98,81.01,-0.98,,1905.0,1000,False,0
7222,4b17ff,SWR9YD,Switzerland,1790931236.0,1790931236,11.6538,47.5846,9753.6,False,179.69,280.89,0.33,,10187.94,1000,False,0
7223,39d500,FHVIA,France,1790931237.0,1790931237,-0.0487,49.3333,723.9,False,38.08,218.42,0.33,,937.26,,False,0
7224,3481c3,OAR2IX,Spain,1790931237.0,1790931237,-3.9653,36.8043,1188.72,False,50.26,292.89,0.65,,1356.36,,False,0
7225,05808b,AFG316,Malawi,1790931234.0,1790931234,74.9671,30.9808,9753.6,False,209.66,316.99,-0.33,,10256.52,,False,0
7226,4a81f8,SVF680,Sweden,1790931236.0,1790931236,31.9142,54.7094,13114.02,False,27.9,84.71,0.0,,12153.9,4303,False,0
7227,4a81f4,SVF676,Sweden,1790931236.0,1790931236,16.6,58.7768,7315.2,False,109.03,214.81,-0.33,,7604.76,1000,False,0
7228,a0b59d,DAL2866,United States,1790931236.0,1790931236,-93.2288,44.8649,,True,0.06,357.19,,,,,False,0
7229,7c7c98,VOZ618,Australia,1790931237.0,1790931237,149.2095,-21.2102,617.22,False,90.17,146.4,9.43,,769.62,,False,0
7230,44b692,OOMTR,Belgium,1790931237.0,1790931237,5.2401,50.789,144.78,False,35.65,315.0,-3.58,,358.14,7000,False,0
7231,800cfb,IGO7006,India,1790931237.0,1790931237,77.3311,12.2452,5181.6,False,122.28,22.25,0.0,,5494.02,,False,0
7232,ad5c30,ASA22,United States,1790931237.0,1790931237,-94.555,44.6064,10668.0,False,260.64,107.58,0.0,,10965.18,,False,0
7233,398555,FHBKV,France,1790930997.0,1790930997,-1.0661,43.5396,358.14,False,58.66,311.8,0.65,,502.92,,False,0
7234,aa7864,FDX1562,United States,1790931237.0,1790931237,-85.1008,37.2346,9220.2,False,268.25,60.09,-7.48,,9768.84,5671,False,0
7235,abd3cf,DAL23,United States,1790931052.0,1790931052,2.8788,58.5253,10972.8,False,245.99,316.53,0.0,,11117.58,6666,False,0
7236,401b33,GILZZ,United Kingdom,1790931237.0,1790931237,-3.3861,51.3529,91.44,False,53.78,255.03,-1.3,,304.8,,False,0
7237,44b662,OSPREY4,Belgium,1790931232.0,1790931232,15.1354,36.3166,1112.52,False,62.9,254.83,0.0,,1287.78,2161,False,0
7238,398561,AFR69MP,France,1790931237.0,1790931237,2.6982,48.9293,3962.4,False,152.26,265.35,0.0,,4221.48,5715,False,0
7239,398562,AFR32JU,France,1790931237.0,1790931237,6.5819,50.7634,4892.04,False,203.45,30.72,-9.1,,5158.74,1000,False,0
7240,398567,AFR15YD,France,1790931236.0,1790931236,4.3285,49.5171,7894.32,False,204.8,261.77,-5.2,,8260.08,1000,False,0
7241,a8180d,UPS11,United States,1790931227.0,1790931229,81.9366,26.7221,10363.2,False,247.79,295.98,0.0,,11010.9,,False,0
7242,398568,AFR45PP,France,1790931237.0,1790931237,3.4013,46.2117,4236.72,False,182.05,17.77,4.23,,4526.28,,False,0
7243,398563,AFR37RG,France,1790931236.0,1790931237,2.8171,42.4224,11026.14,False,223.29,183.96,-5.2,,11498.58,1000,False,0
7244,398564,KLM81Y,France,1790931237.0,1790931237,-0.8395,47.855,5402.58,False,183.15,217.35,-8.78,,5715.0,1000,False,0
7245,398566,AFR68PA,France,1790931236.0,1790931236,0.116,44.9581,8534.4,False,232.36,6.23,-0.33,,8945.88,1000,False,0
7246,47bfb3,NOZ1151,Norway,1790931236.0,1790931237,9.6071,58.8351,9441.18,False,255.86,11.13,-5.2,,9730.74,3742,False,0
7247,4caa57,RYR7838,Ireland,1790931237.0,1790931237,14.636,47.8305,3291.84,False,181.67,346.24,-7.15,,3573.78,1000,False,0
7248,4caa58,RYR5RW,Ireland,1790931237.0,1790931237,10.3956,44.7538,8534.4,False,235.36,138.19,7.48,,8945.88,1000,False,0
7249,4caa53,EAI91LB,Ireland,1790931131.0,1790931131,-6.2394,53.4309,,True,0.45,151.88,,,,6461,False,0
7250,4caa55,EAI31M,Ireland,1790931237.0,1790931237,-3.9729,52.0531,4267.2,False,128.92,298.61,-0.33,,4465.32,3773,False,0
7251,44b674,OOMST,Belgium,1790931237.0,1790931237,4.9037,50.9155,2133.6,False,143.88,100.51,0.0,,2346.96,1000,False,0
7252,04c390,JMA8700,Kenya,1790931235.0,1790931236,35.5962,-0.2478,6286.5,False,178.0,310.78,-6.18,,6697.98,,False,0
7253,451cc1,ASL39W,Bulgaria,1790931237.0,1790931237,9.3641,48.9226,11277.6,False,239.5,116.95,-0.33,,11696.7,0115,False,0
7254,04c387,5YPPL,Kenya,1790931236.0,1790931236,36.7595,-1.3713,1897.38,False,49.49,249.3,1.3,,1988.82,,False,0
7255,7c4811,JST049,Australia,1790931236.0,1790931237,140.0962,-34.1978,9144.0,False,213.27,316.76,0.0,,9288.78,1306,False,0
7256,04c376,JBW714,Kenya,1790931029.0,1790931029,36.9179,-1.3265,1516.38,False,75.23,54.46,-2.6,,1607.82,,False,0
7257,398544,FMY8765,France,1790931226.0,1790931226,-0.7822,43.2943,342.9,False,42.18,60.0,0.0,,518.16,,False,0
7258,a6d83c,DAL810,United States,1790931237.0,1790931237,-92.4563,45.4725,9448.8,False,266.34,105.46,0.0,,9707.88,,False,0
7259,458666,CAT328,Denmark,1790931237.0,1790931237,26.179,39.2626,3764.28,False,192.75,279.06,11.05,,3893.82,6456,False,0
7260,c00734,WJA618,Canada,1790931237.0,1790931237,-77.8006,46.1963,8816.34,False,233.09,117.47,-8.78,,9052.56,3341,False,0
